candidate_id,machine_id,shopify_handle,brand,model,field_name,current_value,proposed_value,source_type,source_url,source_priority,confidence,evidence_text,status,conflict_reason
enr_275c41a0995c26811f1b6c94,mdl_john_deere_323e,john-deere-323e,John Deere,323E,machine_type,Skid Steer,Compact Track Loader,oem,https://www.deere.com/en/loaders/compact-track-loaders/323e/,1,0.980,OEM product page lists 323E as Compact Track Loader,conflict,Protected machine_type from navigation_source=track_finder_v1
enr_78124384601d59adeca6fe68,mdl_jcb_3ts_8t,jcb-3ts-8t,JCB,3TS-8T,canonical_model_group,JCB 3TS-8T,JCB 3TS 8T,track_finder,/pages/equipment-model/jcb-3ts-8t,4,0.880,Track Finder model family label,conflict,Protected canonical_model_group from navigation_source=track_finder_v1
enr_80844bc61310c395d21f8685,mdl_kubota_svl75_2,kubota-svl75-2,Kubota,SVL75-2,canonical_model_group,Kubota SVL75,Kubota SVL75-2,track_finder,/pages/equipment-model/kubota-svl75-2,4,0.880,Track Finder model family label,conflict,Protected canonical_model_group from navigation_source=track_finder_v1
enr_c2cd16c47dc6dab222bcc8f0,mdl_kubota_svl75_3,kubota-svl75-3,Kubota,SVL75-3,canonical_model_group,Kubota SVL75,Kubota SVL75-3,track_finder,/pages/equipment-model/kubota-svl75-3,4,0.880,Track Finder model family label,conflict,Protected canonical_model_group from navigation_source=track_finder_v1
enr_ec4d1944e348816b2c4f2852,mdl_kubota_svl75c,kubota-svl75c,Kubota,SVL75C,canonical_model_group,Kubota SVL75,Kubota SVL75C,track_finder,/pages/equipment-model/kubota-svl75c,4,0.880,Track Finder model family label,conflict,Protected canonical_model_group from navigation_source=track_finder_v1
enr_72df5d8cf0fd14ac73d3d45f,mdl_kubota_svl90_2,kubota-svl90-2,Kubota,SVL90-2,canonical_model_group,Kubota SVL90,Kubota SVL90-2,track_finder,/pages/equipment-model/kubota-svl90-2,4,0.880,Track Finder model family label,conflict,Protected canonical_model_group from navigation_source=track_finder_v1
enr_5995164ee4763adfa81e0b36,mdl_kubota_svl97_2,kubota-svl97-2,Kubota,SVL97-2,canonical_model_group,Kubota SVL97,Kubota SVL97-2,track_finder,/pages/equipment-model/kubota-svl97-2,4,0.880,Track Finder model family label,conflict,Protected canonical_model_group from navigation_source=track_finder_v1
enr_a086538fcd37846379d8140e,mdl_kubota_svl97_3,kubota-svl97-3,Kubota,SVL97-3,canonical_model_group,Kubota SVL97,Kubota SVL97-3,track_finder,/pages/equipment-model/kubota-svl97-3,4,0.880,Track Finder model family label,conflict,Protected canonical_model_group from navigation_source=track_finder_v1
enr_a0de8f6dda6e20de9ce3eb95,mdl_komatsu_ck30_1,komatsu-ck30-1,Komatsu,CK30-1,canonical_model_group,Komatsu CK30-1,Komatsu CK301,track_finder,/pages/equipment-model/komatsu-ck30-1,4,0.880,Track Finder model family label,conflict,Protected canonical_model_group from navigation_source=track_finder_v1
enr_87587ea62f2d1ca24827cadd,mdl_komatsu_ck35_1,komatsu-ck35-1,Komatsu,CK35-1,canonical_model_group,Komatsu CK35-1,Komatsu CK351,track_finder,/pages/equipment-model/komatsu-ck35-1,4,0.880,Track Finder model family label,conflict,Protected canonical_model_group from navigation_source=track_finder_v1
enr_c1c7678f1bb76fe360a8f055,mdl_mustang_1750_rt,mustang-1750-rt,Mustang,1750 RT,canonical_model_group,Mustang 1750 RT,Mustang 1750RT,track_finder,/pages/equipment-model/mustang-1750-rt,4,0.880,Track Finder model family label,conflict,Protected canonical_model_group from navigation_source=track_finder_v1
enr_42a21b2ab4a7613514dbacd6,mdl_manitou_mx65,manitou-mx65,Manitou,MX65,canonical_model_group,Manitou MX65,Manitou MX 65,track_finder,/pages/equipment-model/manitou-mx65,4,0.880,Track Finder model family label,conflict,Protected canonical_model_group from navigation_source=track_finder_v1
enr_0e7d8d805851f6fd0f4b3c64,mdl_yanmar_t_210,yanmar-t210,Yanmar,T-210,canonical_model_group,Yanmar T-210,Yanmar T210,track_finder,/pages/equipment-model/yanmar-t210,4,0.880,Track Finder model family label,conflict,Protected canonical_model_group from navigation_source=track_finder_v1
enr_546929c0455ffaa3410f594a,mdl_cat_239d,caterpillar-239d,CAT,239D,canonical_model_group,CAT 239D,Caterpillar 239D,track_finder,/pages/equipment-model/caterpillar-239d,4,0.880,Track Finder model family label,conflict,Protected canonical_model_group from navigation_source=track_finder_v1
enr_54278c20c252b0c96b900052,mdl_cat_239d3,caterpillar-239d3,CAT,239D3,canonical_model_group,CAT 239D3,Caterpillar 239D3,track_finder,/pages/equipment-model/caterpillar-239d3,4,0.880,Track Finder model family label,conflict,Protected canonical_model_group from navigation_source=track_finder_v1
enr_538b48469f017f7fb60af983,mdl_cat_2493,caterpillar-2493,CAT,2493,canonical_model_group,CAT 2493,Caterpillar 2493,track_finder,/pages/equipment-model/caterpillar-2493,4,0.880,Track Finder model family label,conflict,Protected canonical_model_group from navigation_source=track_finder_v1
enr_a38ab5880b8773126bc57e4f,mdl_cat_249d,caterpillar-249d,CAT,249D,canonical_model_group,CAT 249D,Caterpillar 249D,track_finder,/pages/equipment-model/caterpillar-249d,4,0.880,Track Finder model family label,conflict,Protected canonical_model_group from navigation_source=track_finder_v1
enr_3134b6a1b5abda5ec771e179,mdl_cat_249d3,caterpillar-249d3,CAT,249D3,canonical_model_group,CAT 249D3,Caterpillar 249D3,track_finder,/pages/equipment-model/caterpillar-249d3,4,0.880,Track Finder model family label,conflict,Protected canonical_model_group from navigation_source=track_finder_v1
enr_a85d3834bd78305759d31f85,mdl_cat_255,caterpillar-255,CAT,255,canonical_model_group,CAT 255,Caterpillar 255,track_finder,/pages/equipment-model/caterpillar-255,4,0.880,Track Finder model family label,conflict,Protected canonical_model_group from navigation_source=track_finder_v1
enr_9a5f823314ef8b40ac9c303d,mdl_cat_259b,caterpillar-259b,CAT,259B,canonical_model_group,CAT 259B,Caterpillar 259B,track_finder,/pages/equipment-model/caterpillar-259b,4,0.880,Track Finder model family label,conflict,Protected canonical_model_group from navigation_source=track_finder_v1
enr_22f8db2917580162599a764f,mdl_cat_259b3,caterpillar-259b3,CAT,259B3,canonical_model_group,CAT 259B3,Caterpillar 259B3,track_finder,/pages/equipment-model/caterpillar-259b3,4,0.880,Track Finder model family label,conflict,Protected canonical_model_group from navigation_source=track_finder_v1
enr_905b0060da94b0d84a804433,mdl_cat_259d,caterpillar-259d,CAT,259D,canonical_model_group,CAT 259D,Caterpillar 259D,track_finder,/pages/equipment-model/caterpillar-259d,4,0.880,Track Finder model family label,conflict,Protected canonical_model_group from navigation_source=track_finder_v1
enr_f0855eca6ffbdec575cd69dd,mdl_cat_259d3,caterpillar-259d3,CAT,259D3,canonical_model_group,CAT 259D3,Caterpillar 259D3,track_finder,/pages/equipment-model/caterpillar-259d3,4,0.880,Track Finder model family label,conflict,Protected canonical_model_group from navigation_source=track_finder_v1
enr_acb656d0054859636f64b0bf,mdl_cat_265,caterpillar-265,CAT,265,canonical_model_group,CAT 265,Caterpillar 265,track_finder,/pages/equipment-model/caterpillar-265,4,0.880,Track Finder model family label,conflict,Protected canonical_model_group from navigation_source=track_finder_v1
enr_871894255232015fd97da37c,mdl_cat_279c,caterpillar-279c,CAT,279C,canonical_model_group,CAT 279C,Caterpillar 279C,track_finder,/pages/equipment-model/caterpillar-279c,4,0.880,Track Finder model family label,conflict,Protected canonical_model_group from navigation_source=track_finder_v1
enr_d1ca52a63ecb26f36e093ea7,mdl_cat_279c2,caterpillar-279c2,CAT,279C2,canonical_model_group,CAT 279C2,Caterpillar 279C2,track_finder,/pages/equipment-model/caterpillar-279c2,4,0.880,Track Finder model family label,conflict,Protected canonical_model_group from navigation_source=track_finder_v1
enr_e975984b978576802c2479f1,mdl_cat_279d,caterpillar-279d,CAT,279D,canonical_model_group,CAT 279D,Caterpillar 279D,track_finder,/pages/equipment-model/caterpillar-279d,4,0.880,Track Finder model family label,conflict,Protected canonical_model_group from navigation_source=track_finder_v1
enr_17617349985c4a63f37dace4,mdl_cat_279d3,caterpillar-279d3,CAT,279D3,canonical_model_group,CAT 279D3,Caterpillar 279D3,track_finder,/pages/equipment-model/caterpillar-279d3,4,0.880,Track Finder model family label,conflict,Protected canonical_model_group from navigation_source=track_finder_v1
enr_b7643ed43186221022010950,mdl_cat_289c,caterpillar-289c,CAT,289C,canonical_model_group,CAT 289C,Caterpillar 289C,track_finder,/pages/equipment-model/caterpillar-289c,4,0.880,Track Finder model family label,conflict,Protected canonical_model_group from navigation_source=track_finder_v1
enr_6e06d46d99cd9e5d7dfd7619,mdl_cat_289c2,caterpillar-289c2,CAT,289C2,canonical_model_group,CAT 289C2,Caterpillar 289C2,track_finder,/pages/equipment-model/caterpillar-289c2,4,0.880,Track Finder model family label,conflict,Protected canonical_model_group from navigation_source=track_finder_v1
enr_7673fbb0ce7ccb7fa47ee832,mdl_cat_289d,caterpillar-289d,CAT,289D,canonical_model_group,CAT 289D,Caterpillar 289D,track_finder,/pages/equipment-model/caterpillar-289d,4,0.880,Track Finder model family label,conflict,Protected canonical_model_group from navigation_source=track_finder_v1
enr_24dd8cd00fd5fad3a320f900,mdl_cat_289d2,caterpillar-289d2,CAT,289D2,canonical_model_group,CAT 289D2,Caterpillar 289D2,track_finder,/pages/equipment-model/caterpillar-289d2,4,0.880,Track Finder model family label,conflict,Protected canonical_model_group from navigation_source=track_finder_v1
enr_66a3bbb652d6bd3d8fb04a98,mdl_cat_289d3,caterpillar-289d3,CAT,289D3,canonical_model_group,CAT 289D3,Caterpillar 289D3,track_finder,/pages/equipment-model/caterpillar-289d3,4,0.880,Track Finder model family label,conflict,Protected canonical_model_group from navigation_source=track_finder_v1
enr_43b78d2d1233194e9aaf7b57,mdl_cat_299c,caterpillar-299c,CAT,299C,canonical_model_group,CAT 299C,Caterpillar 299C,track_finder,/pages/equipment-model/caterpillar-299c,4,0.880,Track Finder model family label,conflict,Protected canonical_model_group from navigation_source=track_finder_v1
enr_ae06e221903446c9de7bdd72,mdl_cat_299d,caterpillar-299d,CAT,299D,canonical_model_group,CAT 299D,Caterpillar 299D,track_finder,/pages/equipment-model/caterpillar-299d,4,0.880,Track Finder model family label,conflict,Protected canonical_model_group from navigation_source=track_finder_v1
enr_5590b9b8f06c03ac2917a817,mdl_cat_299d2,caterpillar-299d2,CAT,299D2,canonical_model_group,CAT 299D2,Caterpillar 299D2,track_finder,/pages/equipment-model/caterpillar-299d2,4,0.880,Track Finder model family label,conflict,Protected canonical_model_group from navigation_source=track_finder_v1
enr_848bf2f80beb293bae5f19ca,mdl_cat_299d3,caterpillar-299d3,CAT,299D3,canonical_model_group,CAT 299D3,Caterpillar 299D3,track_finder,/pages/equipment-model/caterpillar-299d3,4,0.880,Track Finder model family label,conflict,Protected canonical_model_group from navigation_source=track_finder_v1
enr_135dd04e3777d0af631e5af7,mdl_cat_299d_xhp,caterpillar-299d-xhp,CAT,299D XHP,canonical_model_group,CAT 299D XHP,Caterpillar 299DXHP,track_finder,/pages/equipment-model/caterpillar-299d-xhp,4,0.880,Track Finder model family label,conflict,Protected canonical_model_group from navigation_source=track_finder_v1
enr_2352fbe5fa80572027d4ba4e,mdl_case_cx14_zts,case-cx14-zts,Case,CX14-ZTS,canonical_model_group,Case CX14-ZTS,Case CX14ZTS,track_finder,/pages/equipment-model/case-cx14-zts,4,0.880,Track Finder model family label,conflict,Protected canonical_model_group from navigation_source=track_finder_v1
enr_c5049f5bbbd01cd2dfa29f10,mdl_case_cx16_2001,case-cx16-2001,Case,CX16-2001,canonical_model_group,Case CX16-2001,Case CX162001,track_finder,/pages/equipment-model/case-cx16-2001,4,0.880,Track Finder model family label,conflict,Protected canonical_model_group from navigation_source=track_finder_v1
enr_d4c6953307a0489cd17305e8,mdl_boxer_brute_trx,boxer-brute-trx,Boxer,BRUTE TRX,canonical_model_group,Boxer BRUTE TRX,Boxer Brute TRX,track_finder,/pages/equipment-model/boxer-brute-trx,4,0.880,Track Finder model family label,conflict,Protected canonical_model_group from navigation_source=track_finder_v1
enr_c45c716eaed0af8bfdfb0b37,mdl_daewoo_solar_018vt,daewoo-solar-018vt,Daewoo,SOLAR-018VT,canonical_model_group,Daewoo SOLAR-018VT,Daewoo SOLAR018VT,track_finder,/pages/equipment-model/daewoo-solar-018vt,4,0.880,Track Finder model family label,conflict,Protected canonical_model_group from navigation_source=track_finder_v1
enr_4b180bb8a5cb82ee301681db,mdl_ditch_witch_jt2520,ditch-witch-jt-2520-drilling-machine,Ditch Witch,JT2520,canonical_model_group,Ditch Witch JT2520,Ditch Witch JT 2520,track_finder,/pages/equipment-model/ditch-witch-jt-2520-drilling-machine,4,0.880,Track Finder model family label,conflict,Protected canonical_model_group from navigation_source=track_finder_v1
enr_fda6876ed5b325a0478aa0fd,mdl_ditch_witch_jt2720,ditch-witch-jt-2720-mach-1-drilling-machine,Ditch Witch,JT2720,canonical_model_group,Ditch Witch JT2720,Ditch Witch JT 2720,track_finder,/pages/equipment-model/ditch-witch-jt-2720-mach-1-drilling-machine,4,0.880,Track Finder model family label,conflict,Protected canonical_model_group from navigation_source=track_finder_v1
enr_ecedf5345a1d3189cb4107e1,mdl_ditch_witch_jt860,ditch-witch-jt-860-drilling-machine,Ditch Witch,JT860,canonical_model_group,Ditch Witch JT860,Ditch Witch JT 860,track_finder,/pages/equipment-model/ditch-witch-jt-860-drilling-machine,4,0.880,Track Finder model family label,conflict,Protected canonical_model_group from navigation_source=track_finder_v1
enr_6edd97abfacb8a7c9d39b8ca,mdl_ditch_witch_jt922,ditch-witch-jt-922,Ditch Witch,JT922,canonical_model_group,Ditch Witch JT922,Ditch Witch JT 922,track_finder,/pages/equipment-model/ditch-witch-jt-922,4,0.880,Track Finder model family label,conflict,Protected canonical_model_group from navigation_source=track_finder_v1
enr_a4136e6297db2fc0d9fbd38e,mdl_ditch_witch_mx182,ditch-witch-mx182,Ditch Witch,MX182,canonical_model_group,Ditch Witch MX182,Ditch Witch MX 182,track_finder,/pages/equipment-model/ditch-witch-mx182,4,0.880,Track Finder model family label,conflict,Protected canonical_model_group from navigation_source=track_finder_v1
enr_32d36c55ce6658be7ca40e53,mdl_ditch_witch_mx_352,ditch-witch-mx352,Ditch Witch,MX-352,canonical_model_group,Ditch Witch MX-352,Ditch Witch MX352,track_finder,/pages/equipment-model/ditch-witch-mx352,4,0.880,Track Finder model family label,conflict,Protected canonical_model_group from navigation_source=track_finder_v1
enr_0f6e6afe3dbb7b534c009604,mdl_ditch_witch_sk1550,ditch-witch-sk-1550,Ditch Witch,SK1550,canonical_model_group,Ditch Witch SK1550,Ditch Witch SK 1550,track_finder,/pages/equipment-model/ditch-witch-sk-1550,4,0.880,Track Finder model family label,conflict,Protected canonical_model_group from navigation_source=track_finder_v1
enr_391869427fe0619ef50fe16b,mdl_ditch_witch_sk600,ditch-witch-sk-600,Ditch Witch,SK600,canonical_model_group,Ditch Witch SK600,Ditch Witch SK 600,track_finder,/pages/equipment-model/ditch-witch-sk-600,4,0.880,Track Finder model family label,conflict,Protected canonical_model_group from navigation_source=track_finder_v1
enr_2d6f37a14524fe39af751515,mdl_ditch_witch_sk650,ditch-witch-sk-650,Ditch Witch,SK650,canonical_model_group,Ditch Witch SK650,Ditch Witch SK 650,track_finder,/pages/equipment-model/ditch-witch-sk-650,4,0.880,Track Finder model family label,conflict,Protected canonical_model_group from navigation_source=track_finder_v1
enr_03828832789058ee6a71aa38,mdl_hyundai_r35z9,hyundai-r-35-z-9,Hyundai,R35Z9,canonical_model_group,Hyundai R35Z9,Hyundai R35Z-9,track_finder,/pages/equipment-model/hyundai-r-35-z-9,4,0.880,Track Finder model family label,conflict,Protected canonical_model_group from navigation_source=track_finder_v1
enr_d0a45c2b4d7b2c9c706adc86,mdl_hyundai_r553,hyundai-r55-3,Hyundai,R553,canonical_model_group,Hyundai R553,Hyundai R55-3,track_finder,/pages/equipment-model/hyundai-r55-3,4,0.880,Track Finder model family label,conflict,Protected canonical_model_group from navigation_source=track_finder_v1
enr_275155a97691cd8eed8f6f03,mdl_hyundai_r557,hyundai-r55-7,Hyundai,R557,canonical_model_group,Hyundai R557,Hyundai R55-7,track_finder,/pages/equipment-model/hyundai-r55-7,4,0.880,Track Finder model family label,conflict,Protected canonical_model_group from navigation_source=track_finder_v1
enr_3b1e8de9026aa4c95bb5d1a8,mdl_hyundai_r559,hyundai-r55-9,Hyundai,R559,canonical_model_group,Hyundai R559,Hyundai R55-9,track_finder,/pages/equipment-model/hyundai-r55-9,4,0.880,Track Finder model family label,conflict,Protected canonical_model_group from navigation_source=track_finder_v1
enr_9386ab8383f8ca0315b30444,mdl_hyundai_r60cr9,hyundai-r60cr-9,Hyundai,R60CR9,canonical_model_group,Hyundai R60CR9,Hyundai R60CR-9,track_finder,/pages/equipment-model/hyundai-r60cr-9,4,0.880,Track Finder model family label,conflict,Protected canonical_model_group from navigation_source=track_finder_v1
enr_4bd4b163901ac4a020b54aae,mdl_hyundai_r60cr9a,hyundai-r60cr-9a,Hyundai,R60CR9A,canonical_model_group,Hyundai R60CR9A,Hyundai R60CR-9A,track_finder,/pages/equipment-model/hyundai-r60cr-9a,4,0.880,Track Finder model family label,conflict,Protected canonical_model_group from navigation_source=track_finder_v1
enr_1666dbaddae0825f241d1ae6,mdl_hyundai_robex_17z_9a,hyundai-robex-17z-9a,Hyundai,ROBEX-17Z-9A,canonical_model_group,Hyundai ROBEX-17Z-9A,Hyundai Robex 17Z-9A,track_finder,/pages/equipment-model/hyundai-robex-17z-9a,4,0.880,Track Finder model family label,conflict,Protected canonical_model_group from navigation_source=track_finder_v1
enr_9bd6da11e461fcd8361049b9,mdl_hyundai_robex_27z_9,hyundai-robex-27z-9,Hyundai,ROBEX 27Z-9,canonical_model_group,Hyundai ROBEX 27Z-9,Hyundai Robex 27Z-9,track_finder,/pages/equipment-model/hyundai-robex-27z-9,4,0.880,Track Finder model family label,conflict,Protected canonical_model_group from navigation_source=track_finder_v1
enr_918b80b4085aeb428932fd77,mdl_hyundai_robex285,hyundai-robex-28-5,Hyundai,ROBEX285,canonical_model_group,Hyundai ROBEX285,Hyundai Robex 28-5,track_finder,/pages/equipment-model/hyundai-robex-28-5,4,0.880,Track Finder model family label,conflict,Protected canonical_model_group from navigation_source=track_finder_v1
enr_568c405171289ee1e4a5e932,mdl_hyundai_robex_30,hyundai-robex-30,Hyundai,ROBEX 30,canonical_model_group,Hyundai ROBEX 30,Hyundai Robex 30,track_finder,/pages/equipment-model/hyundai-robex-30,4,0.880,Track Finder model family label,conflict,Protected canonical_model_group from navigation_source=track_finder_v1
enr_27ea09bd18b5ba56caa1faf0,mdl_hyundai_robex30z9ak,hyundai-robex-30z-9ak,Hyundai,ROBEX30Z9AK,canonical_model_group,Hyundai ROBEX30Z9AK,Hyundai Robex 30Z-9AK,track_finder,/pages/equipment-model/hyundai-robex-30z-9ak,4,0.880,Track Finder model family label,conflict,Protected canonical_model_group from navigation_source=track_finder_v1
enr_d06727f18b364387a90d3380,mdl_hyundai_robex_35_5,hyundai-robex-35-5,Hyundai,ROBEX 35-5,canonical_model_group,Hyundai ROBEX 35-5,Hyundai Robex 35-5,track_finder,/pages/equipment-model/hyundai-robex-35-5,4,0.880,Track Finder model family label,conflict,Protected canonical_model_group from navigation_source=track_finder_v1
enr_db269a6983c83a59a18e5ab2,mdl_hyundai_robex_35_7,hyundai-robex-35-7,Hyundai,ROBEX 35-7,canonical_model_group,Hyundai ROBEX 35-7,Hyundai Robex 35-7,track_finder,/pages/equipment-model/hyundai-robex-35-7,4,0.880,Track Finder model family label,conflict,Protected canonical_model_group from navigation_source=track_finder_v1
enr_cb307435313bd53fde2d9115,mdl_hyundai_robex359,hyundai-robex-35-9,Hyundai,ROBEX359,canonical_model_group,Hyundai ROBEX359,Hyundai Robex 35-9,track_finder,/pages/equipment-model/hyundai-robex-35-9,4,0.880,Track Finder model family label,conflict,Protected canonical_model_group from navigation_source=track_finder_v1
enr_28faf417a752946480690046,mdl_hyundai_robex35z7a,hyundai-robex-35z-7a,Hyundai,ROBEX35Z7A,canonical_model_group,Hyundai ROBEX35Z7A,Hyundai Robex 35Z-7A,track_finder,/pages/equipment-model/hyundai-robex-35z-7a,4,0.880,Track Finder model family label,conflict,Protected canonical_model_group from navigation_source=track_finder_v1
enr_2ab2e5b2b41d22cddf1c4bce,mdl_hyundai_robex35z9ak,hyundai-robex-35z-9ak,Hyundai,ROBEX35Z9AK,canonical_model_group,Hyundai ROBEX35Z9AK,Hyundai Robex 35Z-9AK,track_finder,/pages/equipment-model/hyundai-robex-35z-9ak,4,0.880,Track Finder model family label,conflict,Protected canonical_model_group from navigation_source=track_finder_v1
enr_c642da480de839b96b214bb0,mdl_hyundai_robex_36_7,hyundai-robex-36-7,Hyundai,ROBEX 36-7,canonical_model_group,Hyundai ROBEX 36-7,Hyundai Robex 36-7,track_finder,/pages/equipment-model/hyundai-robex-36-7,4,0.880,Track Finder model family label,conflict,Protected canonical_model_group from navigation_source=track_finder_v1
enr_b07280bf558427bfd62b4b17,mdl_hyundai_robex553,hyundai-robex-55-3,Hyundai,ROBEX553,canonical_model_group,Hyundai ROBEX553,Hyundai Robex 55-3,track_finder,/pages/equipment-model/hyundai-robex-55-3,4,0.880,Track Finder model family label,conflict,Protected canonical_model_group from navigation_source=track_finder_v1
enr_6ad2ae7936f2a166802faf71,mdl_hyundai_robex557,hyundai-robex-55-7,Hyundai,ROBEX557,canonical_model_group,Hyundai ROBEX557,Hyundai Robex 55-7,track_finder,/pages/equipment-model/hyundai-robex-55-7,4,0.880,Track Finder model family label,conflict,Protected canonical_model_group from navigation_source=track_finder_v1
enr_8aea545be66a7951b15bbca9,mdl_hyundai_robex559,hyundai-robex-55-9,Hyundai,ROBEX559,canonical_model_group,Hyundai ROBEX559,Hyundai Robex 55-9,track_finder,/pages/equipment-model/hyundai-robex-55-9,4,0.880,Track Finder model family label,conflict,Protected canonical_model_group from navigation_source=track_finder_v1
enr_5aca6a1b0de2f3fd00248143,mdl_hyundai_robex559a,hyundai-robex-55-9a,Hyundai,ROBEX559A,canonical_model_group,Hyundai ROBEX559A,Hyundai Robex 55-9A,track_finder,/pages/equipment-model/hyundai-robex-55-9a,4,0.880,Track Finder model family label,conflict,Protected canonical_model_group from navigation_source=track_finder_v1
enr_322a1f09584a93acbaa1ecb7,mdl_hyundai_robex60cr9a,hyundai-robex-60cr-9a,Hyundai,ROBEX60CR9A,canonical_model_group,Hyundai ROBEX60CR9A,Hyundai Robex 60CR-9A,track_finder,/pages/equipment-model/hyundai-robex-60cr-9a,4,0.880,Track Finder model family label,conflict,Protected canonical_model_group from navigation_source=track_finder_v1
enr_0c262cb1e3ff1d5e98609e95,mdl_hyundai_robex75_7,hyundai-robex-75-7,Hyundai,ROBEX75-7,canonical_model_group,Hyundai ROBEX75-7,Hyundai Robex 75-7,track_finder,/pages/equipment-model/hyundai-robex-75-7,4,0.880,Track Finder model family label,conflict,Protected canonical_model_group from navigation_source=track_finder_v1
enr_90a24cd1cede48a8d586059c,mdl_hyundai_robex807,hyundai-robex-80-7,Hyundai,ROBEX807,canonical_model_group,Hyundai ROBEX807,Hyundai Robex 80-7,track_finder,/pages/equipment-model/hyundai-robex-80-7,4,0.880,Track Finder model family label,conflict,Protected canonical_model_group from navigation_source=track_finder_v1
enr_606d5ce1aaad9b1ded27ba0a,mdl_hyundai_robex80cr9,hyundai-robex-80cr-9,Hyundai,ROBEX80CR9,canonical_model_group,Hyundai ROBEX80CR9,Hyundai Robex 80CR-9,track_finder,/pages/equipment-model/hyundai-robex-80cr-9,4,0.880,Track Finder model family label,conflict,Protected canonical_model_group from navigation_source=track_finder_v1
enr_8608c2d4121038fffc5771fe,mdl_hyundai_robexr60cr9,hyundai-robex-r60-cr-9,Hyundai,ROBEXR60CR9,canonical_model_group,Hyundai ROBEXR60CR9,Hyundai Robex R60CR-9,track_finder,/pages/equipment-model/hyundai-robex-r60-cr-9,4,0.880,Track Finder model family label,conflict,Protected canonical_model_group from navigation_source=track_finder_v1
enr_8633cf558e8b98c9923b1414,mdl_hyundai_robex35z7a,hyundai-robex-35z-7a,Hyundai,ROBEX35Z7A,canonical_model_group,Hyundai ROBEX35Z7A,Hyundai Robex35Z-7A,track_finder,/pages/equipment-model/hyundai-robex35z-7a,4,0.880,Track Finder model family label,conflict,Protected canonical_model_group from navigation_source=track_finder_v1
enr_0a18dd6136defbbcfe8cac8e,mdl_ihi_18_j,ihi-18-j,IHI,18-J,canonical_model_group,IHI 18-J,IHI 18J,track_finder,/pages/equipment-model/ihi-18-j,4,0.880,Track Finder model family label,conflict,Protected canonical_model_group from navigation_source=track_finder_v1
enr_203d156bfd187b04442778a0,mdl_jcb_16c_1,jcb-16c-1,JCB,16C-1,canonical_model_group,JCB 16C-1,JCB 16C 1,track_finder,/pages/equipment-model/jcb-16c-1,4,0.880,Track Finder model family label,conflict,Protected canonical_model_group from navigation_source=track_finder_v1
enr_df4d071166509aaf309a7b50,mdl_jcb_18z_1,jcb-18z-1,JCB,18Z-1,canonical_model_group,JCB 18Z-1,JCB 18Z 1,track_finder,/pages/equipment-model/jcb-18z-1,4,0.880,Track Finder model family label,conflict,Protected canonical_model_group from navigation_source=track_finder_v1
enr_668742fcb05e027a1706b214,mdl_jcb_19c_1,jcb-19c-1,JCB,19C-1,canonical_model_group,JCB 19C-1,JCB 19C 1,track_finder,/pages/equipment-model/jcb-19c-1,4,0.880,Track Finder model family label,conflict,Protected canonical_model_group from navigation_source=track_finder_v1
enr_43c19120f931a94b6eaa380f,mdl_jcb_8032zts,jcb-803-2-zts,JCB,8032ZTS,canonical_model_group,JCB 8032ZTS,JCB 803.2 ZTS,track_finder,/pages/equipment-model/jcb-803-2-zts,4,0.880,Track Finder model family label,conflict,Protected canonical_model_group from navigation_source=track_finder_v1
enr_16222caf2e1ff61f149ff4a5,mdl_jcb_8030_zts,jcb-8030zts,JCB,8030 ZTS,canonical_model_group,JCB 8030 ZTS,JCB 8030ZTS,track_finder,/pages/equipment-model/jcb-8030zts,4,0.880,Track Finder model family label,conflict,Protected canonical_model_group from navigation_source=track_finder_v1
enr_2eea05df6235342f817a7b6d,mdl_jcb_8035_zts,jcb-8035zts,JCB,8035 ZTS,canonical_model_group,JCB 8035 ZTS,JCB 8035ZTS,track_finder,/pages/equipment-model/jcb-8035zts,4,0.880,Track Finder model family label,conflict,Protected canonical_model_group from navigation_source=track_finder_v1
enr_08b6179f73a1e4a5d2d4a4d5,mdl_jcb_8052,jcb-805-2,JCB,8052,canonical_model_group,JCB 8052,JCB 805.2,track_finder,/pages/equipment-model/jcb-805-2,4,0.880,Track Finder model family label,conflict,Protected canonical_model_group from navigation_source=track_finder_v1
enr_b9903537f7bb2ccac10b8f66,mdl_jcb_8050_zts,jcb-8050zts,JCB,8050 ZTS,canonical_model_group,JCB 8050 ZTS,JCB 8050ZTS,track_finder,/pages/equipment-model/jcb-8050zts,4,0.880,Track Finder model family label,conflict,Protected canonical_model_group from navigation_source=track_finder_v1
enr_240c2f2a38a55fcc44a8902c,mdl_jcb_8080_zts,jcb-8080zts,JCB,8080 ZTS,canonical_model_group,JCB 8080 ZTS,JCB 8080ZTS,track_finder,/pages/equipment-model/jcb-8080zts,4,0.880,Track Finder model family label,conflict,Protected canonical_model_group from navigation_source=track_finder_v1
enr_8379170486a8faa4d5b796ad,mdl_jcb_85z_1,jcb-85z-1,JCB,85Z-1,canonical_model_group,JCB 85Z-1,JCB 85Z 1,track_finder,/pages/equipment-model/jcb-85z-1,4,0.880,Track Finder model family label,conflict,Protected canonical_model_group from navigation_source=track_finder_v1
enr_8025e80ad263c8bf529977bb,mdl_jcb_86c_1,jcb-86c-1,JCB,86C-1,canonical_model_group,JCB 86C-1,JCB 86C 1,track_finder,/pages/equipment-model/jcb-86c-1,4,0.880,Track Finder model family label,conflict,Protected canonical_model_group from navigation_source=track_finder_v1
enr_13068546b732539c2e6aa162,mdl_jcb_jz_70,jcb-jz-70,JCB,JZ 70,canonical_model_group,JCB JZ 70,JCB JZ-70,track_finder,/pages/equipment-model/jcb-jz-70,4,0.880,Track Finder model family label,conflict,Protected canonical_model_group from navigation_source=track_finder_v1
enr_0ccd366ac8de4fb4b87c0d9f,mdl_jcb_jz_70,jcb-jz-70,JCB,JZ 70,canonical_model_group,JCB JZ 70,JCB JZ70,track_finder,/pages/equipment-model/jcb-jz70,4,0.880,Track Finder model family label,conflict,Protected canonical_model_group from navigation_source=track_finder_v1
enr_ad2ea2e0a5499736be64d3df,mdl_komatsu_pc18mr_2,komatsu-pc18mr-2,Komatsu,PC18MR-2,canonical_model_group,Komatsu PC18MR-2,Komatsu PC18MR2,track_finder,/pages/equipment-model/komatsu-pc18mr-2,4,0.880,Track Finder model family label,conflict,Protected canonical_model_group from navigation_source=track_finder_v1
enr_78c20083a63e51b783e723ba,mdl_komatsu_pc18mr_3,komatsu-pc18mr-3,Komatsu,PC18MR-3,canonical_model_group,Komatsu PC18MR-3,Komatsu PC18MR3,track_finder,/pages/equipment-model/komatsu-pc18mr-3,4,0.880,Track Finder model family label,conflict,Protected canonical_model_group from navigation_source=track_finder_v1
enr_9a86be7b0d678e7c21d3a225,mdl_komatsu_pc30mr3,komatsu-pc30mr-3,Komatsu,PC30MR3,canonical_model_group,Komatsu PC30MR3,Komatsu PC30MR-3,track_finder,/pages/equipment-model/komatsu-pc30mr-3,4,0.880,Track Finder model family label,conflict,Protected canonical_model_group from navigation_source=track_finder_v1
enr_86c7640a3ca9e22c487ebd80,mdl_komatsu_pc_30_mr_5,komatsu-pc30mr-5,Komatsu,PC-30-MR-5,canonical_model_group,Komatsu PC-30-MR-5,Komatsu PC30MR-5,track_finder,/pages/equipment-model/komatsu-pc30mr-5,4,0.880,Track Finder model family label,conflict,Protected canonical_model_group from navigation_source=track_finder_v1
enr_90f8bde0d2d1a70cbc35c856,mdl_komatsu_pc35mr3,komatsu-pc35mr-3,Komatsu,PC35MR3,canonical_model_group,Komatsu PC35MR3,Komatsu PC35MR-3,track_finder,/pages/equipment-model/komatsu-pc35mr-3,4,0.880,Track Finder model family label,conflict,Protected canonical_model_group from navigation_source=track_finder_v1
enr_a1a6908c75cc807e1014737a,mdl_komatsu_pc_35_mr_5,komatsu-pc35mr-5,Komatsu,PC-35-MR-5,canonical_model_group,Komatsu PC-35-MR-5,Komatsu PC35MR-5,track_finder,/pages/equipment-model/komatsu-pc35mr-5,4,0.880,Track Finder model family label,conflict,Protected canonical_model_group from navigation_source=track_finder_v1
enr_b388374132faa8cdad91a69d,mdl_kubota_kx018_4,kubota-kx018-4,Kubota,KX018-4,canonical_model_group,Kubota KX018,Kubota KX018-4,track_finder,/pages/equipment-model/kubota-kx018-4,4,0.880,Track Finder model family label,conflict,Protected canonical_model_group from navigation_source=track_finder_v1
enr_3be305797c0d7c338ffaf44b,mdl_kubota_kx033_4,kubota-kx033-4,Kubota,KX033-4,canonical_model_group,Kubota KX033,Kubota KX033-4,track_finder,/pages/equipment-model/kubota-kx033-4,4,0.880,Track Finder model family label,conflict,Protected canonical_model_group from navigation_source=track_finder_v1
enr_1ccc394afa271f5bac17e4de,mdl_kubota_kx040_4,kubota-kx040-4,Kubota,KX040-4,canonical_model_group,Kubota KX040,Kubota KX040-4,track_finder,/pages/equipment-model/kubota-kx040-4,4,0.880,Track Finder model family label,conflict,Protected canonical_model_group from navigation_source=track_finder_v1
enr_24d03463e3656390c7b26b9a,mdl_kubota_kx_040_5,kubota-kx040-5,Kubota,KX-040-5,canonical_model_group,Kubota KX040,Kubota KX040-5,track_finder,/pages/equipment-model/kubota-kx040-5,4,0.880,Track Finder model family label,conflict,Protected canonical_model_group from navigation_source=track_finder_v1
enr_bb753aa9e3023a16c0e1e9ac,mdl_kubota_kx057_4,kubota-kx057-4,Kubota,KX057-4,canonical_model_group,Kubota KX057,Kubota KX057-4,track_finder,/pages/equipment-model/kubota-kx057-4,4,0.880,Track Finder model family label,conflict,Protected canonical_model_group from navigation_source=track_finder_v1
enr_b0c350af6b2f80d0599bbeb9,mdl_kubota_kx057_5,kubota-kx057-5,Kubota,KX057-5,canonical_model_group,Kubota KX057,Kubota KX057-5,track_finder,/pages/equipment-model/kubota-kx057-5,4,0.880,Track Finder model family label,conflict,Protected canonical_model_group from navigation_source=track_finder_v1
enr_688f3850faf23772f5afbde3,mdl_kubota_kx121_2,kubota-kx121-2,Kubota,KX121-2,canonical_model_group,Kubota KX121,Kubota KX121-2,track_finder,/pages/equipment-model/kubota-kx121-2,4,0.880,Track Finder model family label,conflict,Protected canonical_model_group from navigation_source=track_finder_v1
enr_855f6d01310bf3b152caf17a,mdl_kubota_kx121_2s,kubota-kx-121-2s,Kubota,KX121-2S,canonical_model_group,Kubota KX121,Kubota KX121-2S,track_finder,/pages/equipment-model/kubota-kx-121-2s,4,0.880,Track Finder model family label,conflict,Protected canonical_model_group from navigation_source=track_finder_v1
enr_c1f7e395cd04b7ff0027e3f9,mdl_kubota_kx121_3,kubota-kx121-3,Kubota,KX121-3,canonical_model_group,Kubota KX121,Kubota KX121-3,track_finder,/pages/equipment-model/kubota-kx121-3,4,0.880,Track Finder model family label,conflict,Protected canonical_model_group from navigation_source=track_finder_v1
enr_fc24baf51fab965d04744866,mdl_kubota_u_15_3,kubota-u-15-3,Kubota,U-15-3,canonical_model_group,Kubota U-15-3,Kubota U15-3,track_finder,/pages/equipment-model/kubota-u-15-3,4,0.880,Track Finder model family label,conflict,Protected canonical_model_group from navigation_source=track_finder_v1
enr_eef94d61a50e37539fa0a071,mdl_new_holland_e352c,new-holland-e-35-2c,New Holland,E352C,canonical_model_group,New Holland E352C,New Holland E35 2C,track_finder,/pages/equipment-model/new-holland-e-35-2c,4,0.880,Track Finder model family label,conflict,Protected canonical_model_group from navigation_source=track_finder_v1
enr_769c1d2a22ced52342e297f4,mdl_new_holland_e_35_2sr,new-holland-e-35-2sr,New Holland,E 35.2SR,canonical_model_group,New Holland E 35.2SR,New Holland E35 2SR,track_finder,/pages/equipment-model/new-holland-e-35-2sr,4,0.880,Track Finder model family label,conflict,Protected canonical_model_group from navigation_source=track_finder_v1
enr_759eb31ba35c4fd6ed09be07,mdl_new_holland_e_35sr,new-holland-e35sr,New Holland,E 35SR,canonical_model_group,New Holland E 35SR,New Holland E35SR,track_finder,/pages/equipment-model/new-holland-e35sr,4,0.880,Track Finder model family label,conflict,Protected canonical_model_group from navigation_source=track_finder_v1
enr_a3e78e37a85f136325e2c078,mdl_new_holland_e_70bsr,new-holland-e-70bsr,New Holland,E-70BSR,canonical_model_group,New Holland E-70BSR,New Holland E70BSR,track_finder,/pages/equipment-model/new-holland-e-70bsr,4,0.880,Track Finder model family label,conflict,Protected canonical_model_group from navigation_source=track_finder_v1
enr_dbfbe06ab659f347c73a38ac,mdl_new_holland_e_70sr,new-holland-e-70sr,New Holland,E-70SR,canonical_model_group,New Holland E-70SR,New Holland E70SR,track_finder,/pages/equipment-model/new-holland-e-70sr,4,0.880,Track Finder model family label,conflict,Protected canonical_model_group from navigation_source=track_finder_v1
enr_7c2852d5cbb3219fb46ac0c7,mdl_new_holland_e_80,new-holland-e-80,New Holland,E-80,canonical_model_group,New Holland E-80,New Holland E80,track_finder,/pages/equipment-model/new-holland-e-80,4,0.880,Track Finder model family label,conflict,Protected canonical_model_group from navigation_source=track_finder_v1
enr_3d9cf6c139fdbe31cf307e7d,mdl_new_holland_e_80bmsr,new-holland-e-80bmsr,New Holland,E-80BMSR,canonical_model_group,New Holland E-80BMSR,New Holland E80BMSR,track_finder,/pages/equipment-model/new-holland-e-80bmsr,4,0.880,Track Finder model family label,conflict,Protected canonical_model_group from navigation_source=track_finder_v1
enr_e5612981f5d5413a41cedff6,mdl_new_holland_e_80cs,new-holland-e-80cs,New Holland,E-80CS,canonical_model_group,New Holland E-80CS,New Holland E80CS,track_finder,/pages/equipment-model/new-holland-e-80cs,4,0.880,Track Finder model family label,conflict,Protected canonical_model_group from navigation_source=track_finder_v1
enr_143c302c81fca2a72f9b222e,mdl_new_holland_e_80msr,new-holland-e-80msr,New Holland,E-80MSR,canonical_model_group,New Holland E-80MSR,New Holland E80MSR,track_finder,/pages/equipment-model/new-holland-e-80msr,4,0.880,Track Finder model family label,conflict,Protected canonical_model_group from navigation_source=track_finder_v1
enr_a9c5caceb44f1adb9b6995cb,mdl_new_holland_eh30_b,new-holland-eh-30b,New Holland,EH30.B,canonical_model_group,New Holland EH30.B,New Holland EH30B,track_finder,/pages/equipment-model/new-holland-eh-30b,4,0.880,Track Finder model family label,conflict,Protected canonical_model_group from navigation_source=track_finder_v1
enr_1843f9acca9ca3be619a3760,mdl_new_holland_eh_35b,new-holland-eh-35b,New Holland,EH 35B,canonical_model_group,New Holland EH 35B,New Holland EH35B,track_finder,/pages/equipment-model/new-holland-eh-35b,4,0.880,Track Finder model family label,conflict,Protected canonical_model_group from navigation_source=track_finder_v1
enr_f56a8e4d2c24600201318c03,mdl_sany_sy18c,sany-sy18c,Sany,SY18C,canonical_model_group,Sany SY18C,SANY SY18C,track_finder,/pages/equipment-model/sany-sy18c,4,0.880,Track Finder model family label,conflict,Protected canonical_model_group from navigation_source=track_finder_v1
enr_716192b971a684355f503e45,mdl_sany_sy26c,sany-sy26c,Sany,SY26C,canonical_model_group,Sany SY26C,SANY SY26C,track_finder,/pages/equipment-model/sany-sy26c,4,0.880,Track Finder model family label,conflict,Protected canonical_model_group from navigation_source=track_finder_v1
enr_8b77df366dcd186dcc703acb,mdl_sany_sy26u,sany-sy26u,Sany,SY26U,canonical_model_group,Sany SY26U,SANY SY26U,track_finder,/pages/equipment-model/sany-sy26u,4,0.880,Track Finder model family label,conflict,Protected canonical_model_group from navigation_source=track_finder_v1
enr_8e6162e0d6219036475ffcb9,mdl_sany_sy35c,sany-sy35c,Sany,SY35C,canonical_model_group,Sany SY35C,SANY SY35C,track_finder,/pages/equipment-model/sany-sy35c,4,0.880,Track Finder model family label,conflict,Protected canonical_model_group from navigation_source=track_finder_v1
enr_39a09531c9bfa5e9c71e939a,mdl_sany_sy35u,sany-sy35u,Sany,SY35U,canonical_model_group,Sany SY35U,SANY SY35U,track_finder,/pages/equipment-model/sany-sy35u,4,0.880,Track Finder model family label,conflict,Protected canonical_model_group from navigation_source=track_finder_v1
enr_20ace85c9705ef9a6d39dd0e,mdl_sany_sy50u,sany-sy50u,Sany,SY50U,canonical_model_group,Sany SY50U,SANY SY50U,track_finder,/pages/equipment-model/sany-sy50u,4,0.880,Track Finder model family label,conflict,Protected canonical_model_group from navigation_source=track_finder_v1
enr_5fe6d2a85ff10bec4df45b7e,mdl_sany_sy60c,sany-sy60c,Sany,SY60C,canonical_model_group,Sany SY60C,SANY SY60C,track_finder,/pages/equipment-model/sany-sy60c,4,0.880,Track Finder model family label,conflict,Protected canonical_model_group from navigation_source=track_finder_v1
enr_a01d3de3094720fc783ed8e3,mdl_sany_sy75c,sany-sy75c,Sany,SY75C,canonical_model_group,Sany SY75C,SANY SY75C,track_finder,/pages/equipment-model/sany-sy75c,4,0.880,Track Finder model family label,conflict,Protected canonical_model_group from navigation_source=track_finder_v1
enr_6fc70d4fc12e6e47e46e280c,mdl_sany_sy80u,sany-sy80u,Sany,SY80U,canonical_model_group,Sany SY80U,SANY SY80U,track_finder,/pages/equipment-model/sany-sy80u,4,0.880,Track Finder model family label,conflict,Protected canonical_model_group from navigation_source=track_finder_v1
enr_27677a30630c4705dba62644,mdl_volvo_ec_20b_xtv,volvo-ec-20b-xtv,Volvo,EC 20B XTV,canonical_model_group,Volvo EC 20B XTV,Volvo EC20BXTV,track_finder,/pages/equipment-model/volvo-ec-20b-xtv,4,0.880,Track Finder model family label,conflict,Protected canonical_model_group from navigation_source=track_finder_v1
enr_7f8fda257ed3bfcc94e6ff97,mdl_volvo_ec_20c,volvo-ec-20c,Volvo,EC-20C,canonical_model_group,Volvo EC-20C,Volvo EC20C,track_finder,/pages/equipment-model/volvo-ec-20c,4,0.880,Track Finder model family label,conflict,Protected canonical_model_group from navigation_source=track_finder_v1
enr_aa544f897e12c375b5b9dc3a,mdl_yanmar_vio27_2,yanmar-vio-27-2-offset-type,Yanmar,VIO27-2,canonical_model_group,Yanmar VIO27-2,Yanmar VIO 27-2,track_finder,/pages/equipment-model/yanmar-vio-27-2-offset-type,4,0.880,Track Finder model family label,conflict,Protected canonical_model_group from navigation_source=track_finder_v1
enr_fff2397bca93171988a377b5,mdl_yanmar_vio27_3,yanmar-vio-27-3-offset-type,Yanmar,VIO27-3,canonical_model_group,Yanmar VIO27-3,Yanmar VIO 27-3,track_finder,/pages/equipment-model/yanmar-vio-27-3-offset-type,4,0.880,Track Finder model family label,conflict,Protected canonical_model_group from navigation_source=track_finder_v1
enr_b905e17a2daff47b600d502c,mdl_yanmar_vio27_5,yanmar-vio-27-5-offset-type,Yanmar,VIO27-5,canonical_model_group,Yanmar VIO27-5,Yanmar VIO 27-5,track_finder,/pages/equipment-model/yanmar-vio-27-5-offset-type,4,0.880,Track Finder model family label,conflict,Protected canonical_model_group from navigation_source=track_finder_v1
enr_afe7179fae9792e2cb1eee86,mdl_yanmar_vio35_6a,yanmar-vio-35-6a,Yanmar,VIO35 6A,canonical_model_group,Yanmar VIO35 6A,Yanmar VIO 35-6A,track_finder,/pages/equipment-model/yanmar-vio-35-6a,4,0.880,Track Finder model family label,conflict,Protected canonical_model_group from navigation_source=track_finder_v1
enr_b31c5d159e5792aadb656702,mdl_yanmar_vio40_1,yanmar-vio-40-1-offset-type,Yanmar,VIO40-1,canonical_model_group,Yanmar VIO40-1,Yanmar VIO 40-1,track_finder,/pages/equipment-model/yanmar-vio-40-1-offset-type,4,0.880,Track Finder model family label,conflict,Protected canonical_model_group from navigation_source=track_finder_v1
enr_b0fe98370f206d01ccc74760,mdl_yanmar_vio40_2,yanmar-vio-40-2-offset-type,Yanmar,VIO40-2,canonical_model_group,Yanmar VIO40-2,Yanmar VIO 40-2,track_finder,/pages/equipment-model/yanmar-vio-40-2-offset-type,4,0.880,Track Finder model family label,conflict,Protected canonical_model_group from navigation_source=track_finder_v1
enr_be78d20bc437bb72c6a0947c,mdl_yanmar_vio40v,yanmar-vio-40v-offset-type,Yanmar,VIO40V,canonical_model_group,Yanmar VIO40V,Yanmar VIO 40V,track_finder,/pages/equipment-model/yanmar-vio-40v-offset-type,4,0.880,Track Finder model family label,conflict,Protected canonical_model_group from navigation_source=track_finder_v1
enr_f61c6d086f49b67c2a9c5c3b,mdl_yanmar_vio45,yanmar-vio-45-offset-type,Yanmar,VIO45,canonical_model_group,Yanmar VIO45,Yanmar VIO 45,track_finder,/pages/equipment-model/yanmar-vio-45-offset-type,4,0.880,Track Finder model family label,conflict,Protected canonical_model_group from navigation_source=track_finder_v1
enr_30644ab720a08bd847c4282a,mdl_yanmar_vio45_5,yanmar-vio-45-5-offset-type,Yanmar,VIO45-5,canonical_model_group,Yanmar VIO45-5,Yanmar VIO 45-5,track_finder,/pages/equipment-model/yanmar-vio-45-5-offset-type,4,0.880,Track Finder model family label,conflict,Protected canonical_model_group from navigation_source=track_finder_v1
enr_d26e370be24906e475f5772d,mdl_yanmar_vio456a,yanmar-vio45-6a,Yanmar,VIO456A,canonical_model_group,Yanmar VIO456A,Yanmar VIO 45-6A,track_finder,/pages/equipment-model/yanmar-vio45-6a,4,0.880,Track Finder model family label,conflict,Protected canonical_model_group from navigation_source=track_finder_v1
enr_1685b7fd5cb0bc3ae720ecea,mdl_yanmar_vio45cr,yanmar-vio-45-cr-offset-type,Yanmar,VIO45CR,canonical_model_group,Yanmar VIO45CR,Yanmar VIO 45CR,track_finder,/pages/equipment-model/yanmar-vio-45-cr-offset-type,4,0.880,Track Finder model family label,conflict,Protected canonical_model_group from navigation_source=track_finder_v1
enr_5d768b1d6b266763e95b5c78,mdl_yanmar_vio_45_v,yanmar-vio-45v-offset-type,Yanmar,VIO-45-V,canonical_model_group,Yanmar VIO-45-V,Yanmar VIO 45V,track_finder,/pages/equipment-model/yanmar-vio-45v-offset-type,4,0.880,Track Finder model family label,conflict,Protected canonical_model_group from navigation_source=track_finder_v1
enr_6ce7e2efbff07fd7ecc0e953,mdl_yanmar_vio50_1,yanmar-vio-50-1-offset-type,Yanmar,VIO50-1,canonical_model_group,Yanmar VIO50-1,Yanmar VIO 50-1,track_finder,/pages/equipment-model/yanmar-vio-50-1-offset-type,4,0.880,Track Finder model family label,conflict,Protected canonical_model_group from navigation_source=track_finder_v1
enr_de87c4b094341347a6e3922f,mdl_yanmar_vio50_2,yanmar-vio-50-2-offset-type,Yanmar,VIO50-2,canonical_model_group,Yanmar VIO50-2,Yanmar VIO 50-2,track_finder,/pages/equipment-model/yanmar-vio-50-2-offset-type,4,0.880,Track Finder model family label,conflict,Protected canonical_model_group from navigation_source=track_finder_v1
enr_ea6f365633ace4901868e516,mdl_yanmar_vio_50_v,yanmar-vio-50v-offset-type,Yanmar,VIO-50-V,canonical_model_group,Yanmar VIO-50-V,Yanmar VIO 50V,track_finder,/pages/equipment-model/yanmar-vio-50v-offset-type,4,0.880,Track Finder model family label,conflict,Protected canonical_model_group from navigation_source=track_finder_v1
enr_b3499b4880c2cc0f53b76b1d,mdl_yanmar_vio55,yanmar-vio-55-offset-type,Yanmar,VIO55,canonical_model_group,Yanmar VIO55,Yanmar VIO 55,track_finder,/pages/equipment-model/yanmar-vio-55-offset-type,4,0.880,Track Finder model family label,conflict,Protected canonical_model_group from navigation_source=track_finder_v1
enr_beb5bc3fc670178ed64e78ea,mdl_yanmar_vio55_5,yanmar-vio-55-5-offset-type,Yanmar,VIO55 5,canonical_model_group,Yanmar VIO55 5,Yanmar VIO 55-5,track_finder,/pages/equipment-model/yanmar-vio-55-5-offset-type,4,0.880,Track Finder model family label,conflict,Protected canonical_model_group from navigation_source=track_finder_v1
enr_f1f97df862a9167d7ac493c8,mdl_yanmar_vio55_6a,yanmar-vio-55-6a,Yanmar,VIO55-6A,canonical_model_group,Yanmar VIO55-6A,Yanmar VIO 55-6A,track_finder,/pages/equipment-model/yanmar-vio-55-6a,4,0.880,Track Finder model family label,conflict,Protected canonical_model_group from navigation_source=track_finder_v1
enr_daceea5d3788013116d48f47,mdl_yanmar_vio_55_cr,yanmar-vio-55-cr-offset-type,Yanmar,VIO 55 CR,canonical_model_group,Yanmar VIO 55 CR,Yanmar VIO 55CR,track_finder,/pages/equipment-model/yanmar-vio-55-cr-offset-type,4,0.880,Track Finder model family label,conflict,Protected canonical_model_group from navigation_source=track_finder_v1
enr_0fd3d8783371910be72af2eb,mdl_kobelco_sk035,kobelco-sk035,Kobelco,SK035,canonical_model_group,Kobelco SK035,Kobelco SK 035,track_finder,/pages/equipment-model/kobelco-sk035,4,0.880,Track Finder model family label,conflict,Protected canonical_model_group from navigation_source=track_finder_v1
enr_0b342e38fac08edc44057ce6,mdl_kobelco_sk80cs,kobelco-sk80cs,Kobelco,SK80CS,canonical_model_group,Kobelco SK80CS,Kobelco SK 80CS,track_finder,/pages/equipment-model/kobelco-sk80cs,4,0.880,Track Finder model family label,conflict,Protected canonical_model_group from navigation_source=track_finder_v1
enr_8cceeec1586d1406db4edd8e,mdl_kobelco_sk80msr,kobelco-sk80msr,Kobelco,SK80MSR,canonical_model_group,Kobelco SK80MSR,Kobelco SK 80MSR,track_finder,/pages/equipment-model/kobelco-sk80msr,4,0.880,Track Finder model family label,conflict,Protected canonical_model_group from navigation_source=track_finder_v1
enr_104eb8b753014bd2bb53bfb2,mdl_kobelco_sk85cs,kobelco-sk85cs,Kobelco,SK85CS,canonical_model_group,Kobelco SK85CS,Kobelco SK 85CS,track_finder,/pages/equipment-model/kobelco-sk85cs,4,0.880,Track Finder model family label,conflict,Protected canonical_model_group from navigation_source=track_finder_v1
enr_2673a46f7d6f8b6710e88541,mdl_kobelco_sk70sr_2,kobelco-sk70sr-2,Kobelco,SK70SR-2,canonical_model_group,Kobelco SK70SR-2,Kobelco SK70SR2,track_finder,/pages/equipment-model/kobelco-sk70sr-2,4,0.880,Track Finder model family label,conflict,Protected canonical_model_group from navigation_source=track_finder_v1
enr_0956cc1ce32c8e39a5bc806e,mdl_cat_301_5,caterpillar-301-5,CAT,301.5,canonical_model_group,CAT 301.5,Caterpillar 301.5,track_finder,/pages/equipment-model/caterpillar-301-5,4,0.880,Track Finder model family label,conflict,Protected canonical_model_group from navigation_source=track_finder_v1
enr_9a347aeee00c33711b6b3510,mdl_cat_3016,caterpillar-301-6,CAT,3016,canonical_model_group,CAT 3016,Caterpillar 301.6,track_finder,/pages/equipment-model/caterpillar-301-6,4,0.880,Track Finder model family label,conflict,Protected canonical_model_group from navigation_source=track_finder_v1
enr_a0590bc82cfb942c6166cc06,mdl_cat_3016c,caterpillar-301-6c,CAT,3016C,canonical_model_group,CAT 3016C,Caterpillar 301.6C,track_finder,/pages/equipment-model/caterpillar-301-6c,4,0.880,Track Finder model family label,conflict,Protected canonical_model_group from navigation_source=track_finder_v1
enr_a68ac0255b0788700a6e08e8,mdl_cat_301_7d,caterpillar-301-7d,CAT,301.7D,canonical_model_group,CAT 301.7D,Caterpillar 301.7D,track_finder,/pages/equipment-model/caterpillar-301-7d,4,0.880,Track Finder model family label,conflict,Protected canonical_model_group from navigation_source=track_finder_v1
enr_9a5f5c0f1039c57059a40cbc,mdl_cat_3018c,caterpillar-301-8c,CAT,3018C,canonical_model_group,CAT 3018C,Caterpillar 301.8C,track_finder,/pages/equipment-model/caterpillar-301-8c,4,0.880,Track Finder model family label,conflict,Protected canonical_model_group from navigation_source=track_finder_v1
enr_02f05bdf44f5477fc72bc3b7,mdl_cat_302_5,caterpillar-302-5,CAT,302.5,canonical_model_group,CAT 302.5,Caterpillar 302.5,track_finder,/pages/equipment-model/caterpillar-302-5,4,0.880,Track Finder model family label,conflict,Protected canonical_model_group from navigation_source=track_finder_v1
enr_8fb16305633e185ba8121b24,mdl_cat_302_5c,caterpillar-302-5c,CAT,302.5C,canonical_model_group,CAT 302.5C,Caterpillar 302.5C,track_finder,/pages/equipment-model/caterpillar-302-5c,4,0.880,Track Finder model family label,conflict,Protected canonical_model_group from navigation_source=track_finder_v1
enr_924001d8f07f8ce9c1dbf26b,mdl_cat_303_5,caterpillar-303-5,CAT,303.5,canonical_model_group,CAT 303.5,Caterpillar 303.5,track_finder,/pages/equipment-model/caterpillar-303-5,4,0.880,Track Finder model family label,conflict,Protected canonical_model_group from navigation_source=track_finder_v1
enr_1764852228410130f250d26f,mdl_cat_303_5c_cr,caterpillar-303-5c-cr,CAT,303.5C CR,canonical_model_group,CAT 303.5C CR,Caterpillar 303.5C CR,track_finder,/pages/equipment-model/caterpillar-303-5c-cr,4,0.880,Track Finder model family label,conflict,Protected canonical_model_group from navigation_source=track_finder_v1
enr_2ace933864a122f6a6b52cbc,mdl_cat_303_5c_cr,caterpillar-303-5c-cr,CAT,303.5C CR,canonical_model_group,CAT 303.5C CR,Caterpillar 303.5CCR,track_finder,/pages/equipment-model/caterpillar-303-5ccr,4,0.880,Track Finder model family label,conflict,Protected canonical_model_group from navigation_source=track_finder_v1
enr_20fdbf22ae4409a14e564684,mdl_cat_303_5_cr,caterpillar-303-5cr,CAT,303.5 CR,canonical_model_group,CAT 303.5 CR,Caterpillar 303.5CR,track_finder,/pages/equipment-model/caterpillar-303-5cr,4,0.880,Track Finder model family label,conflict,Protected canonical_model_group from navigation_source=track_finder_v1
enr_c8281cc2cf5797d02ce213cd,mdl_cat_303_5d,caterpillar-303-5d,CAT,303.5D,canonical_model_group,CAT 303.5D,Caterpillar 303.5D,track_finder,/pages/equipment-model/caterpillar-303-5d,4,0.880,Track Finder model family label,conflict,Protected canonical_model_group from navigation_source=track_finder_v1
enr_fb487e183288be5f83c18bfb,mdl_cat_303_5d_cr,caterpillar-303-5d-cr,CAT,303.5D CR,canonical_model_group,CAT 303.5D CR,Caterpillar 303.5D CR,track_finder,/pages/equipment-model/caterpillar-303-5d-cr,4,0.880,Track Finder model family label,conflict,Protected canonical_model_group from navigation_source=track_finder_v1
enr_d4688c4b5fb914a0c29703ab,mdl_cat_303_5e_cr,caterpillar-303-5e-cr,CAT,303.5E CR,canonical_model_group,CAT 303.5E CR,Caterpillar 303.5E CR,track_finder,/pages/equipment-model/caterpillar-303-5e-cr,4,0.880,Track Finder model family label,conflict,Protected canonical_model_group from navigation_source=track_finder_v1
enr_a1ae90ff5acb9228be485b7b,mdl_cat_303c_cr,caterpillar-303ccr,CAT,303C CR,canonical_model_group,CAT 303C CR,Caterpillar 303CCR,track_finder,/pages/equipment-model/caterpillar-303ccr,4,0.880,Track Finder model family label,conflict,Protected canonical_model_group from navigation_source=track_finder_v1
enr_fd90c0f5c9029bae3dd67226,mdl_cat_303_cr,caterpillar-303cr,CAT,303 CR,canonical_model_group,CAT 303 CR,Caterpillar 303CR,track_finder,/pages/equipment-model/caterpillar-303cr,4,0.880,Track Finder model family label,conflict,Protected canonical_model_group from navigation_source=track_finder_v1
enr_fb7705c250f6c866f2944788,mdl_cat_303e,caterpillar-303e,CAT,303E,canonical_model_group,CAT 303E,Caterpillar 303E,track_finder,/pages/equipment-model/caterpillar-303e,4,0.880,Track Finder model family label,conflict,Protected canonical_model_group from navigation_source=track_finder_v1
enr_1bca219a6302551ae699298e,mdl_cat_303ecr,caterpillar-303ecr,CAT,303ECR,canonical_model_group,CAT 303ECR,Caterpillar 303ECR,track_finder,/pages/equipment-model/caterpillar-303ecr,4,0.880,Track Finder model family label,conflict,Protected canonical_model_group from navigation_source=track_finder_v1
enr_0decd8d9b42a8298a6f4f147,mdl_cat_304,caterpillar-304,CAT,304,canonical_model_group,CAT 304,Caterpillar 304,track_finder,/pages/equipment-model/caterpillar-304,4,0.880,Track Finder model family label,conflict,Protected canonical_model_group from navigation_source=track_finder_v1
enr_50dc42e8bf39f4dc834b781c,mdl_cat_304_5,caterpillar-304-5,CAT,304.5,canonical_model_group,CAT 304.5,Caterpillar 304.5,track_finder,/pages/equipment-model/caterpillar-304-5,4,0.880,Track Finder model family label,conflict,Protected canonical_model_group from navigation_source=track_finder_v1
enr_d4a40a9a7e599565dcff9152,mdl_cat_304_5e2,caterpillar-304-5e2,CAT,304.5E2,canonical_model_group,CAT 304.5E2,Caterpillar 304.5E2,track_finder,/pages/equipment-model/caterpillar-304-5e2,4,0.880,Track Finder model family label,conflict,Protected canonical_model_group from navigation_source=track_finder_v1
enr_435e46420a466f65cb2bfaaf,mdl_cat_304c,caterpillar-304c,CAT,304C,canonical_model_group,CAT 304C,Caterpillar 304C,track_finder,/pages/equipment-model/caterpillar-304c,4,0.880,Track Finder model family label,conflict,Protected canonical_model_group from navigation_source=track_finder_v1
enr_ab9b815e717130fba544c35c,mdl_cat_304c_cr,caterpillar-304ccr,CAT,304C CR,canonical_model_group,CAT 304C CR,Caterpillar 304CCR,track_finder,/pages/equipment-model/caterpillar-304ccr,4,0.880,Track Finder model family label,conflict,Protected canonical_model_group from navigation_source=track_finder_v1
enr_f50b4f506206d5e90a496542,mdl_cat_304cr,caterpillar-304cr,CAT,304CR,canonical_model_group,CAT 304CR,Caterpillar 304CR,track_finder,/pages/equipment-model/caterpillar-304cr,4,0.880,Track Finder model family label,conflict,Protected canonical_model_group from navigation_source=track_finder_v1
enr_f12565111338b3d1dc59f9f8,mdl_cat_304d,caterpillar-304d,CAT,304D,canonical_model_group,CAT 304D,Caterpillar 304D,track_finder,/pages/equipment-model/caterpillar-304d,4,0.880,Track Finder model family label,conflict,Protected canonical_model_group from navigation_source=track_finder_v1
enr_90385bf621c5df98147b9da5,mdl_cat_304d_cr,caterpillar-304d-cr,CAT,304D CR,canonical_model_group,CAT 304D CR,Caterpillar 304DCR,track_finder,/pages/equipment-model/caterpillar-304d-cr,4,0.880,Track Finder model family label,conflict,Protected canonical_model_group from navigation_source=track_finder_v1
enr_24e449b8954b415545bfeed0,mdl_cat_304e,caterpillar-304e,CAT,304E,canonical_model_group,CAT 304E,Caterpillar 304E,track_finder,/pages/equipment-model/caterpillar-304e,4,0.880,Track Finder model family label,conflict,Protected canonical_model_group from navigation_source=track_finder_v1
enr_bfb3a2be751da5196e134ab4,mdl_cat_304e2,caterpillar-304e2,CAT,304E2,canonical_model_group,CAT 304E2,Caterpillar 304E2,track_finder,/pages/equipment-model/caterpillar-304e2,4,0.880,Track Finder model family label,conflict,Protected canonical_model_group from navigation_source=track_finder_v1
enr_66167b28c388e79719e1c3ae,mdl_cat_304e_cr,caterpillar-304e-cr,CAT,304E CR,canonical_model_group,CAT 304E CR,Caterpillar 304ECR,track_finder,/pages/equipment-model/caterpillar-304e-cr,4,0.880,Track Finder model family label,conflict,Protected canonical_model_group from navigation_source=track_finder_v1
enr_4096d313f61442342ab352f3,mdl_cat_305_5,caterpillar-305-5,CAT,305.5,canonical_model_group,CAT 305.5,Caterpillar 305.5,track_finder,/pages/equipment-model/caterpillar-305-5,4,0.880,Track Finder model family label,conflict,Protected canonical_model_group from navigation_source=track_finder_v1
enr_c551df1905765737f38cec4d,mdl_cat_305_5d_cr,caterpillar-305-5d-cr,CAT,305.5D CR,canonical_model_group,CAT 305.5D CR,Caterpillar 305.5D CR,track_finder,/pages/equipment-model/caterpillar-305-5d-cr,4,0.880,Track Finder model family label,conflict,Protected canonical_model_group from navigation_source=track_finder_v1
enr_038df10930b8719cd62acfb1,mdl_cat_305_5e,caterpillar-305-5e,CAT,305.5E,canonical_model_group,CAT 305.5E,Caterpillar 305.5E,track_finder,/pages/equipment-model/caterpillar-305-5e,4,0.880,Track Finder model family label,conflict,Protected canonical_model_group from navigation_source=track_finder_v1
enr_a95fba7aa2b5f8548c18481c,mdl_cat_305_5e_cr,caterpillar-305-5e-cr,CAT,305.5E CR,canonical_model_group,CAT 305.5E CR,Caterpillar 305.5E CR,track_finder,/pages/equipment-model/caterpillar-305-5e-cr,4,0.880,Track Finder model family label,conflict,Protected canonical_model_group from navigation_source=track_finder_v1
enr_c49d055308326c205222203f,mdl_cat_305_5e2,caterpillar-305-5e2,CAT,305.5E2,canonical_model_group,CAT 305.5E2,Caterpillar 305.5E2,track_finder,/pages/equipment-model/caterpillar-305-5e2,4,0.880,Track Finder model family label,conflict,Protected canonical_model_group from navigation_source=track_finder_v1
enr_435739d8765e32e65b32be98,mdl_cat_305_5e2_cr,caterpillar-305-5e2-cr,CAT,305.5E2 CR,canonical_model_group,CAT 305.5E2 CR,Caterpillar 305.5E2 CR,track_finder,/pages/equipment-model/caterpillar-305-5e2-cr,4,0.880,Track Finder model family label,conflict,Protected canonical_model_group from navigation_source=track_finder_v1
enr_f8ff40467ca69f94d1b7f258,mdl_cat_305c,caterpillar-305c,CAT,305C,canonical_model_group,CAT 305C,Caterpillar 305C,track_finder,/pages/equipment-model/caterpillar-305c,4,0.880,Track Finder model family label,conflict,Protected canonical_model_group from navigation_source=track_finder_v1
enr_97c3e1b6d55d110bf1c96f73,mdl_cat_305c_cr,caterpillar-305c-cr,CAT,305C CR,canonical_model_group,CAT 305C CR,Caterpillar 305CCR,track_finder,/pages/equipment-model/caterpillar-305c-cr,4,0.880,Track Finder model family label,conflict,Protected canonical_model_group from navigation_source=track_finder_v1
enr_c25017d8744840fd51d97b42,mdl_cat_305_cr,caterpillar-305cr,CAT,305 CR,canonical_model_group,CAT 305 CR,Caterpillar 305CR,track_finder,/pages/equipment-model/caterpillar-305cr,4,0.880,Track Finder model family label,conflict,Protected canonical_model_group from navigation_source=track_finder_v1
enr_60de9486ebed52f24fb6de89,mdl_cat_305d,caterpillar-305d,CAT,305D,canonical_model_group,CAT 305D,Caterpillar 305D,track_finder,/pages/equipment-model/caterpillar-305d,4,0.880,Track Finder model family label,conflict,Protected canonical_model_group from navigation_source=track_finder_v1
enr_1a32489c083fff92ceeba434,mdl_cat_305dcr,caterpillar-305dcr,CAT,305DCR,canonical_model_group,CAT 305DCR,Caterpillar 305DCR,track_finder,/pages/equipment-model/caterpillar-305dcr,4,0.880,Track Finder model family label,conflict,Protected canonical_model_group from navigation_source=track_finder_v1
enr_50da0e40567cccc6aa335f64,mdl_cat_305e,caterpillar-305e,CAT,305E,canonical_model_group,CAT 305E,Caterpillar 305E,track_finder,/pages/equipment-model/caterpillar-305e,4,0.880,Track Finder model family label,conflict,Protected canonical_model_group from navigation_source=track_finder_v1
enr_de95a3a715389e8b21ee0ab5,mdl_cat_305e2,caterpillar-305e2,CAT,305E2,canonical_model_group,CAT 305E2,Caterpillar 305E2,track_finder,/pages/equipment-model/caterpillar-305e2,4,0.880,Track Finder model family label,conflict,Protected canonical_model_group from navigation_source=track_finder_v1
enr_ccdb651106777654096c0af0,mdl_cat_305e2_cr,caterpillar-305e2-cr,CAT,305E2 CR,canonical_model_group,CAT 305E2 CR,Caterpillar 305E2CR,track_finder,/pages/equipment-model/caterpillar-305e2-cr,4,0.880,Track Finder model family label,conflict,Protected canonical_model_group from navigation_source=track_finder_v1
enr_eaf9277e6c66fca9918a5207,mdl_cat_305e_cr,caterpillar-305e-cr,CAT,305E CR,canonical_model_group,CAT 305E CR,Caterpillar 305ECR,track_finder,/pages/equipment-model/caterpillar-305e-cr,4,0.880,Track Finder model family label,conflict,Protected canonical_model_group from navigation_source=track_finder_v1
enr_b3d426f36bb287e2cf5e3809,mdl_cat_306,caterpillar-306,CAT,306,canonical_model_group,CAT 306,Caterpillar 306,track_finder,/pages/equipment-model/caterpillar-306,4,0.880,Track Finder model family label,conflict,Protected canonical_model_group from navigation_source=track_finder_v1
enr_887c79a059820dcfe6bdfbd2,mdl_cat_306_cr,caterpillar-306-cr,CAT,306 CR,canonical_model_group,CAT 306 CR,Caterpillar 306CR,track_finder,/pages/equipment-model/caterpillar-306-cr,4,0.880,Track Finder model family label,conflict,Protected canonical_model_group from navigation_source=track_finder_v1
enr_3aac1ec48f12d07f6423f536,mdl_cat_308b,caterpillar-308b,CAT,308B,canonical_model_group,CAT 308B,Caterpillar 308B,track_finder,/pages/equipment-model/caterpillar-308b,4,0.880,Track Finder model family label,conflict,Protected canonical_model_group from navigation_source=track_finder_v1
enr_722f763b376e6f4fda0c92ca,mdl_cat_308c_cr,caterpillar-308ccr,CAT,308C CR,canonical_model_group,CAT 308C CR,Caterpillar 308CCR,track_finder,/pages/equipment-model/caterpillar-308ccr,4,0.880,Track Finder model family label,conflict,Protected canonical_model_group from navigation_source=track_finder_v1
enr_72bc6e5f11b27f8a670ecdd6,mdl_cat_308_cr,caterpillar-308cr,CAT,308 CR,canonical_model_group,CAT 308 CR,Caterpillar 308CR,track_finder,/pages/equipment-model/caterpillar-308cr,4,0.880,Track Finder model family label,conflict,Protected canonical_model_group from navigation_source=track_finder_v1
enr_7db5603c71b9a86720b8c6d5,mdl_cat_308c_sr,caterpillar-308c-sr,CAT,308C SR,canonical_model_group,CAT 308C SR,Caterpillar 308CSR,track_finder,/pages/equipment-model/caterpillar-308c-sr,4,0.880,Track Finder model family label,conflict,Protected canonical_model_group from navigation_source=track_finder_v1
enr_2b20ba576584583dfc065541,mdl_cat_308dcr,caterpillar-308d-cr,CAT,308DCR,canonical_model_group,CAT 308DCR,Caterpillar 308DCR,track_finder,/pages/equipment-model/caterpillar-308d-cr,4,0.880,Track Finder model family label,conflict,Protected canonical_model_group from navigation_source=track_finder_v1
enr_c9c9c59e07167b851c0a227a,mdl_cat_308e,caterpillar-308e,CAT,308E,canonical_model_group,CAT 308E,Caterpillar 308E,track_finder,/pages/equipment-model/caterpillar-308e,4,0.880,Track Finder model family label,conflict,Protected canonical_model_group from navigation_source=track_finder_v1
enr_d752c80a6f0c64d1548edaa9,mdl_cat_308e2_cr,caterpillar-308e2-cr,CAT,308E2 CR,canonical_model_group,CAT 308E2 CR,Caterpillar 308E2CR,track_finder,/pages/equipment-model/caterpillar-308e2-cr,4,0.880,Track Finder model family label,conflict,Protected canonical_model_group from navigation_source=track_finder_v1
enr_ce38427694f003d0acbff17e,mdl_cat_308e_cr,caterpillar-308e-cr,CAT,308E CR,canonical_model_group,CAT 308E CR,Caterpillar 308ECR,track_finder,/pages/equipment-model/caterpillar-308e-cr,4,0.880,Track Finder model family label,conflict,Protected canonical_model_group from navigation_source=track_finder_v1
enr_3b8f3b0484d7f50f5afdaf72,mdl_cat_mm15t,caterpillar-mm15t,CAT,MM15T,canonical_model_group,CAT MM15T,Caterpillar MM15T,track_finder,/pages/equipment-model/caterpillar-mm15t,4,0.880,Track Finder model family label,conflict,Protected canonical_model_group from navigation_source=track_finder_v1
enr_24e7c89bc005bdd63a062c1c,mdl_terex_tc_37,terex-tc37,Terex,TC-37,canonical_model_group,Terex TC-37,Terex TC37,track_finder,/pages/equipment-model/terex-tc37,4,0.880,Track Finder model family label,conflict,Protected canonical_model_group from navigation_source=track_finder_v1
enr_9fb6a22b12cd6ec3445666f6,mdl_hitachi_ex_35_u,hitachi-ex35u,Hitachi,EX-35-U,canonical_model_group,Hitachi EX-35-U,Hitachi EX35U,track_finder,/pages/equipment-model/hitachi-ex35u,4,0.880,Track Finder model family label,conflict,Protected canonical_model_group from navigation_source=track_finder_v1
enr_14ff9b04e41e755d599bf44f,mdl_hitachi_zx17u_2,hitachi-zx17u-2,Hitachi,ZX17U-2,canonical_model_group,Hitachi ZX17U-2,Hitachi ZX17U2,track_finder,/pages/equipment-model/hitachi-zx17u-2,4,0.880,Track Finder model family label,conflict,Protected canonical_model_group from navigation_source=track_finder_v1
enr_9345ea5bc9c02f259858a9b9,mdl_hitachi_zx30u_5,hitachi-zx30-u5,Hitachi,ZX30U-5,canonical_model_group,Hitachi ZX30U-5,Hitachi ZX30-U5,track_finder,/pages/equipment-model/hitachi-zx30-u5,4,0.880,Track Finder model family label,conflict,Protected canonical_model_group from navigation_source=track_finder_v1
enr_0e217a499c866505618ad4b3,mdl_hitachi_zx50u_5,hitachi-zx50u-5,Hitachi,ZX50U-5,canonical_model_group,Hitachi ZX50U-5,Hitachi ZX50U5,track_finder,/pages/equipment-model/hitachi-zx50u-5,4,0.880,Track Finder model family label,conflict,Protected canonical_model_group from navigation_source=track_finder_v1
enr_2432cc0abbc066c1214c09b4,mdl_asv_posi_trac_hd4520,asv-posi-trachd4520,ASV,POSI-TRAC HD4520,canonical_model_group,ASV POSI-TRAC HD4520,ASV POSI-TRACHD4520,track_finder,/pages/equipment-model/asv-posi-trachd4520,4,0.880,Track Finder model family label,conflict,Protected canonical_model_group from navigation_source=track_finder_v1
enr_7076b270614367e9d9a1ee1d,mdl_asv_pt100,asv-pt-100,ASV,PT100,canonical_model_group,ASV PT100,ASV PT-100,track_finder,/pages/equipment-model/asv-pt-100,4,0.880,Track Finder model family label,conflict,Protected canonical_model_group from navigation_source=track_finder_v1
enr_a3d541c102cff6930a30de01,mdl_asv_rt_75_hd,asv-rt-75hd,ASV,RT-75 HD,canonical_model_group,ASV RT-75 HD,ASV RT-75HD,track_finder,/pages/equipment-model/asv-rt-75hd,4,0.880,Track Finder model family label,conflict,Protected canonical_model_group from navigation_source=track_finder_v1
enr_a07c213555e18fd66023aaf2,mdl_asv_rt_25,asv-rt25,ASV,RT-25,canonical_model_group,ASV RT-25,ASV RT25,track_finder,/pages/equipment-model/asv-rt25,4,0.880,Track Finder model family label,conflict,Protected canonical_model_group from navigation_source=track_finder_v1
enr_8c11a91eb3a9c9f5910cffab,mdl_asv_rt_30,asv-rt30,ASV,RT-30,canonical_model_group,ASV RT-30,ASV RT30,track_finder,/pages/equipment-model/asv-rt30,4,0.880,Track Finder model family label,conflict,Protected canonical_model_group from navigation_source=track_finder_v1
enr_7a42975e1388cc9bcdffe431,mdl_asv_rt_40,asv-rt40,ASV,RT-40,canonical_model_group,ASV RT-40,ASV RT40,track_finder,/pages/equipment-model/asv-rt40,4,0.880,Track Finder model family label,conflict,Protected canonical_model_group from navigation_source=track_finder_v1
enr_21c4a5b46b0fb7124b011760,mdl_asv_sr80,asv-sr-80,ASV,SR80,canonical_model_group,ASV SR80,ASV SR-80,track_finder,/pages/equipment-model/asv-sr-80,4,0.880,Track Finder model family label,conflict,Protected canonical_model_group from navigation_source=track_finder_v1
enr_fb94b9eba26441fa0615af71,mdl_terex_pt75,terex-pt-75,Terex,PT75,canonical_model_group,Terex PT75,Terex PT-75,track_finder,/pages/equipment-model/terex-pt-75,4,0.880,Track Finder model family label,conflict,Protected canonical_model_group from navigation_source=track_finder_v1
enr_80e5935d67ce3a365d0fffa8,mdl_terex_pt_100,terex-pt-100,Terex,PT-100,canonical_model_group,Terex PT-100,Terex PT100,track_finder,/pages/equipment-model/terex-pt100,4,0.880,Track Finder model family label,conflict,Protected canonical_model_group from navigation_source=track_finder_v1
enr_c74c3b1dfe72e3df4921ccd4,mdl_terex_pt110forestry,terex-pt-110-forestry,Terex,PT110FORESTRY,canonical_model_group,Terex PT110FORESTRY,Terex PT110 Forestry,track_finder,/pages/equipment-model/terex-pt-110-forestry,4,0.880,Track Finder model family label,conflict,Protected canonical_model_group from navigation_source=track_finder_v1
enr_9727ed8f5411515bc8e5cbc3,mdl_terex_pt_30,terex-pt30,Terex,PT-30,canonical_model_group,Terex PT-30,Terex PT30,track_finder,/pages/equipment-model/terex-pt30,4,0.880,Track Finder model family label,conflict,Protected canonical_model_group from navigation_source=track_finder_v1
enr_8e69b17861e82a3c06b9615e,mdl_cat_247,caterpillar-247,CAT,247,canonical_model_group,CAT 247,Caterpillar 247,track_finder,/pages/equipment-model/caterpillar-247,4,0.880,Track Finder model family label,conflict,Protected canonical_model_group from navigation_source=track_finder_v1
enr_bc8f3e0a80ec8e137c807016,mdl_cat_247b,caterpillar-247b,CAT,247B,canonical_model_group,CAT 247B,Caterpillar 247B,track_finder,/pages/equipment-model/caterpillar-247b,4,0.880,Track Finder model family label,conflict,Protected canonical_model_group from navigation_source=track_finder_v1
enr_40ad3e7933d422ee7faf9aa9,mdl_cat_247b2,caterpillar-247b2,CAT,247B2,canonical_model_group,CAT 247B2,Caterpillar 247B2,track_finder,/pages/equipment-model/caterpillar-247b2,4,0.880,Track Finder model family label,conflict,Protected canonical_model_group from navigation_source=track_finder_v1
enr_c4a576f02f5ecf2a4fa00244,mdl_cat_247b3,caterpillar-247b3,CAT,247B3,canonical_model_group,CAT 247B3,Caterpillar 247B3,track_finder,/pages/equipment-model/caterpillar-247b3,4,0.880,Track Finder model family label,conflict,Protected canonical_model_group from navigation_source=track_finder_v1
enr_22c5fc53033006cdcbbf7ec5,mdl_cat_257,caterpillar-257,CAT,257,canonical_model_group,CAT 257,Caterpillar 257,track_finder,/pages/equipment-model/caterpillar-257,4,0.880,Track Finder model family label,conflict,Protected canonical_model_group from navigation_source=track_finder_v1
enr_f420b2f0b75de830b84b69ec,mdl_cat_257b,caterpillar-257b,CAT,257B,canonical_model_group,CAT 257B,Caterpillar 257B,track_finder,/pages/equipment-model/caterpillar-257b,4,0.880,Track Finder model family label,conflict,Protected canonical_model_group from navigation_source=track_finder_v1
enr_75605381eef5e1836ab39e9d,mdl_cat_257b2,caterpillar-257b2,CAT,257B2,canonical_model_group,CAT 257B2,Caterpillar 257B2,track_finder,/pages/equipment-model/caterpillar-257b2,4,0.880,Track Finder model family label,conflict,Protected canonical_model_group from navigation_source=track_finder_v1
enr_7e8ec2c3876f2e23d48ddcbf,mdl_cat_257b3,caterpillar-257b3,CAT,257B3,canonical_model_group,CAT 257B3,Caterpillar 257B3,track_finder,/pages/equipment-model/caterpillar-257b3,4,0.880,Track Finder model family label,conflict,Protected canonical_model_group from navigation_source=track_finder_v1
enr_a4aa9a244a0bdf285a8cb2af,mdl_cat_257d,caterpillar-257d,CAT,257D,canonical_model_group,CAT 257D,Caterpillar 257D,track_finder,/pages/equipment-model/caterpillar-257d,4,0.880,Track Finder model family label,conflict,Protected canonical_model_group from navigation_source=track_finder_v1
enr_c2c6ea0b76804f47663c7a1f,mdl_cat_267b,caterpillar-267b,CAT,267B,canonical_model_group,CAT 267B,Caterpillar 267B,track_finder,/pages/equipment-model/caterpillar-267b,4,0.880,Track Finder model family label,conflict,Protected canonical_model_group from navigation_source=track_finder_v1
enr_4bdb0def10ead2e65ff59b9c,mdl_cat_277,caterpillar-277,CAT,277,canonical_model_group,CAT 277,Caterpillar 277,track_finder,/pages/equipment-model/caterpillar-277,4,0.880,Track Finder model family label,conflict,Protected canonical_model_group from navigation_source=track_finder_v1
enr_5976797b79ae451b8960e131,mdl_cat_277b,caterpillar-277b,CAT,277B,canonical_model_group,CAT 277B,Caterpillar 277B,track_finder,/pages/equipment-model/caterpillar-277b,4,0.880,Track Finder model family label,conflict,Protected canonical_model_group from navigation_source=track_finder_v1
enr_19a25a8818ab36b7e41beb39,mdl_cat_277c,caterpillar-277c,CAT,277C,canonical_model_group,CAT 277C,Caterpillar 277C,track_finder,/pages/equipment-model/caterpillar-277c,4,0.880,Track Finder model family label,conflict,Protected canonical_model_group from navigation_source=track_finder_v1
enr_41cc7ceea31ae3b88f2b40a9,mdl_cat_287,caterpillar-287,CAT,287,canonical_model_group,CAT 287,Caterpillar 287,track_finder,/pages/equipment-model/caterpillar-287,4,0.880,Track Finder model family label,conflict,Protected canonical_model_group from navigation_source=track_finder_v1
enr_3bb4a5c5c18fddbfff4f6dc0,mdl_cat_287b,caterpillar-287b,CAT,287B,canonical_model_group,CAT 287B,Caterpillar 287B,track_finder,/pages/equipment-model/caterpillar-287b,4,0.880,Track Finder model family label,conflict,Protected canonical_model_group from navigation_source=track_finder_v1
enr_1ef809279480b98a73e0d63f,mdl_cat_287c,caterpillar-287c,CAT,287C,canonical_model_group,CAT 287C,Caterpillar 287C,track_finder,/pages/equipment-model/caterpillar-287c,4,0.880,Track Finder model family label,conflict,Protected canonical_model_group from navigation_source=track_finder_v1
enr_5ed5a5aaed07fab9ec0e6d08,mdl_cat_287c2,caterpillar-287c2,CAT,287C2,canonical_model_group,CAT 287C2,Caterpillar 287C2,track_finder,/pages/equipment-model/caterpillar-287c2,4,0.880,Track Finder model family label,conflict,Protected canonical_model_group from navigation_source=track_finder_v1
enr_4d549db61c56fc614bd81ec3,mdl_cat_287d,caterpillar-287d,CAT,287D,canonical_model_group,CAT 287D,Caterpillar 287D,track_finder,/pages/equipment-model/caterpillar-287d,4,0.880,Track Finder model family label,conflict,Protected canonical_model_group from navigation_source=track_finder_v1
enr_7d7ce8ac70372a0e70bdc721,mdl_cat_297c,caterpillar-297c,CAT,297C,canonical_model_group,CAT 297C,Caterpillar 297C,track_finder,/pages/equipment-model/caterpillar-297c,4,0.880,Track Finder model family label,conflict,Protected canonical_model_group from navigation_source=track_finder_v1
enr_3d5b1eb4f80cba4ca305eb59,mdl_cat_297d2,caterpillar-297d2,CAT,297D2,canonical_model_group,CAT 297D2,Caterpillar 297D2,track_finder,/pages/equipment-model/caterpillar-297d2,4,0.880,Track Finder model family label,conflict,Protected canonical_model_group from navigation_source=track_finder_v1
enr_5ab22d3369d0b417ea383a45,mdl_cat_297d2_xhp,caterpillar-297d2-xhp,CAT,297D2-XHP,canonical_model_group,CAT 297D2-XHP,Caterpillar 297D2-XHP,track_finder,/pages/equipment-model/caterpillar-297d2-xhp,4,0.880,Track Finder model family label,conflict,Protected canonical_model_group from navigation_source=track_finder_v1
enr_ce5aa1ebb80c17fdb9cfcb9f,mdl_ditch_witch_sk1050,ditch-witch-sk1050,Ditch Witch,SK1050,canonical_model_group,Ditch Witch SK1050,Ditch Witch SK 1050,track_finder,/pages/equipment-model/ditch-witch-sk1050,4,0.880,Track Finder model family label,conflict,Protected canonical_model_group from navigation_source=track_finder_v1
enr_34188cf6a7d0e338c00b496b,mdl_ditch_witch_sk500,ditch-witch-sk500,Ditch Witch,SK500,canonical_model_group,Ditch Witch SK500,Ditch Witch SK 500,track_finder,/pages/equipment-model/ditch-witch-sk500,4,0.880,Track Finder model family label,conflict,Protected canonical_model_group from navigation_source=track_finder_v1
enr_c41466c259b42e77bc730a17,mdl_ditch_witch_sk750,ditch-witch-sk750,Ditch Witch,SK750,canonical_model_group,Ditch Witch SK750,Ditch Witch SK 750,track_finder,/pages/equipment-model/ditch-witch-sk750,4,0.880,Track Finder model family label,conflict,Protected canonical_model_group from navigation_source=track_finder_v1
enr_5ff63e72e5706256ef5a3770,mdl_ditch_witch_sk752,ditch-witch-sk752,Ditch Witch,SK752,canonical_model_group,Ditch Witch SK752,Ditch Witch SK 752,track_finder,/pages/equipment-model/ditch-witch-sk752,4,0.880,Track Finder model family label,conflict,Protected canonical_model_group from navigation_source=track_finder_v1
enr_61899fa74f687e19570cec96,mdl_ditch_witch_sk755,ditch-witch-sk755,Ditch Witch,SK755,canonical_model_group,Ditch Witch SK755,Ditch Witch SK 755,track_finder,/pages/equipment-model/ditch-witch-sk755,4,0.880,Track Finder model family label,conflict,Protected canonical_model_group from navigation_source=track_finder_v1
enr_0d539c0319db56109930e937,mdl_ditch_witch_sk800,ditch-witch-sk800,Ditch Witch,SK800,canonical_model_group,Ditch Witch SK800,Ditch Witch SK 800,track_finder,/pages/equipment-model/ditch-witch-sk800,4,0.880,Track Finder model family label,conflict,Protected canonical_model_group from navigation_source=track_finder_v1
enr_e25c2038a543c403bdabbd6c,mdl_ditch_witch_sk850,ditch-witch-sk850,Ditch Witch,SK850,canonical_model_group,Ditch Witch SK850,Ditch Witch SK 850,track_finder,/pages/equipment-model/ditch-witch-sk850,4,0.880,Track Finder model family label,conflict,Protected canonical_model_group from navigation_source=track_finder_v1
enr_308afc65d5e331a0ebc62a92,mdl_ditch_witch_sk900,ditch-witch-sk900,Ditch Witch,SK900,canonical_model_group,Ditch Witch SK900,Ditch Witch SK 900,track_finder,/pages/equipment-model/ditch-witch-sk900,4,0.880,Track Finder model family label,conflict,Protected canonical_model_group from navigation_source=track_finder_v1
enr_d776cdd80b807cb60a4e43db,mdl_kubota_k008_2,kubota-k-008-2,Kubota,K008-2,canonical_model_group,Kubota K008,Kubota K008-2,track_finder,/pages/equipment-model/kubota-k-008-2,4,0.880,Track Finder model family label,conflict,Protected canonical_model_group from navigation_source=track_finder_v1
enr_d069200c96457bd60ceb3ad8,mdl_kubota_k008_3,kubota-k-008-3,Kubota,K008-3,canonical_model_group,Kubota K008,Kubota K008-3,track_finder,/pages/equipment-model/kubota-k-008-3,4,0.880,Track Finder model family label,conflict,Protected canonical_model_group from navigation_source=track_finder_v1
enr_0f67db92eedc9056d68599aa,mdl_kubota_k008dh,kubota-k-008dh,Kubota,K008DH,canonical_model_group,Kubota K008,Kubota K008DH,track_finder,/pages/equipment-model/kubota-k-008dh,4,0.880,Track Finder model family label,conflict,Protected canonical_model_group from navigation_source=track_finder_v1
enr_fce6364eac4cc51c75e5acd1,mdl_cat_300_9d,caterpillar-300-9d,CAT,300.9D,canonical_model_group,CAT 300.9D,Caterpillar 300.9D,track_finder,/pages/equipment-model/caterpillar-300-9d,4,0.880,Track Finder model family label,conflict,Protected canonical_model_group from navigation_source=track_finder_v1
