candidate_id,machine_id,shopify_handle,field_name,source_type,source_priority,source_url,confidence,evidence_text
enr_275c41a0995c26811f1b6c94,mdl_john_deere_323e,john-deere-323e,machine_type,oem,1,https://www.deere.com/en/loaders/compact-track-loaders/323e/,0.98,OEM product page lists 323E as Compact Track Loader
enr_d97a59120aef42d758be66a0,mdl_kubota_svl75_2,kubota-svl75-2,operating_weight_lbs,oem,1,https://www.kubotausa.com/products/svl75-2,0.95,OEM spec sheet operating weight 9026 lb
enr_78124384601d59adeca6fe68,mdl_jcb_3ts_8t,jcb-3ts-8t,canonical_model_group,track_finder,4,/pages/equipment-model/jcb-3ts-8t,0.88,Track Finder model family label
enr_80844bc61310c395d21f8685,mdl_kubota_svl75_2,kubota-svl75-2,canonical_model_group,track_finder,4,/pages/equipment-model/kubota-svl75-2,0.88,Track Finder model family label
enr_c2cd16c47dc6dab222bcc8f0,mdl_kubota_svl75_3,kubota-svl75-3,canonical_model_group,track_finder,4,/pages/equipment-model/kubota-svl75-3,0.88,Track Finder model family label
enr_ec4d1944e348816b2c4f2852,mdl_kubota_svl75c,kubota-svl75c,canonical_model_group,track_finder,4,/pages/equipment-model/kubota-svl75c,0.88,Track Finder model family label
enr_72df5d8cf0fd14ac73d3d45f,mdl_kubota_svl90_2,kubota-svl90-2,canonical_model_group,track_finder,4,/pages/equipment-model/kubota-svl90-2,0.88,Track Finder model family label
enr_5995164ee4763adfa81e0b36,mdl_kubota_svl97_2,kubota-svl97-2,canonical_model_group,track_finder,4,/pages/equipment-model/kubota-svl97-2,0.88,Track Finder model family label
enr_a086538fcd37846379d8140e,mdl_kubota_svl97_3,kubota-svl97-3,canonical_model_group,track_finder,4,/pages/equipment-model/kubota-svl97-3,0.88,Track Finder model family label
enr_a0de8f6dda6e20de9ce3eb95,mdl_komatsu_ck30_1,komatsu-ck30-1,canonical_model_group,track_finder,4,/pages/equipment-model/komatsu-ck30-1,0.88,Track Finder model family label
enr_87587ea62f2d1ca24827cadd,mdl_komatsu_ck35_1,komatsu-ck35-1,canonical_model_group,track_finder,4,/pages/equipment-model/komatsu-ck35-1,0.88,Track Finder model family label
enr_c1c7678f1bb76fe360a8f055,mdl_mustang_1750_rt,mustang-1750-rt,canonical_model_group,track_finder,4,/pages/equipment-model/mustang-1750-rt,0.88,Track Finder model family label
enr_42a21b2ab4a7613514dbacd6,mdl_manitou_mx65,manitou-mx65,canonical_model_group,track_finder,4,/pages/equipment-model/manitou-mx65,0.88,Track Finder model family label
enr_0e7d8d805851f6fd0f4b3c64,mdl_yanmar_t_210,yanmar-t210,canonical_model_group,track_finder,4,/pages/equipment-model/yanmar-t210,0.88,Track Finder model family label
enr_546929c0455ffaa3410f594a,mdl_cat_239d,caterpillar-239d,canonical_model_group,track_finder,4,/pages/equipment-model/caterpillar-239d,0.88,Track Finder model family label
enr_54278c20c252b0c96b900052,mdl_cat_239d3,caterpillar-239d3,canonical_model_group,track_finder,4,/pages/equipment-model/caterpillar-239d3,0.88,Track Finder model family label
enr_538b48469f017f7fb60af983,mdl_cat_2493,caterpillar-2493,canonical_model_group,track_finder,4,/pages/equipment-model/caterpillar-2493,0.88,Track Finder model family label
enr_a38ab5880b8773126bc57e4f,mdl_cat_249d,caterpillar-249d,canonical_model_group,track_finder,4,/pages/equipment-model/caterpillar-249d,0.88,Track Finder model family label
enr_3134b6a1b5abda5ec771e179,mdl_cat_249d3,caterpillar-249d3,canonical_model_group,track_finder,4,/pages/equipment-model/caterpillar-249d3,0.88,Track Finder model family label
enr_a85d3834bd78305759d31f85,mdl_cat_255,caterpillar-255,canonical_model_group,track_finder,4,/pages/equipment-model/caterpillar-255,0.88,Track Finder model family label
enr_9a5f823314ef8b40ac9c303d,mdl_cat_259b,caterpillar-259b,canonical_model_group,track_finder,4,/pages/equipment-model/caterpillar-259b,0.88,Track Finder model family label
enr_22f8db2917580162599a764f,mdl_cat_259b3,caterpillar-259b3,canonical_model_group,track_finder,4,/pages/equipment-model/caterpillar-259b3,0.88,Track Finder model family label
enr_905b0060da94b0d84a804433,mdl_cat_259d,caterpillar-259d,canonical_model_group,track_finder,4,/pages/equipment-model/caterpillar-259d,0.88,Track Finder model family label
enr_f0855eca6ffbdec575cd69dd,mdl_cat_259d3,caterpillar-259d3,canonical_model_group,track_finder,4,/pages/equipment-model/caterpillar-259d3,0.88,Track Finder model family label
enr_acb656d0054859636f64b0bf,mdl_cat_265,caterpillar-265,canonical_model_group,track_finder,4,/pages/equipment-model/caterpillar-265,0.88,Track Finder model family label
enr_871894255232015fd97da37c,mdl_cat_279c,caterpillar-279c,canonical_model_group,track_finder,4,/pages/equipment-model/caterpillar-279c,0.88,Track Finder model family label
enr_d1ca52a63ecb26f36e093ea7,mdl_cat_279c2,caterpillar-279c2,canonical_model_group,track_finder,4,/pages/equipment-model/caterpillar-279c2,0.88,Track Finder model family label
enr_e975984b978576802c2479f1,mdl_cat_279d,caterpillar-279d,canonical_model_group,track_finder,4,/pages/equipment-model/caterpillar-279d,0.88,Track Finder model family label
enr_17617349985c4a63f37dace4,mdl_cat_279d3,caterpillar-279d3,canonical_model_group,track_finder,4,/pages/equipment-model/caterpillar-279d3,0.88,Track Finder model family label
enr_b7643ed43186221022010950,mdl_cat_289c,caterpillar-289c,canonical_model_group,track_finder,4,/pages/equipment-model/caterpillar-289c,0.88,Track Finder model family label
enr_6e06d46d99cd9e5d7dfd7619,mdl_cat_289c2,caterpillar-289c2,canonical_model_group,track_finder,4,/pages/equipment-model/caterpillar-289c2,0.88,Track Finder model family label
enr_7673fbb0ce7ccb7fa47ee832,mdl_cat_289d,caterpillar-289d,canonical_model_group,track_finder,4,/pages/equipment-model/caterpillar-289d,0.88,Track Finder model family label
enr_24dd8cd00fd5fad3a320f900,mdl_cat_289d2,caterpillar-289d2,canonical_model_group,track_finder,4,/pages/equipment-model/caterpillar-289d2,0.88,Track Finder model family label
enr_66a3bbb652d6bd3d8fb04a98,mdl_cat_289d3,caterpillar-289d3,canonical_model_group,track_finder,4,/pages/equipment-model/caterpillar-289d3,0.88,Track Finder model family label
enr_43b78d2d1233194e9aaf7b57,mdl_cat_299c,caterpillar-299c,canonical_model_group,track_finder,4,/pages/equipment-model/caterpillar-299c,0.88,Track Finder model family label
enr_ae06e221903446c9de7bdd72,mdl_cat_299d,caterpillar-299d,canonical_model_group,track_finder,4,/pages/equipment-model/caterpillar-299d,0.88,Track Finder model family label
enr_5590b9b8f06c03ac2917a817,mdl_cat_299d2,caterpillar-299d2,canonical_model_group,track_finder,4,/pages/equipment-model/caterpillar-299d2,0.88,Track Finder model family label
enr_848bf2f80beb293bae5f19ca,mdl_cat_299d3,caterpillar-299d3,canonical_model_group,track_finder,4,/pages/equipment-model/caterpillar-299d3,0.88,Track Finder model family label
enr_135dd04e3777d0af631e5af7,mdl_cat_299d_xhp,caterpillar-299d-xhp,canonical_model_group,track_finder,4,/pages/equipment-model/caterpillar-299d-xhp,0.88,Track Finder model family label
enr_2352fbe5fa80572027d4ba4e,mdl_case_cx14_zts,case-cx14-zts,canonical_model_group,track_finder,4,/pages/equipment-model/case-cx14-zts,0.88,Track Finder model family label
enr_c5049f5bbbd01cd2dfa29f10,mdl_case_cx16_2001,case-cx16-2001,canonical_model_group,track_finder,4,/pages/equipment-model/case-cx16-2001,0.88,Track Finder model family label
enr_d4c6953307a0489cd17305e8,mdl_boxer_brute_trx,boxer-brute-trx,canonical_model_group,track_finder,4,/pages/equipment-model/boxer-brute-trx,0.88,Track Finder model family label
enr_c45c716eaed0af8bfdfb0b37,mdl_daewoo_solar_018vt,daewoo-solar-018vt,canonical_model_group,track_finder,4,/pages/equipment-model/daewoo-solar-018vt,0.88,Track Finder model family label
enr_4b180bb8a5cb82ee301681db,mdl_ditch_witch_jt2520,ditch-witch-jt-2520-drilling-machine,canonical_model_group,track_finder,4,/pages/equipment-model/ditch-witch-jt-2520-drilling-machine,0.88,Track Finder model family label
enr_fda6876ed5b325a0478aa0fd,mdl_ditch_witch_jt2720,ditch-witch-jt-2720-mach-1-drilling-machine,canonical_model_group,track_finder,4,/pages/equipment-model/ditch-witch-jt-2720-mach-1-drilling-machine,0.88,Track Finder model family label
enr_ecedf5345a1d3189cb4107e1,mdl_ditch_witch_jt860,ditch-witch-jt-860-drilling-machine,canonical_model_group,track_finder,4,/pages/equipment-model/ditch-witch-jt-860-drilling-machine,0.88,Track Finder model family label
enr_6edd97abfacb8a7c9d39b8ca,mdl_ditch_witch_jt922,ditch-witch-jt-922,canonical_model_group,track_finder,4,/pages/equipment-model/ditch-witch-jt-922,0.88,Track Finder model family label
enr_a4136e6297db2fc0d9fbd38e,mdl_ditch_witch_mx182,ditch-witch-mx182,canonical_model_group,track_finder,4,/pages/equipment-model/ditch-witch-mx182,0.88,Track Finder model family label
enr_32d36c55ce6658be7ca40e53,mdl_ditch_witch_mx_352,ditch-witch-mx352,canonical_model_group,track_finder,4,/pages/equipment-model/ditch-witch-mx352,0.88,Track Finder model family label
enr_0f6e6afe3dbb7b534c009604,mdl_ditch_witch_sk1550,ditch-witch-sk-1550,canonical_model_group,track_finder,4,/pages/equipment-model/ditch-witch-sk-1550,0.88,Track Finder model family label
enr_391869427fe0619ef50fe16b,mdl_ditch_witch_sk600,ditch-witch-sk-600,canonical_model_group,track_finder,4,/pages/equipment-model/ditch-witch-sk-600,0.88,Track Finder model family label
enr_2d6f37a14524fe39af751515,mdl_ditch_witch_sk650,ditch-witch-sk-650,canonical_model_group,track_finder,4,/pages/equipment-model/ditch-witch-sk-650,0.88,Track Finder model family label
enr_03828832789058ee6a71aa38,mdl_hyundai_r35z9,hyundai-r-35-z-9,canonical_model_group,track_finder,4,/pages/equipment-model/hyundai-r-35-z-9,0.88,Track Finder model family label
enr_d0a45c2b4d7b2c9c706adc86,mdl_hyundai_r553,hyundai-r55-3,canonical_model_group,track_finder,4,/pages/equipment-model/hyundai-r55-3,0.88,Track Finder model family label
enr_275155a97691cd8eed8f6f03,mdl_hyundai_r557,hyundai-r55-7,canonical_model_group,track_finder,4,/pages/equipment-model/hyundai-r55-7,0.88,Track Finder model family label
enr_3b1e8de9026aa4c95bb5d1a8,mdl_hyundai_r559,hyundai-r55-9,canonical_model_group,track_finder,4,/pages/equipment-model/hyundai-r55-9,0.88,Track Finder model family label
enr_9386ab8383f8ca0315b30444,mdl_hyundai_r60cr9,hyundai-r60cr-9,canonical_model_group,track_finder,4,/pages/equipment-model/hyundai-r60cr-9,0.88,Track Finder model family label
enr_4bd4b163901ac4a020b54aae,mdl_hyundai_r60cr9a,hyundai-r60cr-9a,canonical_model_group,track_finder,4,/pages/equipment-model/hyundai-r60cr-9a,0.88,Track Finder model family label
enr_1666dbaddae0825f241d1ae6,mdl_hyundai_robex_17z_9a,hyundai-robex-17z-9a,canonical_model_group,track_finder,4,/pages/equipment-model/hyundai-robex-17z-9a,0.88,Track Finder model family label
enr_9bd6da11e461fcd8361049b9,mdl_hyundai_robex_27z_9,hyundai-robex-27z-9,canonical_model_group,track_finder,4,/pages/equipment-model/hyundai-robex-27z-9,0.88,Track Finder model family label
enr_918b80b4085aeb428932fd77,mdl_hyundai_robex285,hyundai-robex-28-5,canonical_model_group,track_finder,4,/pages/equipment-model/hyundai-robex-28-5,0.88,Track Finder model family label
enr_568c405171289ee1e4a5e932,mdl_hyundai_robex_30,hyundai-robex-30,canonical_model_group,track_finder,4,/pages/equipment-model/hyundai-robex-30,0.88,Track Finder model family label
enr_27ea09bd18b5ba56caa1faf0,mdl_hyundai_robex30z9ak,hyundai-robex-30z-9ak,canonical_model_group,track_finder,4,/pages/equipment-model/hyundai-robex-30z-9ak,0.88,Track Finder model family label
enr_d06727f18b364387a90d3380,mdl_hyundai_robex_35_5,hyundai-robex-35-5,canonical_model_group,track_finder,4,/pages/equipment-model/hyundai-robex-35-5,0.88,Track Finder model family label
enr_db269a6983c83a59a18e5ab2,mdl_hyundai_robex_35_7,hyundai-robex-35-7,canonical_model_group,track_finder,4,/pages/equipment-model/hyundai-robex-35-7,0.88,Track Finder model family label
enr_cb307435313bd53fde2d9115,mdl_hyundai_robex359,hyundai-robex-35-9,canonical_model_group,track_finder,4,/pages/equipment-model/hyundai-robex-35-9,0.88,Track Finder model family label
enr_28faf417a752946480690046,mdl_hyundai_robex35z7a,hyundai-robex-35z-7a,canonical_model_group,track_finder,4,/pages/equipment-model/hyundai-robex-35z-7a,0.88,Track Finder model family label
enr_2ab2e5b2b41d22cddf1c4bce,mdl_hyundai_robex35z9ak,hyundai-robex-35z-9ak,canonical_model_group,track_finder,4,/pages/equipment-model/hyundai-robex-35z-9ak,0.88,Track Finder model family label
enr_c642da480de839b96b214bb0,mdl_hyundai_robex_36_7,hyundai-robex-36-7,canonical_model_group,track_finder,4,/pages/equipment-model/hyundai-robex-36-7,0.88,Track Finder model family label
enr_b07280bf558427bfd62b4b17,mdl_hyundai_robex553,hyundai-robex-55-3,canonical_model_group,track_finder,4,/pages/equipment-model/hyundai-robex-55-3,0.88,Track Finder model family label
enr_6ad2ae7936f2a166802faf71,mdl_hyundai_robex557,hyundai-robex-55-7,canonical_model_group,track_finder,4,/pages/equipment-model/hyundai-robex-55-7,0.88,Track Finder model family label
enr_8aea545be66a7951b15bbca9,mdl_hyundai_robex559,hyundai-robex-55-9,canonical_model_group,track_finder,4,/pages/equipment-model/hyundai-robex-55-9,0.88,Track Finder model family label
enr_5aca6a1b0de2f3fd00248143,mdl_hyundai_robex559a,hyundai-robex-55-9a,canonical_model_group,track_finder,4,/pages/equipment-model/hyundai-robex-55-9a,0.88,Track Finder model family label
enr_322a1f09584a93acbaa1ecb7,mdl_hyundai_robex60cr9a,hyundai-robex-60cr-9a,canonical_model_group,track_finder,4,/pages/equipment-model/hyundai-robex-60cr-9a,0.88,Track Finder model family label
enr_0c262cb1e3ff1d5e98609e95,mdl_hyundai_robex75_7,hyundai-robex-75-7,canonical_model_group,track_finder,4,/pages/equipment-model/hyundai-robex-75-7,0.88,Track Finder model family label
enr_90a24cd1cede48a8d586059c,mdl_hyundai_robex807,hyundai-robex-80-7,canonical_model_group,track_finder,4,/pages/equipment-model/hyundai-robex-80-7,0.88,Track Finder model family label
enr_606d5ce1aaad9b1ded27ba0a,mdl_hyundai_robex80cr9,hyundai-robex-80cr-9,canonical_model_group,track_finder,4,/pages/equipment-model/hyundai-robex-80cr-9,0.88,Track Finder model family label
enr_8608c2d4121038fffc5771fe,mdl_hyundai_robexr60cr9,hyundai-robex-r60-cr-9,canonical_model_group,track_finder,4,/pages/equipment-model/hyundai-robex-r60-cr-9,0.88,Track Finder model family label
enr_8633cf558e8b98c9923b1414,mdl_hyundai_robex35z7a,hyundai-robex-35z-7a,canonical_model_group,track_finder,4,/pages/equipment-model/hyundai-robex35z-7a,0.88,Track Finder model family label
enr_0a18dd6136defbbcfe8cac8e,mdl_ihi_18_j,ihi-18-j,canonical_model_group,track_finder,4,/pages/equipment-model/ihi-18-j,0.88,Track Finder model family label
enr_203d156bfd187b04442778a0,mdl_jcb_16c_1,jcb-16c-1,canonical_model_group,track_finder,4,/pages/equipment-model/jcb-16c-1,0.88,Track Finder model family label
enr_df4d071166509aaf309a7b50,mdl_jcb_18z_1,jcb-18z-1,canonical_model_group,track_finder,4,/pages/equipment-model/jcb-18z-1,0.88,Track Finder model family label
enr_668742fcb05e027a1706b214,mdl_jcb_19c_1,jcb-19c-1,canonical_model_group,track_finder,4,/pages/equipment-model/jcb-19c-1,0.88,Track Finder model family label
enr_43c19120f931a94b6eaa380f,mdl_jcb_8032zts,jcb-803-2-zts,canonical_model_group,track_finder,4,/pages/equipment-model/jcb-803-2-zts,0.88,Track Finder model family label
enr_16222caf2e1ff61f149ff4a5,mdl_jcb_8030_zts,jcb-8030zts,canonical_model_group,track_finder,4,/pages/equipment-model/jcb-8030zts,0.88,Track Finder model family label
enr_2eea05df6235342f817a7b6d,mdl_jcb_8035_zts,jcb-8035zts,canonical_model_group,track_finder,4,/pages/equipment-model/jcb-8035zts,0.88,Track Finder model family label
enr_08b6179f73a1e4a5d2d4a4d5,mdl_jcb_8052,jcb-805-2,canonical_model_group,track_finder,4,/pages/equipment-model/jcb-805-2,0.88,Track Finder model family label
enr_b9903537f7bb2ccac10b8f66,mdl_jcb_8050_zts,jcb-8050zts,canonical_model_group,track_finder,4,/pages/equipment-model/jcb-8050zts,0.88,Track Finder model family label
enr_240c2f2a38a55fcc44a8902c,mdl_jcb_8080_zts,jcb-8080zts,canonical_model_group,track_finder,4,/pages/equipment-model/jcb-8080zts,0.88,Track Finder model family label
enr_8379170486a8faa4d5b796ad,mdl_jcb_85z_1,jcb-85z-1,canonical_model_group,track_finder,4,/pages/equipment-model/jcb-85z-1,0.88,Track Finder model family label
enr_8025e80ad263c8bf529977bb,mdl_jcb_86c_1,jcb-86c-1,canonical_model_group,track_finder,4,/pages/equipment-model/jcb-86c-1,0.88,Track Finder model family label
enr_13068546b732539c2e6aa162,mdl_jcb_jz_70,jcb-jz-70,canonical_model_group,track_finder,4,/pages/equipment-model/jcb-jz-70,0.88,Track Finder model family label
enr_0ccd366ac8de4fb4b87c0d9f,mdl_jcb_jz_70,jcb-jz-70,canonical_model_group,track_finder,4,/pages/equipment-model/jcb-jz70,0.88,Track Finder model family label
enr_ad2ea2e0a5499736be64d3df,mdl_komatsu_pc18mr_2,komatsu-pc18mr-2,canonical_model_group,track_finder,4,/pages/equipment-model/komatsu-pc18mr-2,0.88,Track Finder model family label
enr_78c20083a63e51b783e723ba,mdl_komatsu_pc18mr_3,komatsu-pc18mr-3,canonical_model_group,track_finder,4,/pages/equipment-model/komatsu-pc18mr-3,0.88,Track Finder model family label
enr_9a86be7b0d678e7c21d3a225,mdl_komatsu_pc30mr3,komatsu-pc30mr-3,canonical_model_group,track_finder,4,/pages/equipment-model/komatsu-pc30mr-3,0.88,Track Finder model family label
enr_86c7640a3ca9e22c487ebd80,mdl_komatsu_pc_30_mr_5,komatsu-pc30mr-5,canonical_model_group,track_finder,4,/pages/equipment-model/komatsu-pc30mr-5,0.88,Track Finder model family label
enr_90f8bde0d2d1a70cbc35c856,mdl_komatsu_pc35mr3,komatsu-pc35mr-3,canonical_model_group,track_finder,4,/pages/equipment-model/komatsu-pc35mr-3,0.88,Track Finder model family label
enr_a1a6908c75cc807e1014737a,mdl_komatsu_pc_35_mr_5,komatsu-pc35mr-5,canonical_model_group,track_finder,4,/pages/equipment-model/komatsu-pc35mr-5,0.88,Track Finder model family label
enr_b388374132faa8cdad91a69d,mdl_kubota_kx018_4,kubota-kx018-4,canonical_model_group,track_finder,4,/pages/equipment-model/kubota-kx018-4,0.88,Track Finder model family label
enr_3be305797c0d7c338ffaf44b,mdl_kubota_kx033_4,kubota-kx033-4,canonical_model_group,track_finder,4,/pages/equipment-model/kubota-kx033-4,0.88,Track Finder model family label
enr_1ccc394afa271f5bac17e4de,mdl_kubota_kx040_4,kubota-kx040-4,canonical_model_group,track_finder,4,/pages/equipment-model/kubota-kx040-4,0.88,Track Finder model family label
enr_24d03463e3656390c7b26b9a,mdl_kubota_kx_040_5,kubota-kx040-5,canonical_model_group,track_finder,4,/pages/equipment-model/kubota-kx040-5,0.88,Track Finder model family label
enr_bb753aa9e3023a16c0e1e9ac,mdl_kubota_kx057_4,kubota-kx057-4,canonical_model_group,track_finder,4,/pages/equipment-model/kubota-kx057-4,0.88,Track Finder model family label
enr_b0c350af6b2f80d0599bbeb9,mdl_kubota_kx057_5,kubota-kx057-5,canonical_model_group,track_finder,4,/pages/equipment-model/kubota-kx057-5,0.88,Track Finder model family label
enr_688f3850faf23772f5afbde3,mdl_kubota_kx121_2,kubota-kx121-2,canonical_model_group,track_finder,4,/pages/equipment-model/kubota-kx121-2,0.88,Track Finder model family label
enr_855f6d01310bf3b152caf17a,mdl_kubota_kx121_2s,kubota-kx-121-2s,canonical_model_group,track_finder,4,/pages/equipment-model/kubota-kx-121-2s,0.88,Track Finder model family label
enr_c1f7e395cd04b7ff0027e3f9,mdl_kubota_kx121_3,kubota-kx121-3,canonical_model_group,track_finder,4,/pages/equipment-model/kubota-kx121-3,0.88,Track Finder model family label
enr_fc24baf51fab965d04744866,mdl_kubota_u_15_3,kubota-u-15-3,canonical_model_group,track_finder,4,/pages/equipment-model/kubota-u-15-3,0.88,Track Finder model family label
enr_eef94d61a50e37539fa0a071,mdl_new_holland_e352c,new-holland-e-35-2c,canonical_model_group,track_finder,4,/pages/equipment-model/new-holland-e-35-2c,0.88,Track Finder model family label
enr_769c1d2a22ced52342e297f4,mdl_new_holland_e_35_2sr,new-holland-e-35-2sr,canonical_model_group,track_finder,4,/pages/equipment-model/new-holland-e-35-2sr,0.88,Track Finder model family label
enr_759eb31ba35c4fd6ed09be07,mdl_new_holland_e_35sr,new-holland-e35sr,canonical_model_group,track_finder,4,/pages/equipment-model/new-holland-e35sr,0.88,Track Finder model family label
enr_a3e78e37a85f136325e2c078,mdl_new_holland_e_70bsr,new-holland-e-70bsr,canonical_model_group,track_finder,4,/pages/equipment-model/new-holland-e-70bsr,0.88,Track Finder model family label
enr_dbfbe06ab659f347c73a38ac,mdl_new_holland_e_70sr,new-holland-e-70sr,canonical_model_group,track_finder,4,/pages/equipment-model/new-holland-e-70sr,0.88,Track Finder model family label
enr_7c2852d5cbb3219fb46ac0c7,mdl_new_holland_e_80,new-holland-e-80,canonical_model_group,track_finder,4,/pages/equipment-model/new-holland-e-80,0.88,Track Finder model family label
enr_3d9cf6c139fdbe31cf307e7d,mdl_new_holland_e_80bmsr,new-holland-e-80bmsr,canonical_model_group,track_finder,4,/pages/equipment-model/new-holland-e-80bmsr,0.88,Track Finder model family label
enr_e5612981f5d5413a41cedff6,mdl_new_holland_e_80cs,new-holland-e-80cs,canonical_model_group,track_finder,4,/pages/equipment-model/new-holland-e-80cs,0.88,Track Finder model family label
enr_143c302c81fca2a72f9b222e,mdl_new_holland_e_80msr,new-holland-e-80msr,canonical_model_group,track_finder,4,/pages/equipment-model/new-holland-e-80msr,0.88,Track Finder model family label
enr_a9c5caceb44f1adb9b6995cb,mdl_new_holland_eh30_b,new-holland-eh-30b,canonical_model_group,track_finder,4,/pages/equipment-model/new-holland-eh-30b,0.88,Track Finder model family label
enr_1843f9acca9ca3be619a3760,mdl_new_holland_eh_35b,new-holland-eh-35b,canonical_model_group,track_finder,4,/pages/equipment-model/new-holland-eh-35b,0.88,Track Finder model family label
enr_f56a8e4d2c24600201318c03,mdl_sany_sy18c,sany-sy18c,canonical_model_group,track_finder,4,/pages/equipment-model/sany-sy18c,0.88,Track Finder model family label
enr_716192b971a684355f503e45,mdl_sany_sy26c,sany-sy26c,canonical_model_group,track_finder,4,/pages/equipment-model/sany-sy26c,0.88,Track Finder model family label
enr_8b77df366dcd186dcc703acb,mdl_sany_sy26u,sany-sy26u,canonical_model_group,track_finder,4,/pages/equipment-model/sany-sy26u,0.88,Track Finder model family label
enr_8e6162e0d6219036475ffcb9,mdl_sany_sy35c,sany-sy35c,canonical_model_group,track_finder,4,/pages/equipment-model/sany-sy35c,0.88,Track Finder model family label
enr_39a09531c9bfa5e9c71e939a,mdl_sany_sy35u,sany-sy35u,canonical_model_group,track_finder,4,/pages/equipment-model/sany-sy35u,0.88,Track Finder model family label
enr_20ace85c9705ef9a6d39dd0e,mdl_sany_sy50u,sany-sy50u,canonical_model_group,track_finder,4,/pages/equipment-model/sany-sy50u,0.88,Track Finder model family label
enr_5fe6d2a85ff10bec4df45b7e,mdl_sany_sy60c,sany-sy60c,canonical_model_group,track_finder,4,/pages/equipment-model/sany-sy60c,0.88,Track Finder model family label
enr_a01d3de3094720fc783ed8e3,mdl_sany_sy75c,sany-sy75c,canonical_model_group,track_finder,4,/pages/equipment-model/sany-sy75c,0.88,Track Finder model family label
enr_6fc70d4fc12e6e47e46e280c,mdl_sany_sy80u,sany-sy80u,canonical_model_group,track_finder,4,/pages/equipment-model/sany-sy80u,0.88,Track Finder model family label
enr_27677a30630c4705dba62644,mdl_volvo_ec_20b_xtv,volvo-ec-20b-xtv,canonical_model_group,track_finder,4,/pages/equipment-model/volvo-ec-20b-xtv,0.88,Track Finder model family label
enr_7f8fda257ed3bfcc94e6ff97,mdl_volvo_ec_20c,volvo-ec-20c,canonical_model_group,track_finder,4,/pages/equipment-model/volvo-ec-20c,0.88,Track Finder model family label
enr_aa544f897e12c375b5b9dc3a,mdl_yanmar_vio27_2,yanmar-vio-27-2-offset-type,canonical_model_group,track_finder,4,/pages/equipment-model/yanmar-vio-27-2-offset-type,0.88,Track Finder model family label
enr_fff2397bca93171988a377b5,mdl_yanmar_vio27_3,yanmar-vio-27-3-offset-type,canonical_model_group,track_finder,4,/pages/equipment-model/yanmar-vio-27-3-offset-type,0.88,Track Finder model family label
enr_b905e17a2daff47b600d502c,mdl_yanmar_vio27_5,yanmar-vio-27-5-offset-type,canonical_model_group,track_finder,4,/pages/equipment-model/yanmar-vio-27-5-offset-type,0.88,Track Finder model family label
enr_afe7179fae9792e2cb1eee86,mdl_yanmar_vio35_6a,yanmar-vio-35-6a,canonical_model_group,track_finder,4,/pages/equipment-model/yanmar-vio-35-6a,0.88,Track Finder model family label
enr_b31c5d159e5792aadb656702,mdl_yanmar_vio40_1,yanmar-vio-40-1-offset-type,canonical_model_group,track_finder,4,/pages/equipment-model/yanmar-vio-40-1-offset-type,0.88,Track Finder model family label
enr_b0fe98370f206d01ccc74760,mdl_yanmar_vio40_2,yanmar-vio-40-2-offset-type,canonical_model_group,track_finder,4,/pages/equipment-model/yanmar-vio-40-2-offset-type,0.88,Track Finder model family label
enr_be78d20bc437bb72c6a0947c,mdl_yanmar_vio40v,yanmar-vio-40v-offset-type,canonical_model_group,track_finder,4,/pages/equipment-model/yanmar-vio-40v-offset-type,0.88,Track Finder model family label
enr_f61c6d086f49b67c2a9c5c3b,mdl_yanmar_vio45,yanmar-vio-45-offset-type,canonical_model_group,track_finder,4,/pages/equipment-model/yanmar-vio-45-offset-type,0.88,Track Finder model family label
enr_30644ab720a08bd847c4282a,mdl_yanmar_vio45_5,yanmar-vio-45-5-offset-type,canonical_model_group,track_finder,4,/pages/equipment-model/yanmar-vio-45-5-offset-type,0.88,Track Finder model family label
enr_d26e370be24906e475f5772d,mdl_yanmar_vio456a,yanmar-vio45-6a,canonical_model_group,track_finder,4,/pages/equipment-model/yanmar-vio45-6a,0.88,Track Finder model family label
enr_1685b7fd5cb0bc3ae720ecea,mdl_yanmar_vio45cr,yanmar-vio-45-cr-offset-type,canonical_model_group,track_finder,4,/pages/equipment-model/yanmar-vio-45-cr-offset-type,0.88,Track Finder model family label
enr_5d768b1d6b266763e95b5c78,mdl_yanmar_vio_45_v,yanmar-vio-45v-offset-type,canonical_model_group,track_finder,4,/pages/equipment-model/yanmar-vio-45v-offset-type,0.88,Track Finder model family label
enr_6ce7e2efbff07fd7ecc0e953,mdl_yanmar_vio50_1,yanmar-vio-50-1-offset-type,canonical_model_group,track_finder,4,/pages/equipment-model/yanmar-vio-50-1-offset-type,0.88,Track Finder model family label
enr_de87c4b094341347a6e3922f,mdl_yanmar_vio50_2,yanmar-vio-50-2-offset-type,canonical_model_group,track_finder,4,/pages/equipment-model/yanmar-vio-50-2-offset-type,0.88,Track Finder model family label
enr_ea6f365633ace4901868e516,mdl_yanmar_vio_50_v,yanmar-vio-50v-offset-type,canonical_model_group,track_finder,4,/pages/equipment-model/yanmar-vio-50v-offset-type,0.88,Track Finder model family label
enr_b3499b4880c2cc0f53b76b1d,mdl_yanmar_vio55,yanmar-vio-55-offset-type,canonical_model_group,track_finder,4,/pages/equipment-model/yanmar-vio-55-offset-type,0.88,Track Finder model family label
enr_beb5bc3fc670178ed64e78ea,mdl_yanmar_vio55_5,yanmar-vio-55-5-offset-type,canonical_model_group,track_finder,4,/pages/equipment-model/yanmar-vio-55-5-offset-type,0.88,Track Finder model family label
enr_f1f97df862a9167d7ac493c8,mdl_yanmar_vio55_6a,yanmar-vio-55-6a,canonical_model_group,track_finder,4,/pages/equipment-model/yanmar-vio-55-6a,0.88,Track Finder model family label
enr_daceea5d3788013116d48f47,mdl_yanmar_vio_55_cr,yanmar-vio-55-cr-offset-type,canonical_model_group,track_finder,4,/pages/equipment-model/yanmar-vio-55-cr-offset-type,0.88,Track Finder model family label
enr_0fd3d8783371910be72af2eb,mdl_kobelco_sk035,kobelco-sk035,canonical_model_group,track_finder,4,/pages/equipment-model/kobelco-sk035,0.88,Track Finder model family label
enr_0b342e38fac08edc44057ce6,mdl_kobelco_sk80cs,kobelco-sk80cs,canonical_model_group,track_finder,4,/pages/equipment-model/kobelco-sk80cs,0.88,Track Finder model family label
enr_8cceeec1586d1406db4edd8e,mdl_kobelco_sk80msr,kobelco-sk80msr,canonical_model_group,track_finder,4,/pages/equipment-model/kobelco-sk80msr,0.88,Track Finder model family label
enr_104eb8b753014bd2bb53bfb2,mdl_kobelco_sk85cs,kobelco-sk85cs,canonical_model_group,track_finder,4,/pages/equipment-model/kobelco-sk85cs,0.88,Track Finder model family label
enr_2673a46f7d6f8b6710e88541,mdl_kobelco_sk70sr_2,kobelco-sk70sr-2,canonical_model_group,track_finder,4,/pages/equipment-model/kobelco-sk70sr-2,0.88,Track Finder model family label
enr_0956cc1ce32c8e39a5bc806e,mdl_cat_301_5,caterpillar-301-5,canonical_model_group,track_finder,4,/pages/equipment-model/caterpillar-301-5,0.88,Track Finder model family label
enr_9a347aeee00c33711b6b3510,mdl_cat_3016,caterpillar-301-6,canonical_model_group,track_finder,4,/pages/equipment-model/caterpillar-301-6,0.88,Track Finder model family label
enr_a0590bc82cfb942c6166cc06,mdl_cat_3016c,caterpillar-301-6c,canonical_model_group,track_finder,4,/pages/equipment-model/caterpillar-301-6c,0.88,Track Finder model family label
enr_a68ac0255b0788700a6e08e8,mdl_cat_301_7d,caterpillar-301-7d,canonical_model_group,track_finder,4,/pages/equipment-model/caterpillar-301-7d,0.88,Track Finder model family label
enr_9a5f5c0f1039c57059a40cbc,mdl_cat_3018c,caterpillar-301-8c,canonical_model_group,track_finder,4,/pages/equipment-model/caterpillar-301-8c,0.88,Track Finder model family label
enr_02f05bdf44f5477fc72bc3b7,mdl_cat_302_5,caterpillar-302-5,canonical_model_group,track_finder,4,/pages/equipment-model/caterpillar-302-5,0.88,Track Finder model family label
enr_8fb16305633e185ba8121b24,mdl_cat_302_5c,caterpillar-302-5c,canonical_model_group,track_finder,4,/pages/equipment-model/caterpillar-302-5c,0.88,Track Finder model family label
enr_924001d8f07f8ce9c1dbf26b,mdl_cat_303_5,caterpillar-303-5,canonical_model_group,track_finder,4,/pages/equipment-model/caterpillar-303-5,0.88,Track Finder model family label
enr_1764852228410130f250d26f,mdl_cat_303_5c_cr,caterpillar-303-5c-cr,canonical_model_group,track_finder,4,/pages/equipment-model/caterpillar-303-5c-cr,0.88,Track Finder model family label
enr_2ace933864a122f6a6b52cbc,mdl_cat_303_5c_cr,caterpillar-303-5c-cr,canonical_model_group,track_finder,4,/pages/equipment-model/caterpillar-303-5ccr,0.88,Track Finder model family label
enr_20fdbf22ae4409a14e564684,mdl_cat_303_5_cr,caterpillar-303-5cr,canonical_model_group,track_finder,4,/pages/equipment-model/caterpillar-303-5cr,0.88,Track Finder model family label
enr_c8281cc2cf5797d02ce213cd,mdl_cat_303_5d,caterpillar-303-5d,canonical_model_group,track_finder,4,/pages/equipment-model/caterpillar-303-5d,0.88,Track Finder model family label
enr_fb487e183288be5f83c18bfb,mdl_cat_303_5d_cr,caterpillar-303-5d-cr,canonical_model_group,track_finder,4,/pages/equipment-model/caterpillar-303-5d-cr,0.88,Track Finder model family label
enr_d4688c4b5fb914a0c29703ab,mdl_cat_303_5e_cr,caterpillar-303-5e-cr,canonical_model_group,track_finder,4,/pages/equipment-model/caterpillar-303-5e-cr,0.88,Track Finder model family label
enr_a1ae90ff5acb9228be485b7b,mdl_cat_303c_cr,caterpillar-303ccr,canonical_model_group,track_finder,4,/pages/equipment-model/caterpillar-303ccr,0.88,Track Finder model family label
enr_fd90c0f5c9029bae3dd67226,mdl_cat_303_cr,caterpillar-303cr,canonical_model_group,track_finder,4,/pages/equipment-model/caterpillar-303cr,0.88,Track Finder model family label
enr_fb7705c250f6c866f2944788,mdl_cat_303e,caterpillar-303e,canonical_model_group,track_finder,4,/pages/equipment-model/caterpillar-303e,0.88,Track Finder model family label
enr_1bca219a6302551ae699298e,mdl_cat_303ecr,caterpillar-303ecr,canonical_model_group,track_finder,4,/pages/equipment-model/caterpillar-303ecr,0.88,Track Finder model family label
enr_0decd8d9b42a8298a6f4f147,mdl_cat_304,caterpillar-304,canonical_model_group,track_finder,4,/pages/equipment-model/caterpillar-304,0.88,Track Finder model family label
enr_50dc42e8bf39f4dc834b781c,mdl_cat_304_5,caterpillar-304-5,canonical_model_group,track_finder,4,/pages/equipment-model/caterpillar-304-5,0.88,Track Finder model family label
enr_d4a40a9a7e599565dcff9152,mdl_cat_304_5e2,caterpillar-304-5e2,canonical_model_group,track_finder,4,/pages/equipment-model/caterpillar-304-5e2,0.88,Track Finder model family label
enr_435e46420a466f65cb2bfaaf,mdl_cat_304c,caterpillar-304c,canonical_model_group,track_finder,4,/pages/equipment-model/caterpillar-304c,0.88,Track Finder model family label
enr_ab9b815e717130fba544c35c,mdl_cat_304c_cr,caterpillar-304ccr,canonical_model_group,track_finder,4,/pages/equipment-model/caterpillar-304ccr,0.88,Track Finder model family label
enr_f50b4f506206d5e90a496542,mdl_cat_304cr,caterpillar-304cr,canonical_model_group,track_finder,4,/pages/equipment-model/caterpillar-304cr,0.88,Track Finder model family label
enr_f12565111338b3d1dc59f9f8,mdl_cat_304d,caterpillar-304d,canonical_model_group,track_finder,4,/pages/equipment-model/caterpillar-304d,0.88,Track Finder model family label
enr_90385bf621c5df98147b9da5,mdl_cat_304d_cr,caterpillar-304d-cr,canonical_model_group,track_finder,4,/pages/equipment-model/caterpillar-304d-cr,0.88,Track Finder model family label
enr_24e449b8954b415545bfeed0,mdl_cat_304e,caterpillar-304e,canonical_model_group,track_finder,4,/pages/equipment-model/caterpillar-304e,0.88,Track Finder model family label
enr_bfb3a2be751da5196e134ab4,mdl_cat_304e2,caterpillar-304e2,canonical_model_group,track_finder,4,/pages/equipment-model/caterpillar-304e2,0.88,Track Finder model family label
enr_66167b28c388e79719e1c3ae,mdl_cat_304e_cr,caterpillar-304e-cr,canonical_model_group,track_finder,4,/pages/equipment-model/caterpillar-304e-cr,0.88,Track Finder model family label
enr_4096d313f61442342ab352f3,mdl_cat_305_5,caterpillar-305-5,canonical_model_group,track_finder,4,/pages/equipment-model/caterpillar-305-5,0.88,Track Finder model family label
enr_c551df1905765737f38cec4d,mdl_cat_305_5d_cr,caterpillar-305-5d-cr,canonical_model_group,track_finder,4,/pages/equipment-model/caterpillar-305-5d-cr,0.88,Track Finder model family label
enr_038df10930b8719cd62acfb1,mdl_cat_305_5e,caterpillar-305-5e,canonical_model_group,track_finder,4,/pages/equipment-model/caterpillar-305-5e,0.88,Track Finder model family label
enr_a95fba7aa2b5f8548c18481c,mdl_cat_305_5e_cr,caterpillar-305-5e-cr,canonical_model_group,track_finder,4,/pages/equipment-model/caterpillar-305-5e-cr,0.88,Track Finder model family label
enr_c49d055308326c205222203f,mdl_cat_305_5e2,caterpillar-305-5e2,canonical_model_group,track_finder,4,/pages/equipment-model/caterpillar-305-5e2,0.88,Track Finder model family label
enr_435739d8765e32e65b32be98,mdl_cat_305_5e2_cr,caterpillar-305-5e2-cr,canonical_model_group,track_finder,4,/pages/equipment-model/caterpillar-305-5e2-cr,0.88,Track Finder model family label
enr_f8ff40467ca69f94d1b7f258,mdl_cat_305c,caterpillar-305c,canonical_model_group,track_finder,4,/pages/equipment-model/caterpillar-305c,0.88,Track Finder model family label
enr_97c3e1b6d55d110bf1c96f73,mdl_cat_305c_cr,caterpillar-305c-cr,canonical_model_group,track_finder,4,/pages/equipment-model/caterpillar-305c-cr,0.88,Track Finder model family label
enr_c25017d8744840fd51d97b42,mdl_cat_305_cr,caterpillar-305cr,canonical_model_group,track_finder,4,/pages/equipment-model/caterpillar-305cr,0.88,Track Finder model family label
enr_60de9486ebed52f24fb6de89,mdl_cat_305d,caterpillar-305d,canonical_model_group,track_finder,4,/pages/equipment-model/caterpillar-305d,0.88,Track Finder model family label
enr_1a32489c083fff92ceeba434,mdl_cat_305dcr,caterpillar-305dcr,canonical_model_group,track_finder,4,/pages/equipment-model/caterpillar-305dcr,0.88,Track Finder model family label
enr_50da0e40567cccc6aa335f64,mdl_cat_305e,caterpillar-305e,canonical_model_group,track_finder,4,/pages/equipment-model/caterpillar-305e,0.88,Track Finder model family label
enr_de95a3a715389e8b21ee0ab5,mdl_cat_305e2,caterpillar-305e2,canonical_model_group,track_finder,4,/pages/equipment-model/caterpillar-305e2,0.88,Track Finder model family label
enr_ccdb651106777654096c0af0,mdl_cat_305e2_cr,caterpillar-305e2-cr,canonical_model_group,track_finder,4,/pages/equipment-model/caterpillar-305e2-cr,0.88,Track Finder model family label
enr_eaf9277e6c66fca9918a5207,mdl_cat_305e_cr,caterpillar-305e-cr,canonical_model_group,track_finder,4,/pages/equipment-model/caterpillar-305e-cr,0.88,Track Finder model family label
enr_b3d426f36bb287e2cf5e3809,mdl_cat_306,caterpillar-306,canonical_model_group,track_finder,4,/pages/equipment-model/caterpillar-306,0.88,Track Finder model family label
enr_887c79a059820dcfe6bdfbd2,mdl_cat_306_cr,caterpillar-306-cr,canonical_model_group,track_finder,4,/pages/equipment-model/caterpillar-306-cr,0.88,Track Finder model family label
enr_3aac1ec48f12d07f6423f536,mdl_cat_308b,caterpillar-308b,canonical_model_group,track_finder,4,/pages/equipment-model/caterpillar-308b,0.88,Track Finder model family label
enr_722f763b376e6f4fda0c92ca,mdl_cat_308c_cr,caterpillar-308ccr,canonical_model_group,track_finder,4,/pages/equipment-model/caterpillar-308ccr,0.88,Track Finder model family label
enr_72bc6e5f11b27f8a670ecdd6,mdl_cat_308_cr,caterpillar-308cr,canonical_model_group,track_finder,4,/pages/equipment-model/caterpillar-308cr,0.88,Track Finder model family label
enr_7db5603c71b9a86720b8c6d5,mdl_cat_308c_sr,caterpillar-308c-sr,canonical_model_group,track_finder,4,/pages/equipment-model/caterpillar-308c-sr,0.88,Track Finder model family label
enr_2b20ba576584583dfc065541,mdl_cat_308dcr,caterpillar-308d-cr,canonical_model_group,track_finder,4,/pages/equipment-model/caterpillar-308d-cr,0.88,Track Finder model family label
enr_c9c9c59e07167b851c0a227a,mdl_cat_308e,caterpillar-308e,canonical_model_group,track_finder,4,/pages/equipment-model/caterpillar-308e,0.88,Track Finder model family label
enr_d752c80a6f0c64d1548edaa9,mdl_cat_308e2_cr,caterpillar-308e2-cr,canonical_model_group,track_finder,4,/pages/equipment-model/caterpillar-308e2-cr,0.88,Track Finder model family label
enr_ce38427694f003d0acbff17e,mdl_cat_308e_cr,caterpillar-308e-cr,canonical_model_group,track_finder,4,/pages/equipment-model/caterpillar-308e-cr,0.88,Track Finder model family label
enr_3b8f3b0484d7f50f5afdaf72,mdl_cat_mm15t,caterpillar-mm15t,canonical_model_group,track_finder,4,/pages/equipment-model/caterpillar-mm15t,0.88,Track Finder model family label
enr_24e7c89bc005bdd63a062c1c,mdl_terex_tc_37,terex-tc37,canonical_model_group,track_finder,4,/pages/equipment-model/terex-tc37,0.88,Track Finder model family label
enr_9fb6a22b12cd6ec3445666f6,mdl_hitachi_ex_35_u,hitachi-ex35u,canonical_model_group,track_finder,4,/pages/equipment-model/hitachi-ex35u,0.88,Track Finder model family label
enr_14ff9b04e41e755d599bf44f,mdl_hitachi_zx17u_2,hitachi-zx17u-2,canonical_model_group,track_finder,4,/pages/equipment-model/hitachi-zx17u-2,0.88,Track Finder model family label
enr_9345ea5bc9c02f259858a9b9,mdl_hitachi_zx30u_5,hitachi-zx30-u5,canonical_model_group,track_finder,4,/pages/equipment-model/hitachi-zx30-u5,0.88,Track Finder model family label
enr_0e217a499c866505618ad4b3,mdl_hitachi_zx50u_5,hitachi-zx50u-5,canonical_model_group,track_finder,4,/pages/equipment-model/hitachi-zx50u-5,0.88,Track Finder model family label
enr_2432cc0abbc066c1214c09b4,mdl_asv_posi_trac_hd4520,asv-posi-trachd4520,canonical_model_group,track_finder,4,/pages/equipment-model/asv-posi-trachd4520,0.88,Track Finder model family label
enr_7076b270614367e9d9a1ee1d,mdl_asv_pt100,asv-pt-100,canonical_model_group,track_finder,4,/pages/equipment-model/asv-pt-100,0.88,Track Finder model family label
enr_a3d541c102cff6930a30de01,mdl_asv_rt_75_hd,asv-rt-75hd,canonical_model_group,track_finder,4,/pages/equipment-model/asv-rt-75hd,0.88,Track Finder model family label
enr_a07c213555e18fd66023aaf2,mdl_asv_rt_25,asv-rt25,canonical_model_group,track_finder,4,/pages/equipment-model/asv-rt25,0.88,Track Finder model family label
enr_8c11a91eb3a9c9f5910cffab,mdl_asv_rt_30,asv-rt30,canonical_model_group,track_finder,4,/pages/equipment-model/asv-rt30,0.88,Track Finder model family label
enr_7a42975e1388cc9bcdffe431,mdl_asv_rt_40,asv-rt40,canonical_model_group,track_finder,4,/pages/equipment-model/asv-rt40,0.88,Track Finder model family label
enr_21c4a5b46b0fb7124b011760,mdl_asv_sr80,asv-sr-80,canonical_model_group,track_finder,4,/pages/equipment-model/asv-sr-80,0.88,Track Finder model family label
enr_fb94b9eba26441fa0615af71,mdl_terex_pt75,terex-pt-75,canonical_model_group,track_finder,4,/pages/equipment-model/terex-pt-75,0.88,Track Finder model family label
enr_80e5935d67ce3a365d0fffa8,mdl_terex_pt_100,terex-pt-100,canonical_model_group,track_finder,4,/pages/equipment-model/terex-pt100,0.88,Track Finder model family label
enr_c74c3b1dfe72e3df4921ccd4,mdl_terex_pt110forestry,terex-pt-110-forestry,canonical_model_group,track_finder,4,/pages/equipment-model/terex-pt-110-forestry,0.88,Track Finder model family label
enr_9727ed8f5411515bc8e5cbc3,mdl_terex_pt_30,terex-pt30,canonical_model_group,track_finder,4,/pages/equipment-model/terex-pt30,0.88,Track Finder model family label
enr_8e69b17861e82a3c06b9615e,mdl_cat_247,caterpillar-247,canonical_model_group,track_finder,4,/pages/equipment-model/caterpillar-247,0.88,Track Finder model family label
enr_bc8f3e0a80ec8e137c807016,mdl_cat_247b,caterpillar-247b,canonical_model_group,track_finder,4,/pages/equipment-model/caterpillar-247b,0.88,Track Finder model family label
enr_40ad3e7933d422ee7faf9aa9,mdl_cat_247b2,caterpillar-247b2,canonical_model_group,track_finder,4,/pages/equipment-model/caterpillar-247b2,0.88,Track Finder model family label
enr_c4a576f02f5ecf2a4fa00244,mdl_cat_247b3,caterpillar-247b3,canonical_model_group,track_finder,4,/pages/equipment-model/caterpillar-247b3,0.88,Track Finder model family label
enr_22c5fc53033006cdcbbf7ec5,mdl_cat_257,caterpillar-257,canonical_model_group,track_finder,4,/pages/equipment-model/caterpillar-257,0.88,Track Finder model family label
enr_f420b2f0b75de830b84b69ec,mdl_cat_257b,caterpillar-257b,canonical_model_group,track_finder,4,/pages/equipment-model/caterpillar-257b,0.88,Track Finder model family label
enr_75605381eef5e1836ab39e9d,mdl_cat_257b2,caterpillar-257b2,canonical_model_group,track_finder,4,/pages/equipment-model/caterpillar-257b2,0.88,Track Finder model family label
enr_7e8ec2c3876f2e23d48ddcbf,mdl_cat_257b3,caterpillar-257b3,canonical_model_group,track_finder,4,/pages/equipment-model/caterpillar-257b3,0.88,Track Finder model family label
enr_a4aa9a244a0bdf285a8cb2af,mdl_cat_257d,caterpillar-257d,canonical_model_group,track_finder,4,/pages/equipment-model/caterpillar-257d,0.88,Track Finder model family label
enr_c2c6ea0b76804f47663c7a1f,mdl_cat_267b,caterpillar-267b,canonical_model_group,track_finder,4,/pages/equipment-model/caterpillar-267b,0.88,Track Finder model family label
enr_4bdb0def10ead2e65ff59b9c,mdl_cat_277,caterpillar-277,canonical_model_group,track_finder,4,/pages/equipment-model/caterpillar-277,0.88,Track Finder model family label
enr_5976797b79ae451b8960e131,mdl_cat_277b,caterpillar-277b,canonical_model_group,track_finder,4,/pages/equipment-model/caterpillar-277b,0.88,Track Finder model family label
enr_19a25a8818ab36b7e41beb39,mdl_cat_277c,caterpillar-277c,canonical_model_group,track_finder,4,/pages/equipment-model/caterpillar-277c,0.88,Track Finder model family label
enr_41cc7ceea31ae3b88f2b40a9,mdl_cat_287,caterpillar-287,canonical_model_group,track_finder,4,/pages/equipment-model/caterpillar-287,0.88,Track Finder model family label
enr_3bb4a5c5c18fddbfff4f6dc0,mdl_cat_287b,caterpillar-287b,canonical_model_group,track_finder,4,/pages/equipment-model/caterpillar-287b,0.88,Track Finder model family label
enr_1ef809279480b98a73e0d63f,mdl_cat_287c,caterpillar-287c,canonical_model_group,track_finder,4,/pages/equipment-model/caterpillar-287c,0.88,Track Finder model family label
enr_5ed5a5aaed07fab9ec0e6d08,mdl_cat_287c2,caterpillar-287c2,canonical_model_group,track_finder,4,/pages/equipment-model/caterpillar-287c2,0.88,Track Finder model family label
enr_4d549db61c56fc614bd81ec3,mdl_cat_287d,caterpillar-287d,canonical_model_group,track_finder,4,/pages/equipment-model/caterpillar-287d,0.88,Track Finder model family label
enr_7d7ce8ac70372a0e70bdc721,mdl_cat_297c,caterpillar-297c,canonical_model_group,track_finder,4,/pages/equipment-model/caterpillar-297c,0.88,Track Finder model family label
enr_3d5b1eb4f80cba4ca305eb59,mdl_cat_297d2,caterpillar-297d2,canonical_model_group,track_finder,4,/pages/equipment-model/caterpillar-297d2,0.88,Track Finder model family label
enr_5ab22d3369d0b417ea383a45,mdl_cat_297d2_xhp,caterpillar-297d2-xhp,canonical_model_group,track_finder,4,/pages/equipment-model/caterpillar-297d2-xhp,0.88,Track Finder model family label
enr_ce5aa1ebb80c17fdb9cfcb9f,mdl_ditch_witch_sk1050,ditch-witch-sk1050,canonical_model_group,track_finder,4,/pages/equipment-model/ditch-witch-sk1050,0.88,Track Finder model family label
enr_34188cf6a7d0e338c00b496b,mdl_ditch_witch_sk500,ditch-witch-sk500,canonical_model_group,track_finder,4,/pages/equipment-model/ditch-witch-sk500,0.88,Track Finder model family label
enr_c41466c259b42e77bc730a17,mdl_ditch_witch_sk750,ditch-witch-sk750,canonical_model_group,track_finder,4,/pages/equipment-model/ditch-witch-sk750,0.88,Track Finder model family label
enr_5ff63e72e5706256ef5a3770,mdl_ditch_witch_sk752,ditch-witch-sk752,canonical_model_group,track_finder,4,/pages/equipment-model/ditch-witch-sk752,0.88,Track Finder model family label
enr_61899fa74f687e19570cec96,mdl_ditch_witch_sk755,ditch-witch-sk755,canonical_model_group,track_finder,4,/pages/equipment-model/ditch-witch-sk755,0.88,Track Finder model family label
enr_0d539c0319db56109930e937,mdl_ditch_witch_sk800,ditch-witch-sk800,canonical_model_group,track_finder,4,/pages/equipment-model/ditch-witch-sk800,0.88,Track Finder model family label
enr_e25c2038a543c403bdabbd6c,mdl_ditch_witch_sk850,ditch-witch-sk850,canonical_model_group,track_finder,4,/pages/equipment-model/ditch-witch-sk850,0.88,Track Finder model family label
enr_308afc65d5e331a0ebc62a92,mdl_ditch_witch_sk900,ditch-witch-sk900,canonical_model_group,track_finder,4,/pages/equipment-model/ditch-witch-sk900,0.88,Track Finder model family label
enr_d776cdd80b807cb60a4e43db,mdl_kubota_k008_2,kubota-k-008-2,canonical_model_group,track_finder,4,/pages/equipment-model/kubota-k-008-2,0.88,Track Finder model family label
enr_d069200c96457bd60ceb3ad8,mdl_kubota_k008_3,kubota-k-008-3,canonical_model_group,track_finder,4,/pages/equipment-model/kubota-k-008-3,0.88,Track Finder model family label
enr_0f67db92eedc9056d68599aa,mdl_kubota_k008dh,kubota-k-008dh,canonical_model_group,track_finder,4,/pages/equipment-model/kubota-k-008dh,0.88,Track Finder model family label
enr_fce6364eac4cc51c75e5acd1,mdl_cat_300_9d,caterpillar-300-9d,canonical_model_group,track_finder,4,/pages/equipment-model/caterpillar-300-9d,0.88,Track Finder model family label
