handle,title,product_count,status,notes
rubber-tracks,Rubber Tracks,401,pass,
undercarriage,,0,fail,not_found_on_dev
attachments,Skid Steer & CTL Attachments,109,pass,
sprockets,,0,fail,not_found_on_dev
idlers,,0,fail,not_found_on_dev
rollers,,0,fail,not_found_on_dev
180x72x39,180x72x39 Rubber Tracks,0,info,extra_collection
250x72x52,250x72x52 Rubber Tracks,-1,info,extra_collection
300x52-5wx78,300x52.5Wx78 Rubber Tracks,1,info,extra_collection
300x52-5wx90,300x52.5Wx90 Rubber Tracks,2,info,extra_collection
320x86x50,320x86x50 Rubber Tracks,0,info,extra_collection
320x86x52,320x86x52 Rubber Tracks,0,info,extra_collection
320x86x53,320x86x53 Rubber Tracks,-6,info,extra_collection
320x86x54,320x86x54 Rubber Tracks,-1,info,extra_collection
400x86x49,400x86x49 Rubber Tracks,0,info,extra_collection
400x86x50,400x86x50 Rubber Tracks,0,info,extra_collection
400x86x52,400x86x52 Rubber Tracks,0,info,extra_collection
400x86x53,400x86x53 Rubber Tracks,0,info,extra_collection
400x86x54,400x86x54 Rubber Tracks,0,info,extra_collection
450x100x48,450x100x48 Rubber Tracks,-1,info,extra_collection
450x100x50,450x100x50 Rubber Tracks,-1,info,extra_collection
450x86x55,450x86x55 Rubber Tracks,0,info,extra_collection
450x86x56,450x86x56 Rubber Tracks,0,info,extra_collection
450x86x58,450x86x58 Rubber Tracks,0,info,extra_collection
450x86x60,450x86x60 Rubber Tracks,0,info,extra_collection
attachments-1,Attachments,109,info,extra_collection
attachments-agriculture,Tractor & Farm Attachments,-1,info,extra_collection
attachments-buckets,Skid Steer Buckets,248,info,extra_collection
attachments-excavator-buckets,Excavator Buckets,0,info,extra_collection
attachments-forestry-land,Brush Cutters & Forestry Tools,-1,info,extra_collection
attachments-grading-excavation,Grading & Earthmoving Attachments,-1,info,extra_collection
attachments-grapples,Skid Steer Grapples,0,info,extra_collection
attachments-land-clearing,Land Clearing Attachments,-1,info,extra_collection
attachments-snow-equipment,Snow Plows & Push Boxes,-1,info,extra_collection
compact-track-loaders,Compact Track Loader Tracks,65,info,extra_collection
mini-excavators,Mini Excavator Tracks,59,info,extra_collection
skid-steer-blades,Angle Blades,-1,info,extra_collection
skid-steer-brush-cutters,Brush Cutters,-4,info,extra_collection
skid-steer-buckets,Buckets,108,info,extra_collection
skid-steer-grapples,Grapples,-14,info,extra_collection
skid-steer-rakes,Rakes,-6,info,extra_collection
skid-steer-snow-attachments,Snow Attachments,0,info,extra_collection
stand-on-skid-steers,Stand-On Skid Steer Tracks,0,info,extra_collection
tread-c-block,C-Block Rubber Tracks,10,info,extra_collection
tread-directional,Directional Rubber Tracks,-1,info,extra_collection
tread-multi-bar,Multi-Bar Rubber Tracks,15,info,extra_collection
tread-x-terrain,X-Terrain Rubber Tracks,4,info,extra_collection
tread-zig-zag,Zig-Zag Rubber Tracks,8,info,extra_collection
uc-bottom-rollers,Bottom Rollers,15,info,extra_collection
uc-front-idlers,Front Idlers,-4,info,extra_collection
uc-rear-idlers,Rear Idlers,0,info,extra_collection
uc-sprockets,Sprockets,14,info,extra_collection
uc-top-rollers,Top Rollers,-12,info,extra_collection
undercarriage-parts,Undercarriage Parts,37,info,extra_collection
