machine_id,shopify_handle,track_size_options,v2_track_products,tnt_products,uc_products,sprockets,idlers,rear_idlers,rollers,wide_before_narrow,status,issues
mdl_airman_ax12,airman-ax12,1,1,0,1,0,0,0,0,n/a,review,no_tnt_tracks
mdl_airman_ax12_2,airman-ax12-2,1,1,0,1,0,0,0,0,n/a,review,no_tnt_tracks
mdl_airman_ax15_2,airman-ax15-2,1,1,0,1,0,0,0,0,n/a,review,no_tnt_tracks
mdl_airman_ax15u,airman-ax15u,1,1,0,1,0,0,0,0,n/a,review,no_tnt_tracks
mdl_airman_ax17u,airman-ax17u,1,2,1,2,0,0,0,0,n/a,pass,
mdl_airman_ax30u_4,airman-ax30u-4,1,2,1,2,0,0,0,0,n/a,pass,
mdl_airman_ax351,airman-ax35-1,2,1,1,1,0,0,0,0,review,pass,
mdl_airman_ax352,airman-ax35-2,2,1,1,1,0,0,0,0,review,pass,
mdl_airman_ax35u,airman-ax35u,1,2,1,2,0,0,0,0,n/a,pass,
mdl_airman_ax35u_4,airman-ax35u-4,1,2,1,2,0,0,0,0,n/a,pass,
mdl_airman_ax36u,airman-ax36u,1,2,1,2,0,0,0,0,n/a,pass,
mdl_airman_ax36ucgl,airman-ax36ucgl,1,2,1,2,0,0,0,0,n/a,pass,
mdl_airman_axc12,airman-axc12,1,1,0,1,0,0,0,0,n/a,review,no_tnt_tracks
mdl_airman_axc15,airman-axc15,1,1,0,1,0,0,0,0,n/a,review,no_tnt_tracks
mdl_asv_posi_trac_hd4520,asv-posi-trachd4520,0,0,0,0,0,0,0,0,n/a,fail,no_track_size_options;no_v2_track_products;no_uc_products
mdl_asv_posi_trac2800,asv-posi-trac2800,0,1,1,1,0,0,0,0,n/a,review,no_track_size_options
mdl_asv_posi_trac2810,asv-posi-trac2810,0,1,1,1,0,0,0,0,n/a,review,no_track_size_options
mdl_asv_posi_trac4800,asv-posi-trac4800,0,1,1,2,1,0,0,0,n/a,review,no_track_size_options
mdl_asv_posi_trac4810,asv-posi-trac4810,0,1,1,2,1,0,0,0,n/a,review,no_track_size_options
mdl_asv_posi_trachd4500,asv-posi-trachd4500,0,1,1,2,1,0,0,0,n/a,review,no_track_size_options
mdl_asv_pt_50,asv-pt-50,0,1,1,3,1,0,0,0,n/a,review,no_track_size_options
mdl_asv_pt_60,asv-pt-60,0,1,1,3,1,0,0,0,n/a,review,no_track_size_options
mdl_asv_pt_80,asv-pt-80,0,2,1,5,1,0,0,0,n/a,review,no_track_size_options
mdl_asv_pt100,asv-pt-100,0,2,1,2,0,0,0,0,n/a,review,no_track_size_options
mdl_asv_rc_50,asv-rc-50,0,1,1,3,1,0,0,0,n/a,review,no_track_size_options
mdl_asv_rc_60,asv-rc-60,0,1,1,3,1,0,0,0,n/a,review,no_track_size_options
mdl_asv_rc100,asv-rc100,0,2,1,2,0,0,0,0,n/a,review,no_track_size_options
mdl_asv_rc85,asv-rc85,0,2,1,2,0,0,0,0,n/a,review,no_track_size_options
mdl_asv_rcv,asv-rcv,0,2,1,2,0,0,0,0,n/a,review,no_track_size_options
mdl_asv_rcv85,asv-rcv-85,0,2,1,2,0,0,0,0,n/a,review,no_track_size_options
mdl_asv_rt_120f,asv-rt-120f,0,2,1,2,0,0,0,0,n/a,review,no_track_size_options
mdl_asv_rt_135f,asv-rt-135f,0,2,1,2,0,0,0,0,n/a,review,no_track_size_options
mdl_asv_rt_25,asv-rt25,0,0,0,0,0,0,0,0,n/a,fail,no_track_size_options;no_v2_track_products;no_uc_products
mdl_asv_rt_30,asv-rt30,0,0,0,0,0,0,0,0,n/a,fail,no_track_size_options;no_v2_track_products;no_uc_products
mdl_asv_rt_40,asv-rt40,0,0,0,0,0,0,0,0,n/a,fail,no_track_size_options;no_v2_track_products;no_uc_products
mdl_asv_rt_50,asv-rt-50,0,1,1,1,0,0,0,0,n/a,review,no_track_size_options
mdl_asv_rt_60,asv-rt-60,0,1,1,1,0,0,0,0,n/a,review,no_track_size_options
mdl_asv_rt_65,asv-rt-65,0,1,1,1,0,0,0,0,n/a,review,no_track_size_options
mdl_asv_rt_75,asv-rt-75,0,1,1,1,0,0,0,0,n/a,review,no_track_size_options
mdl_asv_rt_75_hd,asv-rt-75hd,0,2,1,2,0,0,0,0,n/a,review,no_track_size_options
mdl_asv_sc_50,asv-sc-50,0,1,1,3,1,0,0,0,n/a,review,no_track_size_options
mdl_asv_sr80,asv-sr-80,0,2,1,2,0,0,0,0,n/a,review,no_track_size_options
mdl_asv_vt_70,asv-vt-70,0,1,1,1,0,0,0,0,n/a,review,no_track_size_options
mdl_bobcat_220,bobcat-220,1,0,0,0,0,0,0,0,n/a,fail,no_v2_track_products;no_uc_products
mdl_bobcat_225,bobcat-225,1,1,1,1,0,0,0,0,n/a,pass,
mdl_bobcat_231,bobcat-231,1,3,1,3,0,0,0,0,n/a,pass,
mdl_bobcat_320,bobcat-320,1,0,0,1,1,0,0,0,n/a,review,no_v2_track_products
mdl_bobcat_320d,bobcat-320d,0,0,0,0,0,0,0,0,n/a,fail,no_track_size_options;no_v2_track_products;no_uc_products
mdl_bobcat_320e,bobcat-320e,0,0,0,0,0,0,0,0,n/a,fail,no_track_size_options;no_v2_track_products;no_uc_products
mdl_bobcat_321,bobcat-321,0,0,0,2,1,0,0,1,n/a,review,no_track_size_options;no_v2_track_products
mdl_bobcat_322,bobcat-322,0,0,0,0,0,0,0,0,n/a,fail,no_track_size_options;no_v2_track_products;no_uc_products
mdl_bobcat_323,bobcat-323,0,0,0,2,1,0,0,1,n/a,review,no_track_size_options;no_v2_track_products
mdl_bobcat_324,bobcat-324,0,0,0,0,0,0,0,0,n/a,fail,no_track_size_options;no_v2_track_products;no_uc_products
mdl_bobcat_325,bobcat-325,1,4,4,11,3,1,0,2,n/a,pass,
mdl_bobcat_328,bobcat-328,1,1,1,1,0,0,0,0,n/a,pass,
mdl_bobcat_329,bobcat-329,1,5,2,15,2,2,0,4,n/a,pass,
mdl_bobcat_331,bobcat-331,1,3,1,9,1,1,0,3,n/a,pass,
mdl_bobcat_331e,bobcat-331e,1,2,1,7,1,1,0,2,n/a,pass,
mdl_bobcat_334,bobcat-334,1,3,1,9,1,1,0,3,n/a,pass,
mdl_bobcat_337,bobcat-337,3,4,1,11,1,1,0,3,review,pass,
mdl_bobcat_341,bobcat-341,3,7,2,21,2,2,0,6,review,pass,
mdl_bobcat_418,bobcat-418,1,3,2,3,0,0,0,0,n/a,pass,
mdl_bobcat_425,bobcat-425,1,3,1,7,1,1,0,1,n/a,pass,
mdl_bobcat_428,bobcat-428,1,2,1,5,1,1,0,0,n/a,pass,
mdl_bobcat_430,bobcat-430,0,0,0,0,0,0,0,0,n/a,fail,no_track_size_options;no_v2_track_products;no_uc_products
mdl_bobcat_435,bobcat-435,3,4,1,9,1,1,0,1,review,pass,
mdl_bobcat_442,bobcat-442,3,1,1,3,0,0,0,0,review,pass,
mdl_bobcat_864,bobcat-864,2,24,16,30,2,2,0,2,pass,pass,
mdl_bobcat_cx27b,bobcat-cx27b,1,0,0,0,0,0,0,0,n/a,fail,no_v2_track_products;no_uc_products
mdl_bobcat_e08,bobcat-e08,1,5,3,7,0,0,0,2,n/a,pass,
mdl_bobcat_e10,bobcat-e10,1,5,3,6,0,0,0,1,n/a,pass,
mdl_bobcat_e20,bobcat-e20,1,2,2,2,0,0,0,0,n/a,pass,
mdl_bobcat_e25,bobcat-e25,2,1,1,1,0,0,0,0,review,pass,
mdl_bobcat_e26,bobcat-e26,1,3,1,14,1,0,0,9,n/a,pass,
mdl_bobcat_e27,bobcat-e27,1,0,0,0,0,0,0,0,n/a,fail,no_v2_track_products;no_uc_products
mdl_bobcat_e27z,bobcat-e27z,1,0,0,0,0,0,0,0,n/a,fail,no_v2_track_products;no_uc_products
mdl_bobcat_e32,bobcat-e32,1,3,1,8,1,1,0,2,n/a,pass,
mdl_bobcat_e32i,bobcat-e32i,1,2,1,6,1,1,0,1,n/a,pass,
mdl_bobcat_e34,bobcat-e34,2,0,0,0,0,0,0,0,review,fail,no_v2_track_products;no_uc_products
mdl_bobcat_e35,bobcat-e35,2,6,4,14,3,1,0,3,review,pass,
mdl_bobcat_e35i,bobcat-e35i,2,2,2,7,1,1,0,2,review,pass,
mdl_bobcat_e35z,bobcat-e35z,2,2,2,6,1,1,0,1,review,pass,
mdl_bobcat_e37,bobcat-e37,2,0,0,0,0,0,0,0,review,fail,no_v2_track_products;no_uc_products
mdl_bobcat_e42,bobcat-e42,0,2,2,8,2,1,0,2,n/a,review,no_track_size_options
mdl_bobcat_e45,bobcat-e45,3,4,1,11,0,3,0,2,review,pass,
mdl_bobcat_e50,bobcat-e50,3,4,1,10,0,2,0,3,review,pass,
mdl_bobcat_e55,bobcat-e55,3,4,1,10,0,2,0,2,review,pass,
mdl_bobcat_e55z,bobcat-e55z,3,2,1,3,0,0,0,0,review,pass,
mdl_bobcat_e60,bobcat-e60,1,3,1,5,0,0,0,0,n/a,pass,
mdl_bobcat_e62,bobcat-e62,1,0,0,0,0,0,0,0,n/a,fail,no_v2_track_products;no_uc_products
mdl_bobcat_e63,bobcat-e63,1,3,2,5,0,0,0,0,n/a,pass,
mdl_bobcat_e80,bobcat-e80,2,9,2,17,0,0,0,4,review,pass,
mdl_bobcat_e85,bobcat-e85,2,8,1,12,0,0,0,0,review,pass,
mdl_bobcat_mt100,bobcat-mt100,3,4,2,4,0,0,0,0,pass,pass,
mdl_bobcat_mt50,bobcat-mt50,1,6,4,10,2,1,0,1,n/a,pass,
mdl_bobcat_mt52,bobcat-mt52,1,3,2,6,1,1,0,1,n/a,pass,
mdl_bobcat_mt55,bobcat-mt55,1,9,6,13,2,1,0,1,n/a,pass,
mdl_bobcat_mt85,bobcat-mt85,2,8,4,12,0,2,0,2,pass,pass,
mdl_bobcat_t110,bobcat-t110,1,4,4,4,0,0,0,0,n/a,pass,
mdl_bobcat_t140,bobcat-t140,1,2,2,7,2,2,0,1,n/a,pass,
mdl_bobcat_t180,bobcat-t180,2,17,13,29,8,2,0,2,pass,pass,
mdl_bobcat_t190,bobcat-t190,2,17,13,27,5,2,0,3,pass,pass,
mdl_bobcat_t200,bobcat-t200,3,29,19,35,2,2,0,2,pass,pass,
mdl_bobcat_t250,bobcat-t250,1,32,24,42,3,3,0,4,n/a,pass,
mdl_bobcat_t300,bobcat-t300,1,16,12,22,3,2,0,1,n/a,pass,
mdl_bobcat_t320,bobcat-t320,1,16,12,21,1,2,0,2,n/a,pass,
mdl_bobcat_t450,bobcat-t450,1,6,4,9,1,0,0,2,n/a,pass,
mdl_bobcat_t550,bobcat-t550,2,34,26,45,3,4,0,4,pass,pass,
mdl_bobcat_t590,bobcat-t590,2,17,13,31,5,6,0,3,pass,pass,
mdl_bobcat_t595,bobcat-t595,2,17,13,22,1,2,0,2,pass,pass,
mdl_bobcat_t62,bobcat-t62,1,38,28,40,0,2,0,0,n/a,pass,
mdl_bobcat_t630,bobcat-t630,3,42,30,57,6,7,0,2,pass,pass,
mdl_bobcat_t64,bobcat-t64,1,19,14,21,0,2,0,0,n/a,pass,
mdl_bobcat_t650,bobcat-t650,3,37,27,49,4,5,0,3,pass,pass,
mdl_bobcat_t66,bobcat-t66,1,19,14,21,0,2,0,0,n/a,pass,
mdl_bobcat_t730,bobcat-t730,1,12,8,13,0,0,0,1,n/a,pass,
mdl_bobcat_t740,bobcat-t740,1,16,12,23,3,2,0,2,n/a,pass,
mdl_bobcat_t750,bobcat-t750,1,16,12,28,2,6,0,4,n/a,pass,
mdl_bobcat_t76,bobcat-t76,3,48,36,50,0,2,0,0,pass,pass,
mdl_bobcat_t770,bobcat-t770,1,16,12,29,4,6,0,3,n/a,pass,
mdl_bobcat_t830,bobcat-t830,1,15,10,15,0,0,0,0,n/a,pass,
mdl_bobcat_t86,bobcat-t86,1,13,8,15,0,2,0,0,n/a,pass,
mdl_bobcat_t864,bobcat-t864,2,4,4,4,0,0,0,0,pass,pass,
mdl_bobcat_t870,bobcat-t870,2,54,32,76,6,12,0,4,review,pass,
mdl_boxer_118,boxer-118,1,1,1,1,0,0,0,0,n/a,pass,
mdl_boxer_320,boxer-320,1,1,1,1,0,0,0,0,n/a,pass,
mdl_boxer_322d,boxer-322d,1,1,1,1,0,0,0,0,n/a,pass,
mdl_boxer_400,boxer-400,1,1,1,1,0,0,0,0,n/a,pass,
mdl_boxer_427,boxer-427,1,1,1,1,0,0,0,0,n/a,pass,
mdl_boxer_526dx,boxer-526dx,1,1,1,1,0,0,0,0,n/a,pass,
mdl_boxer_530dx,boxer-530dx,1,4,3,4,0,0,0,0,n/a,pass,
mdl_boxer_532dx,boxer-532dx,1,1,1,1,0,0,0,0,n/a,pass,
mdl_boxer_brute_trx,boxer-brute-trx,1,1,1,1,0,0,0,0,n/a,pass,
mdl_case_15,case-15,1,2,1,2,0,0,0,0,n/a,pass,
mdl_case_15maxi,case-15maxi,1,2,1,2,0,0,0,0,n/a,pass,
mdl_case_16,case-16,1,2,1,2,0,0,0,0,n/a,pass,
mdl_case_16maxi,case-16maxi,1,2,1,2,0,0,0,0,n/a,pass,
mdl_case_16rtn,case-16rtn,1,2,1,2,0,0,0,0,n/a,pass,
mdl_case_420ct,case-420ct,1,19,14,23,1,2,0,1,n/a,pass,
mdl_case_440ct,case-440ct,1,19,14,23,1,2,0,1,n/a,pass,
mdl_case_445ct,case-445ct,1,16,12,20,1,2,0,1,n/a,pass,
mdl_case_450ct,case-450ct,1,16,12,20,1,2,0,1,n/a,pass,
mdl_case_6030,case-6030,3,0,0,0,0,0,0,0,review,fail,no_v2_track_products;no_uc_products
mdl_case_ck16,case-ck16,2,2,1,2,0,0,0,0,pass,pass,
mdl_case_ck28,case-ck28,2,2,1,4,0,0,0,1,review,pass,
mdl_case_ck32,case-ck32,1,7,5,8,0,0,0,0,n/a,pass,
mdl_case_ck50,case-ck50,3,4,2,6,0,0,0,0,review,pass,
mdl_case_ck52,case-ck52,3,4,2,6,0,0,0,0,review,pass,
mdl_case_ck62,case-ck62,1,1,1,3,0,0,0,0,n/a,pass,
mdl_case_cx14,case-cx14,1,2,1,2,0,0,0,0,n/a,pass,
mdl_case_cx14_zts,case-cx14-zts,1,2,1,2,0,0,0,0,n/a,pass,
mdl_case_cx15,case-cx15,1,2,1,2,0,0,0,0,n/a,pass,
mdl_case_cx15stc,case-cx15stc,1,2,1,2,0,0,0,0,n/a,pass,
mdl_case_cx15str,case-cx15str,1,2,1,2,0,0,0,0,n/a,pass,
mdl_case_cx16,case-cx16,2,2,1,2,0,0,0,0,review,pass,
mdl_case_cx16_2001,case-cx16-2001,1,2,1,2,0,0,0,0,n/a,pass,
mdl_case_cx16b,case-cx16b,1,2,1,2,0,0,0,0,n/a,pass,
mdl_case_cx17b,case-cx17b,1,2,1,2,0,0,0,0,n/a,pass,
mdl_case_cx17c,case-cx17c,1,2,1,2,0,0,0,0,n/a,pass,
mdl_case_cx18b,case-cx18b,1,2,1,2,0,0,0,0,n/a,pass,
mdl_case_cx20b,case-cx20b,2,1,1,3,0,0,0,1,review,pass,
mdl_case_cx22b,case-cx22b,2,1,1,3,0,0,0,1,review,pass,
mdl_case_cx25,case-cx25,2,1,1,2,0,0,0,0,review,pass,
mdl_case_cx26,case-cx26,2,1,1,1,0,0,0,0,review,pass,
mdl_case_cx26c,case-cx26c,2,1,1,1,0,0,0,0,review,pass,
mdl_case_cx27b,case-cx27b,1,3,1,6,0,0,0,2,n/a,pass,
mdl_case_cx28,case-cx28,2,2,1,4,0,0,0,0,review,pass,
mdl_case_cx30,case-cx30,1,3,1,3,0,0,0,0,n/a,pass,
mdl_case_cx30c,case-cx30c,1,0,0,0,0,0,0,0,n/a,fail,no_v2_track_products;no_uc_products
mdl_case_cx33c,case-cx33c,1,3,2,4,1,0,0,0,n/a,pass,
mdl_case_cx35,case-cx35,1,6,2,9,0,0,0,1,n/a,pass,
mdl_case_cx36,case-cx36,2,1,1,4,1,0,0,1,review,pass,
mdl_case_cx36b,case-cx36b,2,1,1,7,2,1,0,2,review,pass,
mdl_case_cx37c,case-cx37c,1,1,1,3,1,0,0,0,n/a,pass,
mdl_case_cx39b,case-cx39b,2,0,0,0,0,0,0,0,review,fail,no_v2_track_products;no_uc_products
mdl_case_cx47,case-cx47,3,5,2,6,0,0,0,1,review,pass,
mdl_case_cx50,case-cx50,3,3,2,3,0,0,0,0,review,pass,
mdl_case_cx50b,case-cx50b,3,5,2,8,0,0,0,2,review,pass,
mdl_case_cx55b,case-cx55b,3,6,2,10,0,0,0,2,review,pass,
mdl_case_cx55bmsr,case-cx55b-msr,3,0,0,0,0,0,0,0,review,fail,no_v2_track_products;no_uc_products
mdl_case_cx57,case-cx57,1,0,0,0,0,0,0,0,n/a,fail,no_v2_track_products;no_uc_products
mdl_case_cx57c,case-cx57c,1,2,1,2,0,0,0,0,n/a,pass,
mdl_case_cx60c,case-cx60c,1,2,1,4,0,0,0,0,n/a,pass,
mdl_case_cx65b,case-cx65b,3,0,0,0,0,0,0,0,review,fail,no_v2_track_products;no_uc_products
mdl_case_cx75sr,case-cx75sr,2,3,1,6,0,0,0,0,review,pass,
mdl_case_cx80c,case-cx80c,2,4,2,7,0,0,0,0,review,pass,
mdl_case_tr270,case-tr270,1,11,8,16,1,3,0,1,n/a,pass,
mdl_case_tr270b,case-tr270b,1,11,8,16,1,3,0,1,n/a,pass,
mdl_case_tr310,case-tr310,1,19,14,24,1,3,0,1,n/a,pass,
mdl_case_tr310b,case-tr310b,2,19,14,23,1,2,0,1,pass,pass,
mdl_case_tr320,case-tr320,1,16,12,21,1,3,0,1,n/a,pass,
mdl_case_tr320b,case-tr320b,1,0,0,0,0,0,0,0,n/a,fail,no_v2_track_products;no_uc_products
mdl_case_tr340,case-tr340,1,16,12,21,1,3,0,1,n/a,pass,
mdl_case_tr340b,case-tr340b,1,16,12,21,1,3,0,1,n/a,pass,
mdl_case_tv370,case-tv370,1,16,12,20,1,2,0,1,n/a,pass,
mdl_case_tv370b,case-tv370b,1,12,8,17,1,3,0,1,n/a,pass,
mdl_case_tv380,case-tv380,1,16,12,21,1,3,0,1,n/a,pass,
mdl_case_tv450,case-tv450,1,16,12,21,1,3,0,1,n/a,pass,
mdl_case_tv450b,case-tv450b,1,16,12,21,1,3,0,1,n/a,pass,
mdl_case_tv620b,case-tv620b,1,5,5,7,0,1,0,1,n/a,pass,
mdl_cat_239d,caterpillar-239d,2,17,13,20,1,1,0,1,pass,pass,
mdl_cat_239d3,caterpillar-239d3,1,17,13,20,1,1,0,1,n/a,pass,
mdl_cat_247,caterpillar-247,0,1,1,3,1,0,0,0,n/a,review,no_track_size_options
mdl_cat_247b,caterpillar-247b,0,2,2,6,2,0,0,0,n/a,review,no_track_size_options
mdl_cat_247b2,caterpillar-247b2,0,1,1,2,1,0,0,0,n/a,review,no_track_size_options
mdl_cat_247b3,caterpillar-247b3,0,1,1,2,1,0,0,0,n/a,review,no_track_size_options
mdl_cat_2493,caterpillar-2493,1,0,0,0,0,0,0,0,n/a,fail,no_v2_track_products;no_uc_products
mdl_cat_249d,caterpillar-249d,2,17,13,20,1,1,0,1,pass,pass,
mdl_cat_249d3,caterpillar-249d3,2,34,26,39,1,2,0,2,pass,pass,
mdl_cat_255,caterpillar-255,3,58,38,61,1,1,0,1,pass,pass,
mdl_cat_257,caterpillar-257,0,1,1,3,1,0,0,0,n/a,review,no_track_size_options
mdl_cat_257b,caterpillar-257b,0,1,1,3,1,0,0,0,n/a,review,no_track_size_options
mdl_cat_257b2,caterpillar-257b2,0,1,1,2,1,0,0,0,n/a,review,no_track_size_options
mdl_cat_257b3,caterpillar-257b3,0,1,1,2,1,0,0,0,n/a,review,no_track_size_options
mdl_cat_257d,caterpillar-257d,0,1,1,2,1,0,0,0,n/a,review,no_track_size_options
mdl_cat_259b,caterpillar-259b,2,0,0,0,0,0,0,0,pass,fail,no_v2_track_products;no_uc_products
mdl_cat_259b3,caterpillar-259b3,2,17,12,22,1,3,0,1,pass,pass,
mdl_cat_259d,caterpillar-259d,2,17,12,23,2,3,0,1,pass,pass,
mdl_cat_259d3,caterpillar-259d3,2,17,12,22,1,3,0,1,pass,pass,
mdl_cat_265,caterpillar-265,1,0,0,0,0,0,0,0,n/a,fail,no_v2_track_products;no_uc_products
mdl_cat_267b,caterpillar-267b,0,1,1,4,1,0,0,0,n/a,review,no_track_size_options
mdl_cat_277,caterpillar-277,0,5,5,7,1,0,0,0,n/a,review,no_track_size_options
mdl_cat_277b,caterpillar-277b,0,2,2,6,2,0,0,0,n/a,review,no_track_size_options
mdl_cat_277c,caterpillar-277c,0,2,1,6,1,0,0,0,n/a,review,no_track_size_options
mdl_cat_279c,caterpillar-279c,1,15,9,19,1,2,0,1,n/a,pass,
mdl_cat_279c2,caterpillar-279c2,1,13,9,17,1,2,0,1,n/a,pass,
mdl_cat_279d,caterpillar-279d,1,13,9,18,1,3,0,1,n/a,pass,
mdl_cat_279d3,caterpillar-279d3,1,0,0,0,0,0,0,0,n/a,fail,no_v2_track_products;no_uc_products
mdl_cat_287,caterpillar-287,0,4,3,6,1,0,0,0,n/a,review,no_track_size_options
mdl_cat_287b,caterpillar-287b,0,1,1,3,1,0,0,0,n/a,review,no_track_size_options
mdl_cat_287c,caterpillar-287c,1,2,1,6,1,0,0,0,n/a,pass,
mdl_cat_287c2,caterpillar-287c2,0,2,1,5,0,0,0,0,n/a,review,no_track_size_options
mdl_cat_287d,caterpillar-287d,0,2,1,6,0,0,0,0,n/a,review,no_track_size_options
mdl_cat_289c,caterpillar-289c,1,28,16,38,2,6,0,2,n/a,pass,
mdl_cat_289c2,caterpillar-289c2,1,13,9,17,1,2,0,1,n/a,pass,
mdl_cat_289d,caterpillar-289d,1,17,11,22,1,3,0,1,n/a,pass,
mdl_cat_289d2,caterpillar-289d2,1,0,0,0,0,0,0,0,n/a,fail,no_v2_track_products;no_uc_products
mdl_cat_289d3,caterpillar-289d3,1,26,18,31,1,3,0,1,n/a,pass,
mdl_cat_297c,caterpillar-297c,0,4,2,11,2,0,0,0,n/a,review,no_track_size_options
mdl_cat_297d2,caterpillar-297d2,0,2,1,4,0,0,0,0,n/a,review,no_track_size_options
mdl_cat_297d2_xhp,caterpillar-297d2-xhp,0,2,1,4,0,0,0,0,n/a,review,no_track_size_options
mdl_cat_299c,caterpillar-299c,1,14,8,19,1,3,0,1,n/a,pass,
mdl_cat_299d,caterpillar-299d,1,15,9,20,1,3,0,1,n/a,pass,
mdl_cat_299d_xhp,caterpillar-299d-xhp,1,15,9,20,1,3,0,1,n/a,pass,
mdl_cat_299d2,caterpillar-299d2,1,15,9,20,1,3,0,1,n/a,pass,
mdl_cat_299d3,caterpillar-299d3,1,16,10,21,1,3,0,1,n/a,pass,
mdl_cat_300_9d,caterpillar-300-9d,1,1,1,1,0,0,0,0,n/a,pass,
mdl_cat_301_5,caterpillar-301-5,1,5,3,9,0,2,0,2,n/a,pass,
mdl_cat_301_7d,caterpillar-301-7d,1,1,1,1,0,0,0,0,n/a,pass,
mdl_cat_3016,caterpillar-301-6,1,0,0,0,0,0,0,0,n/a,fail,no_v2_track_products;no_uc_products
mdl_cat_3016c,caterpillar-301-6c,1,2,1,2,0,0,0,0,n/a,pass,
mdl_cat_3018c,caterpillar-301-8c,1,2,1,2,0,0,0,0,n/a,pass,
mdl_cat_302_5,caterpillar-302-5,2,4,2,9,0,0,0,3,review,pass,
mdl_cat_302_5c,caterpillar-302-5c,2,2,1,6,0,0,0,2,review,pass,
mdl_cat_303_cr,caterpillar-303cr,2,0,0,0,0,0,0,0,review,fail,no_v2_track_products;no_uc_products
mdl_cat_303_5,caterpillar-303-5,2,2,1,7,0,1,0,2,review,pass,
mdl_cat_303_5_cr,caterpillar-303-5cr,1,0,0,0,0,0,0,0,n/a,fail,no_v2_track_products;no_uc_products
mdl_cat_303_5c_cr,caterpillar-303-5c-cr,1,0,0,0,0,0,0,0,n/a,fail,no_v2_track_products;no_uc_products
mdl_cat_303_5d,caterpillar-303-5d,1,3,1,3,0,0,0,0,n/a,pass,
mdl_cat_303_5d_cr,caterpillar-303-5d-cr,1,3,1,3,0,0,0,0,n/a,pass,
mdl_cat_303_5e_cr,caterpillar-303-5e-cr,1,3,1,3,0,0,0,0,n/a,pass,
mdl_cat_303c_cr,caterpillar-303ccr,1,3,1,3,0,0,0,0,n/a,pass,
mdl_cat_303e,caterpillar-303e,2,0,0,0,0,0,0,0,review,fail,no_v2_track_products;no_uc_products
mdl_cat_303ecr,caterpillar-303ecr,2,2,1,4,0,0,0,2,review,pass,
mdl_cat_304,caterpillar-304,1,4,2,8,1,1,0,2,n/a,pass,
mdl_cat_304_5,caterpillar-304-5,3,4,2,11,1,3,0,1,review,pass,
mdl_cat_304_5e2,caterpillar-304-5e2,1,3,1,3,0,0,0,0,n/a,pass,
mdl_cat_304c,caterpillar-304c,3,4,2,6,0,0,0,0,review,pass,
mdl_cat_304c_cr,caterpillar-304ccr,1,2,1,2,0,0,0,0,n/a,pass,
mdl_cat_304cr,caterpillar-304cr,3,8,4,17,2,2,0,3,review,pass,
mdl_cat_304d,caterpillar-304d,1,1,1,1,0,0,0,0,n/a,pass,
mdl_cat_304d_cr,caterpillar-304d-cr,1,1,1,1,0,0,0,0,n/a,pass,
mdl_cat_304e,caterpillar-304e,1,3,1,3,0,0,0,0,n/a,pass,
mdl_cat_304e_cr,caterpillar-304e-cr,1,3,1,3,0,0,0,0,n/a,pass,
mdl_cat_304e2,caterpillar-304e2,1,3,1,3,0,0,0,0,n/a,pass,
mdl_cat_305_cr,caterpillar-305cr,3,0,0,0,0,0,0,0,review,fail,no_v2_track_products;no_uc_products
mdl_cat_305_5,caterpillar-305-5,3,4,2,9,1,1,0,1,review,pass,
mdl_cat_305_5d_cr,caterpillar-305-5d-cr,1,2,1,2,0,0,0,0,n/a,pass,
mdl_cat_305_5e,caterpillar-305-5e,1,2,1,6,0,0,0,2,n/a,pass,
mdl_cat_305_5e_cr,caterpillar-305-5e-cr,1,2,1,2,0,0,0,0,n/a,pass,
mdl_cat_305_5e2,caterpillar-305-5e2,3,5,3,8,0,0,0,1,review,pass,
mdl_cat_305_5e2_cr,caterpillar-305-5e2-cr,1,0,0,0,0,0,0,0,n/a,fail,no_v2_track_products;no_uc_products
mdl_cat_305c,caterpillar-305c,3,0,0,0,0,0,0,0,review,fail,no_v2_track_products;no_uc_products
mdl_cat_305c_cr,caterpillar-305c-cr,1,2,1,2,0,0,0,0,n/a,pass,
mdl_cat_305d,caterpillar-305d,1,2,1,2,0,0,0,0,n/a,pass,
mdl_cat_305dcr,caterpillar-305dcr,1,2,1,7,1,0,0,2,n/a,pass,
mdl_cat_305e,caterpillar-305e,1,0,0,0,0,0,0,0,n/a,fail,no_v2_track_products;no_uc_products
mdl_cat_305e_cr,caterpillar-305e-cr,1,2,1,2,0,0,0,0,n/a,pass,
mdl_cat_305e2,caterpillar-305e2,1,2,1,2,0,0,0,0,n/a,pass,
mdl_cat_305e2_cr,caterpillar-305e2-cr,1,0,0,0,0,0,0,0,n/a,fail,no_v2_track_products;no_uc_products
mdl_cat_306,caterpillar-306,1,0,0,0,0,0,0,0,n/a,fail,no_v2_track_products;no_uc_products
mdl_cat_306_cr,caterpillar-306-cr,1,0,0,0,0,0,0,0,n/a,fail,no_v2_track_products;no_uc_products
mdl_cat_308_cr,caterpillar-308cr,2,1,1,1,0,0,0,0,review,pass,
mdl_cat_308b,caterpillar-308b,2,0,0,0,0,0,0,0,review,fail,no_v2_track_products;no_uc_products
mdl_cat_308c_cr,caterpillar-308ccr,2,2,1,2,0,0,0,0,review,pass,
mdl_cat_308c_sr,caterpillar-308c-sr,2,2,1,2,0,0,0,0,review,pass,
mdl_cat_308dcr,caterpillar-308d-cr,2,2,1,2,0,0,0,0,review,pass,
mdl_cat_308e,caterpillar-308e,2,0,0,0,0,0,0,0,review,fail,no_v2_track_products;no_uc_products
mdl_cat_308e_cr,caterpillar-308e-cr,2,2,1,2,0,0,0,0,review,pass,
mdl_cat_308e2_cr,caterpillar-308e2-cr,2,1,1,1,0,0,0,0,review,pass,
mdl_cat_mm15t,caterpillar-mm15t,1,2,1,2,0,0,0,0,n/a,pass,
mdl_cormidi_c85,cormidi-c85,1,1,1,1,0,0,0,0,n/a,pass,
mdl_daewoo_ah30,daewoo-ah-30,1,3,1,4,0,0,0,0,n/a,pass,
mdl_daewoo_sl035,daewoo-sl-035,2,1,1,1,0,0,0,0,review,pass,
mdl_daewoo_solar_018vt,daewoo-solar-018vt,1,2,1,2,0,0,0,0,n/a,pass,
mdl_daewoo_solar007,daewoo-solar-007,1,1,1,1,0,0,0,0,n/a,pass,
mdl_daewoo_solar010,daewoo-solar-010,1,1,1,1,0,0,0,0,n/a,pass,
mdl_daewoo_solar030,daewoo-solar-030,2,1,1,1,0,0,0,0,review,pass,
mdl_daewoo_solar035,daewoo-solar-035,2,1,1,1,0,0,0,0,review,pass,
mdl_daewoo_solar10,daewoo-solar-10,1,1,1,1,0,0,0,0,n/a,pass,
mdl_daewoo_solar25,daewoo-solar-25,1,1,1,1,0,0,0,0,n/a,pass,
mdl_daewoo_solar35,daewoo-solar-35,1,3,1,4,0,0,0,0,n/a,pass,
mdl_daewoo_solar55,daewoo-solar-55,3,4,1,4,0,0,0,0,review,pass,
mdl_daewoo_solar553,daewoo-solar-55-3,1,2,1,2,0,0,0,0,n/a,pass,
mdl_daewoo_solar555,daewoo-solar-55-5,3,4,1,4,0,0,0,0,review,pass,
mdl_daewoo_solar55v,daewoo-solar-55-v,3,4,1,4,0,0,0,0,review,pass,
mdl_ditch_witch_ht_25,ditch-witch-ht-25-trencher,1,1,1,1,0,0,0,0,n/a,pass,
mdl_ditch_witch_ht_25k,ditch-witch-ht-25k-saw-machine,1,1,1,1,0,0,0,0,n/a,pass,
mdl_ditch_witch_jt_1200,ditch-witch-jt-1200-drilling-machine,1,1,1,1,0,0,0,0,n/a,pass,
mdl_ditch_witch_jt_1220,ditch-witch-jt-1220-mach-1-drilling-machine,0,0,0,0,0,0,0,0,n/a,fail,no_track_size_options;no_v2_track_products;no_uc_products
mdl_ditch_witch_jt_1720,ditch-witch-jt-1720-drilling-machine,0,0,0,0,0,0,0,0,n/a,fail,no_track_size_options;no_v2_track_products;no_uc_products
mdl_ditch_witch_jt_20,ditch-witch-jt-20-drilling-machine,0,0,0,0,0,0,0,0,n/a,fail,no_track_size_options;no_v2_track_products;no_uc_products
mdl_ditch_witch_jt_2020,ditch-witch-jt-2020-mach-1,0,0,0,0,0,0,0,0,n/a,fail,no_track_size_options;no_v2_track_products;no_uc_products
mdl_ditch_witch_jt_2320,ditch-witch-jt-2320-drilling-machine,2,1,1,1,0,0,0,0,review,pass,
mdl_ditch_witch_jt_2321,ditch-witch-jt-2321-drilling-machine,2,0,0,0,0,0,0,0,review,fail,no_v2_track_products;no_uc_products
mdl_ditch_witch_jt_2511,ditch-witch-jt-2511-drilling-machine,1,1,1,1,0,0,0,0,n/a,pass,
mdl_ditch_witch_jt_30,ditch-witch-jt-30-drilling-machine,0,0,0,0,0,0,0,0,n/a,fail,no_track_size_options;no_v2_track_products;no_uc_products
mdl_ditch_witch_jt_40,ditch-witch-jt-40-drilling-machine,3,4,1,4,0,0,0,0,review,pass,
mdl_ditch_witch_jt_5,ditch-witch-jt-5,1,3,2,3,0,0,0,0,n/a,pass,
mdl_ditch_witch_jt_520,ditch-witch-jt-520,1,3,2,3,0,0,0,0,n/a,pass,
mdl_ditch_witch_jt2520,ditch-witch-jt-2520-drilling-machine,0,2,2,2,0,0,0,0,n/a,review,no_track_size_options
mdl_ditch_witch_jt2720,ditch-witch-jt-2720-mach-1-drilling-machine,0,2,2,2,0,0,0,0,n/a,review,no_track_size_options
mdl_ditch_witch_jt860,ditch-witch-jt-860-drilling-machine,0,2,2,2,0,0,0,0,n/a,review,no_track_size_options
mdl_ditch_witch_jt922,ditch-witch-jt-922,0,0,0,0,0,0,0,0,n/a,fail,no_track_size_options;no_v2_track_products;no_uc_products
mdl_ditch_witch_mx_27,ditch-witch-mx27,2,0,0,0,0,0,0,0,review,fail,no_v2_track_products;no_uc_products
mdl_ditch_witch_mx_272,ditch-witch-mx272,2,0,0,0,0,0,0,0,review,fail,no_v2_track_products;no_uc_products
mdl_ditch_witch_mx_35,ditch-witch-mx35,2,0,0,0,0,0,0,0,review,fail,no_v2_track_products;no_uc_products
mdl_ditch_witch_mx_352,ditch-witch-mx352,1,1,0,1,0,0,0,0,n/a,review,no_tnt_tracks
mdl_ditch_witch_mx182,ditch-witch-mx182,1,2,1,2,0,0,0,0,n/a,pass,
mdl_ditch_witch_sk1050,ditch-witch-sk1050,1,3,3,3,0,0,0,0,n/a,pass,
mdl_ditch_witch_sk1550,ditch-witch-sk-1550,1,3,3,3,0,0,0,0,n/a,pass,
mdl_ditch_witch_sk500,ditch-witch-sk500,1,4,3,4,0,0,0,0,n/a,pass,
mdl_ditch_witch_sk600,ditch-witch-sk-600,2,2,2,2,0,0,0,0,review,pass,
mdl_ditch_witch_sk650,ditch-witch-sk-650,1,3,3,3,0,0,0,0,n/a,pass,
mdl_ditch_witch_sk750,ditch-witch-sk750,1,3,3,3,0,0,0,0,n/a,pass,
mdl_ditch_witch_sk752,ditch-witch-sk752,1,2,2,2,0,0,0,0,n/a,pass,
mdl_ditch_witch_sk755,ditch-witch-sk755,1,3,3,3,0,0,0,0,n/a,pass,
mdl_ditch_witch_sk800,ditch-witch-sk800,1,2,2,2,0,0,0,0,n/a,pass,
mdl_ditch_witch_sk850,ditch-witch-sk850,1,2,2,2,0,0,0,0,n/a,pass,
mdl_ditch_witch_sk900,ditch-witch-sk900,1,3,3,3,0,0,0,0,n/a,pass,
mdl_doosan_dx27z,doosan-dx27z,1,3,1,3,0,0,0,0,n/a,pass,
mdl_doosan_dx30z,doosan-dx30z,2,1,1,1,0,0,0,0,review,pass,
mdl_doosan_dx35,doosan-dx35,1,2,1,4,0,1,0,1,n/a,pass,
mdl_doosan_dx35_z7,doosan-dx35-z7,1,2,1,3,0,0,0,0,n/a,pass,
mdl_doosan_dx355,doosan-dx35-5,3,1,1,1,0,0,0,0,review,pass,
mdl_doosan_dx35z,doosan-dx35z,1,2,1,3,0,0,0,0,n/a,pass,
mdl_doosan_dx50k5,doosan-dx50k-5,3,4,1,4,0,0,0,0,review,pass,
mdl_doosan_dx55,doosan-dx55,3,4,1,6,0,0,0,0,review,pass,
mdl_doosan_dx55z,doosan-dx-55z,3,4,1,4,0,0,0,0,review,pass,
mdl_doosan_dx60r,doosan-dx60r,1,2,1,4,0,0,0,0,n/a,pass,
mdl_doosan_dx62r3,doosan-dx62r-3,1,2,1,2,0,0,0,0,n/a,pass,
mdl_doosan_dx633,doosan-dx63-3,1,2,1,2,0,0,0,0,n/a,pass,
mdl_doosan_dx80r,doosan-dx80r,2,4,1,4,0,0,0,0,review,pass,
mdl_doosan_dx85r,doosan-dx85r,2,4,1,4,0,0,0,0,review,pass,
mdl_doosan_dx85r3,doosan-dx85r-3,2,4,1,4,0,0,0,0,review,pass,
mdl_doosan_s55,doosan-s55,3,4,1,4,0,0,0,0,review,pass,
mdl_gehl_303,gehl-303,2,4,2,8,0,0,0,0,review,pass,
mdl_gehl_502,gehl-502,3,3,1,5,0,0,0,0,review,pass,
mdl_gehl_503z,gehl-503z,3,3,1,5,0,0,0,0,review,pass,
mdl_gehl_603,gehl-603,3,6,2,10,0,0,0,0,review,pass,
mdl_gehl_ctl135,gehl-ctl135,1,4,4,4,0,0,0,0,n/a,pass,
mdl_gehl_ctl165,gehl-ctl165,2,0,0,0,0,0,0,0,pass,fail,no_v2_track_products;no_uc_products
mdl_gehl_ctl55,gehl-ctl55,1,10,10,10,0,0,0,0,n/a,pass,
mdl_gehl_ctl60,gehl-ctl60,2,8,8,16,2,4,0,2,pass,pass,
mdl_gehl_ctl65,gehl-ctl65,2,4,4,8,1,2,0,1,pass,pass,
mdl_gehl_ctl70,gehl-ctl70,1,12,12,22,4,4,0,2,n/a,pass,
mdl_gehl_ctl75,gehl-ctl75,1,6,6,10,1,2,0,1,n/a,pass,
mdl_gehl_ctl80,gehl-ctl80,1,12,12,16,1,2,0,1,n/a,pass,
mdl_gehl_ctl85,gehl-ctl85,1,6,6,10,1,2,0,1,n/a,pass,
mdl_gehl_ge303,gehl-ge303,2,0,0,0,0,0,0,0,review,fail,no_v2_track_products;no_uc_products
mdl_gehl_ge342,gehl-ge342,1,6,2,7,0,0,0,0,n/a,pass,
mdl_gehl_ge362,gehl-ge362,2,3,1,4,0,0,0,0,review,pass,
mdl_gehl_ge502,gehl-ge502,3,3,1,5,0,0,0,0,review,pass,
mdl_gehl_ge503,gehl-ge503,3,0,0,0,0,0,0,0,review,fail,no_v2_track_products;no_uc_products
mdl_gehl_ge602,gehl-ge602,3,3,1,5,0,0,0,0,review,pass,
mdl_gehl_mb28,gehl-mb28,2,0,0,0,0,0,0,0,review,fail,no_v2_track_products;no_uc_products
mdl_gehl_rt105,equipment-model-6awxkbkh,1,5,5,5,0,0,0,0,n/a,pass,
mdl_gehl_rt135,gehl-rt135,1,5,5,5,0,0,0,0,n/a,pass,
mdl_gehl_rt165,gehl-rt165,2,34,26,37,0,2,0,1,pass,pass,
mdl_gehl_rt210,gehl-rt210,1,13,9,17,1,2,0,1,n/a,pass,
mdl_gehl_rt215,gehl-rt215,1,30,22,34,1,2,0,1,n/a,pass,
mdl_gehl_rt250,gehl-rt250,1,26,16,36,4,4,0,2,n/a,pass,
mdl_gehl_rt255,gehl-rt255,1,13,8,18,2,2,0,1,n/a,pass,
mdl_gehl_vt210,gehl-vt210,1,0,0,0,0,0,0,0,n/a,fail,no_v2_track_products;no_uc_products
mdl_gehl_vt320,gehl-vt320,1,13,8,17,1,2,0,1,n/a,pass,
mdl_hanix_h36b,hanix-h36b,2,1,1,1,0,0,0,0,review,pass,
mdl_hanix_h36c,hanix-h36c,2,1,1,1,0,0,0,0,review,pass,
mdl_hanix_h36cr,hanix-h36cr,2,1,1,1,0,0,0,0,review,pass,
mdl_hanix_h36r,hanix-h36r,2,1,1,1,0,0,0,0,review,pass,
mdl_hitachi_30u,hitachi-30u,1,2,1,3,0,0,0,0,n/a,pass,
mdl_hitachi_35u,hitachi-35u,1,2,1,3,0,0,0,0,n/a,pass,
mdl_hitachi_ex_35_u,hitachi-ex35u,1,1,0,1,0,0,0,0,n/a,review,no_tnt_tracks
mdl_hitachi_ex12,hitachi-ex12,1,2,1,3,0,0,0,1,n/a,pass,
mdl_hitachi_ex12_1,hitachi-ex12-1,1,2,1,2,0,0,0,0,n/a,pass,
mdl_hitachi_ex12_2,hitachi-ex12-2,1,2,1,2,0,0,0,0,n/a,pass,
mdl_hitachi_ex15,hitachi-ex15,1,2,1,2,0,0,0,0,n/a,pass,
mdl_hitachi_ex15_1,hitachi-ex15-1,1,2,1,2,0,0,0,0,n/a,pass,
mdl_hitachi_ex15_2,hitachi-ex15-2,1,2,1,2,0,0,0,0,n/a,pass,
mdl_hitachi_ex15u,hitachi-ex15u,1,2,1,2,0,0,0,0,n/a,pass,
mdl_hitachi_ex16,hitachi-ex16,1,2,1,2,0,0,0,0,n/a,pass,
mdl_hitachi_ex17,hitachi-ex17,1,0,0,1,0,0,0,1,n/a,review,no_v2_track_products
mdl_hitachi_ex35,hitachi-ex35,2,1,1,2,0,0,0,0,review,pass,
mdl_hitachi_ex351,hitachi-ex35-1,2,0,0,0,0,0,0,0,review,fail,no_v2_track_products;no_uc_products
mdl_hitachi_ex36u,hitachi-ex36u,1,2,1,3,0,0,0,0,n/a,pass,
mdl_hitachi_ex40ur,hitachi-ex40ur,2,1,1,2,0,0,0,0,review,pass,
mdl_hitachi_ex40ur_3,hitachi-ex40ur-3,1,3,2,5,0,0,0,1,n/a,pass,
mdl_hitachi_ex50u,hitachi-ex50u,3,4,2,8,1,0,0,1,review,pass,
mdl_hitachi_ex58mu,hitachi-ex58mu,3,3,1,6,0,0,0,1,review,pass,
mdl_hitachi_sh15_2,hitachi-sh15-2,1,2,1,2,0,0,0,0,n/a,pass,
mdl_hitachi_ue35,hitachi-ue35,1,3,2,4,0,0,0,0,n/a,pass,
mdl_hitachi_zx14_3,hitachi-zx14-3,1,2,1,2,0,0,0,0,n/a,pass,
mdl_hitachi_zx17u,hitachi-zx17u,1,1,1,1,0,0,0,0,n/a,pass,
mdl_hitachi_zx17u_2,hitachi-zx17u-2,1,2,1,3,0,0,0,1,n/a,pass,
mdl_hitachi_zx27u3,hitachi-zx27u-3,1,0,0,0,0,0,0,0,n/a,fail,no_v2_track_products;no_uc_products
mdl_hitachi_zx30u,hitachi-zx30u,1,3,2,7,1,0,0,2,n/a,pass,
mdl_hitachi_zx30u_2,hitachi-zx30u-2,1,3,2,5,0,0,0,1,n/a,pass,
mdl_hitachi_zx30u_5,hitachi-zx30-u5,1,0,0,0,0,0,0,0,n/a,fail,no_v2_track_products;no_uc_products
mdl_hitachi_zx33u,hitachi-zx33u,1,3,2,5,0,0,0,1,n/a,pass,
mdl_hitachi_zx35_u5n,hitachi-zx35-u5n,1,2,1,7,1,1,0,2,n/a,pass,
mdl_hitachi_zx35u,hitachi-zx35u,1,3,2,7,1,0,0,2,n/a,pass,
mdl_hitachi_zx35u_2,hitachi-zx35u-2,1,3,2,7,1,0,0,2,n/a,pass,
mdl_hitachi_zx35u_3,hitachi-zx35u-3,1,3,2,7,1,0,0,2,n/a,pass,
mdl_hitachi_zx40u2,hitachi-zx40u-2,3,0,0,0,0,0,0,0,review,fail,no_v2_track_products;no_uc_products
mdl_hitachi_zx50u_5,hitachi-zx50u-5,3,4,1,10,1,1,0,2,review,pass,
mdl_hitachi_zx50u2,hitachi-zx50u-2,3,0,0,0,0,0,0,0,review,fail,no_v2_track_products;no_uc_products
mdl_hitachi_zx50u3,hitachi-zx50u-3,3,0,0,0,0,0,0,0,review,fail,no_v2_track_products;no_uc_products
mdl_hitachi_zx60usb3,hitachi-zx60usb-3,3,0,0,0,0,0,0,0,review,fail,no_v2_track_products;no_uc_products
mdl_hitachi_zx60usb5,hitachi-zx60usb-5,3,0,0,0,0,0,0,0,review,fail,no_v2_track_products;no_uc_products
mdl_hyundai_r17z_9a,hyundai-r17z-9a,1,2,1,2,0,0,0,0,n/a,pass,
mdl_hyundai_r27z_9,hyundai-r27z-9,1,0,0,0,0,0,0,0,n/a,fail,no_v2_track_products;no_uc_products
mdl_hyundai_r35z_7,hyundai-r35z-7,2,0,0,0,0,0,0,0,review,fail,no_v2_track_products;no_uc_products
mdl_hyundai_r35z9,hyundai-r-35-z-9,1,2,1,2,0,0,0,0,n/a,pass,
mdl_hyundai_r55_9a,hyundai-r55-9a,1,0,0,0,0,0,0,0,n/a,fail,no_v2_track_products;no_uc_products
mdl_hyundai_r553,hyundai-r55-3,1,2,1,2,0,0,0,0,n/a,pass,
mdl_hyundai_r557,hyundai-r55-7,1,2,1,2,0,0,0,0,n/a,pass,
mdl_hyundai_r559,hyundai-r55-9,1,2,1,2,0,0,0,0,n/a,pass,
mdl_hyundai_r60cr9,hyundai-r60cr-9,1,2,1,2,0,0,0,0,n/a,pass,
mdl_hyundai_r60cr9a,hyundai-r60cr-9a,1,2,1,2,0,0,0,0,n/a,pass,
mdl_hyundai_robex_27z_9,hyundai-robex-27z-9,1,3,1,3,0,0,0,0,n/a,pass,
mdl_hyundai_robex_30,hyundai-robex-30,1,3,1,4,0,0,0,0,n/a,pass,
mdl_hyundai_robex_35_5,hyundai-robex-35-5,2,1,1,1,0,0,0,0,review,pass,
mdl_hyundai_robex_35_7,hyundai-robex-35-7,2,1,1,1,0,0,0,0,review,pass,
mdl_hyundai_robex_36_7,hyundai-robex-36-7,2,1,1,1,0,0,0,0,review,pass,
mdl_hyundai_robex_17z_9a,hyundai-robex-17z-9a,1,2,1,2,0,0,0,0,n/a,pass,
mdl_hyundai_robex285,hyundai-robex-28-5,1,1,1,1,0,0,0,0,n/a,pass,
mdl_hyundai_robex30z9ak,hyundai-robex-30z-9ak,1,2,1,2,0,0,0,0,n/a,pass,
mdl_hyundai_robex359,hyundai-robex-35-9,1,2,1,2,0,0,0,0,n/a,pass,
mdl_hyundai_robex35z7a,hyundai-robex-35z-7a,1,2,1,2,0,0,0,0,n/a,pass,
mdl_hyundai_robex35z9a,hyundai-robex35z9a,1,2,1,4,1,0,0,0,n/a,pass,
mdl_hyundai_robex35z9ak,hyundai-robex-35z-9ak,1,2,1,2,0,0,0,0,n/a,pass,
mdl_hyundai_robex553,hyundai-robex-55-3,1,2,1,2,0,0,0,0,n/a,pass,
mdl_hyundai_robex557,hyundai-robex-55-7,1,2,1,2,0,0,0,0,n/a,pass,
mdl_hyundai_robex559,hyundai-robex-55-9,1,2,1,2,0,0,0,0,n/a,pass,
mdl_hyundai_robex559a,hyundai-robex-55-9a,1,2,1,2,0,0,0,0,n/a,pass,
mdl_hyundai_robex60cr9a,hyundai-robex-60cr-9a,1,2,1,2,0,0,0,0,n/a,pass,
mdl_hyundai_robex75_7,hyundai-robex-75-7,2,1,1,1,0,0,0,0,review,pass,
mdl_hyundai_robex807,hyundai-robex-80-7,1,0,0,0,0,0,0,0,n/a,fail,no_v2_track_products;no_uc_products
mdl_hyundai_robex80cr9,hyundai-robex-80cr-9,2,0,0,0,0,0,0,0,review,fail,no_v2_track_products;no_uc_products
mdl_hyundai_robexr60cr9,hyundai-robex-r60-cr-9,1,2,1,2,0,0,0,0,n/a,pass,
mdl_ihi_17vx,ihi-17vx,1,2,1,2,0,0,0,0,n/a,pass,
mdl_ihi_18_j,ihi-18-j,1,2,1,2,0,0,0,0,n/a,pass,
mdl_ihi_18n,ihi-18n,1,2,1,2,0,0,0,0,n/a,pass,
mdl_ihi_18nxt,ihi-18nxt,1,2,1,2,0,0,0,0,n/a,pass,
mdl_ihi_25nx,ihi-25-nx,2,2,1,4,0,0,0,0,review,pass,
mdl_ihi_28n,ihi-28-n,2,2,1,4,0,0,0,0,review,pass,
mdl_ihi_28n2,ihi-28-n-2,2,0,0,0,0,0,0,0,review,fail,no_v2_track_products;no_uc_products
mdl_ihi_35n,ihi-35n,2,2,1,4,0,0,0,0,review,pass,
mdl_ihi_45v4,ihi-45v-4,3,0,0,0,0,0,0,0,review,fail,no_v2_track_products;no_uc_products
mdl_ihi_50g,ihi-50g,3,5,1,7,0,0,0,0,review,pass,
mdl_ihi_50g3,ihi-50g-3,3,0,0,0,0,0,0,0,review,fail,no_v2_track_products;no_uc_products
mdl_ihi_50gx,ihi-50gx,3,3,1,5,0,0,0,0,review,pass,
mdl_ihi_50j,ihi-50j,3,3,1,5,0,0,0,0,review,pass,
mdl_ihi_50jx,ihi-50jx,3,0,0,0,0,0,0,0,review,fail,no_v2_track_products;no_uc_products
mdl_ihi_50ux,ihi-50ux,3,5,2,7,0,0,0,0,review,pass,
mdl_ihi_50z,ihi-50z,3,4,1,6,0,0,0,0,review,pass,
mdl_ihi_65nx,ihi-65nx,1,2,1,2,0,0,0,0,n/a,pass,
mdl_ihi_cl35,ihi-cl35,2,14,10,14,0,0,0,0,pass,pass,
mdl_ihi_cl45,ihi-cl45,1,13,9,13,0,0,0,0,n/a,pass,
mdl_ihi_is27,ihi-is-27,2,1,1,2,0,0,0,0,review,pass,
mdl_ihi_is27g,ihi-is-27g,2,1,1,3,0,0,0,1,review,pass,
mdl_ihi_is27gx,ihi-is-27gx,2,1,1,2,0,0,0,0,review,pass,
mdl_ihi_is28g,ihi-is-28g,2,1,1,3,0,0,0,1,review,pass,
mdl_ihi_is28g3,ihi-is-28g3,2,1,1,2,0,0,0,0,review,pass,
mdl_ihi_is28gx,ihi-is-28gx,2,1,1,2,0,0,0,0,review,pass,
mdl_ihi_is28j,ihi-is-28j,2,1,1,3,0,0,0,1,review,pass,
mdl_ihi_is28lx,ihi-is-28lx,2,1,1,2,0,0,0,0,review,pass,
mdl_ihi_is28px,ihi-is-28px,2,1,1,2,0,0,0,0,review,pass,
mdl_ihi_is28ux,ihi-is-28ux,2,1,1,2,0,0,0,0,review,pass,
mdl_ihi_is30g,ihi-is-30g,2,1,1,3,0,0,0,1,review,pass,
mdl_ihi_is30gx,ihi-is-30gx,2,1,1,2,0,0,0,0,review,pass,
mdl_ihi_is30j,ihi-is-30j,2,1,1,2,0,0,0,0,review,pass,
mdl_ihi_is30jx,ihi-is-30jx,2,2,1,3,0,0,0,0,review,pass,
mdl_ihi_is30nx,ihi-is-30nx,2,2,1,3,0,0,0,0,review,pass,
mdl_ihi_is30uj,ihi-is-30uj,2,2,1,3,0,0,0,0,review,pass,
mdl_ihi_is32j,ihi-is-32j,2,2,1,3,0,0,0,0,review,pass,
mdl_ihi_is35g,ihi-is-35g,2,2,1,4,0,0,0,1,review,pass,
mdl_ihi_is35gx,ihi-is-35gx,2,2,1,3,0,0,0,0,review,pass,
mdl_ihi_is35j,ihi-is-35j,2,2,1,3,0,0,0,0,review,pass,
mdl_ihi_is35nx,ihi-is-35nx,2,4,2,5,0,0,0,0,review,pass,
mdl_ihi_is35uj,ihi-is-35uj,2,4,2,5,0,0,0,0,review,pass,
mdl_ihi_is38uj,ihi-is-38uj,2,4,2,4,0,0,0,0,review,pass,
mdl_ihi_is38ux,ihi-is-38ux,2,2,1,3,0,0,0,0,review,pass,
mdl_ihi_is40g,ihi-is-40g,3,3,2,6,0,0,0,1,review,pass,
mdl_ihi_is40gx,ihi-is-40gx,3,3,2,5,0,0,0,0,review,pass,
mdl_ihi_is40gx2,ihi-is-40gx-2,3,2,1,2,0,0,0,0,review,pass,
mdl_ihi_is40gx3,ihi-is-40gx-3,3,2,1,2,0,0,0,0,review,pass,
mdl_ihi_is40j,ihi-is-40j,3,3,2,5,0,0,0,0,review,pass,
mdl_ihi_is40jx,ihi-is-40jx,3,3,2,5,0,0,0,0,review,pass,
mdl_ihi_is40nx,ihi-is-40nx,3,2,1,2,0,0,0,0,review,pass,
mdl_ihi_is45j,ihi-is-45j,3,3,2,5,0,0,0,0,review,pass,
mdl_ihi_is45nx,ihi-is-45nx,3,3,2,5,0,0,0,0,review,pass,
mdl_ihi_is45uj,ihi-is-45uj,3,3,2,5,0,0,0,0,review,pass,
mdl_ihi_is50g,ihi-is-50g,3,4,1,7,0,0,0,1,review,pass,
mdl_ihi_is50g3,ihi-is-50g3,3,4,1,6,0,0,0,0,review,pass,
mdl_ihi_is50gx,ihi-is-50gx,3,4,1,6,0,0,0,0,review,pass,
mdl_ihi_is50uj,ihi-is-50uj,3,4,1,6,0,0,0,0,review,pass,
mdl_ihi_is50ux,ihi-is-50ux,3,4,1,7,0,0,0,1,review,pass,
mdl_ihi_is50z,ihi-is-50z,3,4,1,6,0,0,0,0,review,pass,
mdl_ihi_is55,ihi-is-55,3,4,1,6,0,0,0,0,review,pass,
mdl_ihi_is55g,ihi-is-55g,3,4,1,6,0,0,0,0,review,pass,
mdl_ihi_is55g3,ihi-is-55g-3,3,4,1,4,0,0,0,0,review,pass,
mdl_ihi_is55j,ihi-is-55j,3,4,1,6,0,0,0,0,review,pass,
mdl_ihi_is55lx,ihi-is-55lx,3,4,1,6,0,0,0,0,review,pass,
mdl_ihi_is55n,ihi-is-55n,3,7,2,9,0,0,0,0,review,pass,
mdl_ihi_is55u1,ihi-is-55u-1,3,4,1,4,0,0,0,0,review,pass,
mdl_ihi_is55u2,ihi-is-55u-2,3,4,1,4,0,0,0,0,review,pass,
mdl_ihi_is55uj,ihi-is-55uj,3,4,1,6,0,0,0,0,review,pass,
mdl_ihi_is55ux,ihi-is-55ux,3,4,1,6,0,0,0,0,review,pass,
mdl_jcb_150t,jcb-150t,1,0,0,2,0,1,0,1,n/a,review,no_v2_track_products
mdl_jcb_16c_1,jcb-16c-1,1,2,1,2,0,0,0,0,n/a,pass,
mdl_jcb_180t,jcb-180t,1,11,8,12,0,0,0,1,n/a,pass,
mdl_jcb_18z_1,jcb-18z-1,1,2,1,2,0,0,0,0,n/a,pass,
mdl_jcb_190t,jcb-190t,3,33,23,34,0,0,0,1,pass,pass,
mdl_jcb_190t_eco,jcb-190t-eco,1,11,8,12,0,0,0,1,n/a,pass,
mdl_jcb_19c_1,jcb-19c-1,1,2,1,2,0,0,0,0,n/a,pass,
mdl_jcb_205t,jcb-205t,1,15,12,17,0,1,0,1,n/a,pass,
mdl_jcb_205t_eco,jcb-205t-eco,1,0,0,0,0,0,0,0,n/a,fail,no_v2_track_products;no_uc_products
mdl_jcb_210t,jcb-210t,1,11,8,11,0,0,0,0,n/a,pass,
mdl_jcb_215t,jcb-215t,1,11,8,13,0,1,0,1,n/a,pass,
mdl_jcb_225t,jcb-225t,1,0,0,0,0,0,0,0,n/a,fail,no_v2_track_products;no_uc_products
mdl_jcb_225t_eco,jcb-225t-eco,1,15,10,17,0,1,0,1,n/a,pass,
mdl_jcb_250t,jcb-250-t-tracks,1,13,9,13,0,0,0,0,n/a,pass,
mdl_jcb_260t,jcb-260t,1,15,10,17,0,1,0,1,n/a,pass,
mdl_jcb_260t_eco,jcb-260t-eco,1,15,10,17,0,1,0,1,n/a,pass,
mdl_jcb_270t,jcb-270t,1,0,0,0,0,0,0,0,n/a,fail,no_v2_track_products;no_uc_products
mdl_jcb_2ts,jcb-2ts,1,0,0,0,0,0,0,0,n/a,fail,no_v2_track_products;no_uc_products
mdl_jcb_2ts_7t,jcb-2-ts-7-t-tracks,1,11,8,11,0,0,0,0,n/a,pass,
mdl_jcb_300t,jcb-300t,1,15,10,17,0,1,0,1,n/a,pass,
mdl_jcb_300t_eco,jcb-300t-eco,1,0,0,0,0,0,0,0,n/a,fail,no_v2_track_products;no_uc_products
mdl_jcb_320t,jcb-320t,1,0,0,0,0,0,0,0,n/a,fail,no_v2_track_products;no_uc_products
mdl_jcb_320t_eco,jcb-320t-eco,1,15,10,17,0,1,0,1,n/a,pass,
mdl_jcb_35z_1,jcb-35z-1,1,2,1,2,0,0,0,0,n/a,pass,
mdl_jcb_3ts_8t,jcb-3ts-8t,1,15,10,17,0,1,0,1,n/a,pass,
mdl_jcb_45z_1,jcb-45z-1,3,4,1,4,0,0,0,0,review,pass,
mdl_jcb_48z_1,jcb-48z-1,3,2,1,4,0,0,0,0,review,pass,
mdl_jcb_55z_1,jcb-55z-1,3,2,1,4,0,0,0,0,review,pass,
mdl_jcb_57c_1,jcb-57c-1,3,0,0,0,0,0,0,0,review,fail,no_v2_track_products;no_uc_products
mdl_jcb_57z_1,jcb-57z-1,3,0,0,0,0,0,0,0,review,fail,no_v2_track_products;no_uc_products
mdl_jcb_65r,jcb-65r,3,4,1,4,0,0,0,0,review,pass,
mdl_jcb_67c,jcb-67c,3,4,1,4,0,0,0,0,review,pass,
mdl_jcb_801,jcb-801,2,3,2,3,0,0,0,0,pass,pass,
mdl_jcb_8017,jcb-8017,1,2,1,2,0,0,0,0,n/a,pass,
mdl_jcb_8018,jcb-8018,0,1,1,1,0,0,0,0,n/a,review,no_track_size_options
mdl_jcb_801r,jcb-801r,1,2,1,2,0,0,0,0,n/a,pass,
mdl_jcb_802_plus,jcb-802-plus,1,0,0,0,0,0,0,0,n/a,fail,no_v2_track_products;no_uc_products
mdl_jcb_802_super,jcb-802-super,1,0,0,0,0,0,0,0,n/a,fail,no_v2_track_products;no_uc_products
mdl_jcb_802_7,jcb-802-7,2,1,1,1,0,0,0,0,review,pass,
mdl_jcb_802_7_zts,jcb-802-7-zts,1,2,1,2,0,0,0,0,n/a,pass,
mdl_jcb_8025,jcb-8025,2,0,0,0,0,0,0,0,review,fail,no_v2_track_products;no_uc_products
mdl_jcb_8025zts,jcb-8025zts,2,2,1,3,0,0,0,0,review,pass,
mdl_jcb_8026,jcb-8026,2,2,1,2,0,0,0,0,review,pass,
mdl_jcb_803,jcb-803,2,2,1,5,0,0,0,1,review,pass,
mdl_jcb_803_magnum,jcb-803-magnum,2,2,1,2,0,0,0,0,review,pass,
mdl_jcb_803_plus,jcb-803-plus,2,2,1,2,0,0,0,0,review,pass,
mdl_jcb_803_super,jcb-803-super,2,2,1,2,0,0,0,0,review,pass,
mdl_jcb_8030_zts,jcb-8030zts,2,2,1,2,0,0,0,0,review,pass,
mdl_jcb_8032,jcb-8032,2,0,0,0,0,0,0,0,review,fail,no_v2_track_products;no_uc_products
mdl_jcb_8032zts,jcb-803-2-zts,2,2,1,3,0,0,0,0,review,pass,
mdl_jcb_8035,jcb-8035,2,0,0,0,0,0,0,0,review,fail,no_v2_track_products;no_uc_products
mdl_jcb_8035_zts,jcb-8035zts,2,2,1,2,0,0,0,0,review,pass,
mdl_jcb_8035z,jcb-8035z,2,4,2,5,0,0,0,0,review,pass,
mdl_jcb_803e,jcb-803e,2,2,1,3,0,0,0,0,review,pass,
mdl_jcb_804,jcb-804,2,4,2,5,0,0,0,1,review,pass,
mdl_jcb_8045,jcb-8045,3,0,0,0,0,0,0,0,review,fail,no_v2_track_products;no_uc_products
mdl_jcb_8045zts,jcb-8045zts,3,4,1,7,0,0,0,1,review,pass,
mdl_jcb_805,jcb-805,3,4,1,7,0,0,0,1,review,pass,
mdl_jcb_8050_zts,jcb-8050zts,3,4,1,4,0,0,0,0,review,pass,
mdl_jcb_8052,jcb-805-2,3,4,1,7,0,0,0,1,review,pass,
mdl_jcb_8055,jcb-8055,3,0,0,0,0,0,0,0,review,fail,no_v2_track_products;no_uc_products
mdl_jcb_8055rts,jcb-8055rts,3,4,1,4,0,0,0,0,review,pass,
mdl_jcb_8055z,jcb-8055z,3,7,2,9,0,0,0,0,review,pass,
mdl_jcb_8055zts,jcb-8055zts,3,4,1,4,0,0,0,0,review,pass,
mdl_jcb_806,jcb-806,3,4,1,6,0,0,0,0,review,pass,
mdl_jcb_8060,jcb-8060,3,4,1,8,0,0,0,2,review,pass,
mdl_jcb_8065,jcb-8065,3,0,0,0,0,0,0,0,review,fail,no_v2_track_products;no_uc_products
mdl_jcb_8065rts,jcb-8065rts,3,7,2,9,0,0,0,0,review,pass,
mdl_jcb_8080,jcb-8080,2,4,2,7,0,0,0,0,review,pass,
mdl_jcb_8080_zts,jcb-8080zts,1,1,1,1,0,0,0,0,n/a,pass,
mdl_jcb_8085zts,jcb-8085zts,1,3,1,6,0,0,0,0,n/a,pass,
mdl_jcb_85z_1,jcb-85z-1,2,3,1,6,0,0,0,0,review,pass,
mdl_jcb_86c_1,jcb-86c-1,2,2,1,3,0,0,0,0,review,pass,
mdl_jcb_90z_1,jcb-90z-1,2,0,0,0,0,0,0,0,review,fail,no_v2_track_products;no_uc_products
mdl_jcb_jz_70,jcb-jz-70,3,2,1,2,0,0,0,0,review,pass,
mdl_john_deere_17d,john-deere-17d,1,2,1,5,1,1,0,1,n/a,pass,
mdl_john_deere_17g,john-deere-17g,1,2,1,5,1,1,0,1,n/a,pass,
mdl_john_deere_17p,john-deere-17p,1,2,1,2,0,0,0,0,n/a,pass,
mdl_john_deere_17zts,john-deere-17zts,1,4,2,10,2,2,0,2,n/a,pass,
mdl_john_deere_26g,john-deere-26g,1,3,1,9,2,1,0,2,n/a,pass,
mdl_john_deere_27d,john-deere-27d,1,4,1,10,1,1,0,3,n/a,pass,
mdl_john_deere_27zts,john-deere-27zts,2,1,1,3,1,0,0,0,review,pass,
mdl_john_deere_30g,john-deere-30g,1,2,1,7,1,1,0,2,n/a,pass,
mdl_john_deere_317g,john-deere-317g,2,38,28,44,2,3,0,1,pass,pass,
mdl_john_deere_319d,john-deere-319d,2,14,10,18,2,1,0,1,pass,pass,
mdl_john_deere_319e,john-deere-319e,2,25,19,28,1,1,0,1,pass,pass,
mdl_john_deere_323d,john-deere-323d,2,25,19,31,4,1,0,1,pass,pass,
mdl_john_deere_323e,john-deere-323e,2,25,19,29,2,1,0,1,pass,pass,
mdl_john_deere_325g,john-deere-325g,2,19,13,22,1,1,0,1,pass,pass,
mdl_john_deere_329d,john-deere-329d,1,15,10,20,3,1,0,1,n/a,pass,
mdl_john_deere_329e,john-deere-329e,1,15,10,19,2,1,0,1,n/a,pass,
mdl_john_deere_331g,john-deere-331g,1,14,9,16,1,0,0,1,n/a,pass,
mdl_john_deere_331p,john-deere-331p,1,26,16,26,0,0,0,0,n/a,pass,
mdl_john_deere_333d,john-deere-333d,1,13,9,17,2,1,0,1,n/a,pass,
mdl_john_deere_333e,john-deere-333e,1,13,9,16,1,1,0,1,n/a,pass,
mdl_john_deere_333g,john-deere-333g,1,14,9,16,1,0,0,1,n/a,pass,
mdl_john_deere_333p,john-deere-333p,1,15,10,15,0,0,0,0,n/a,pass,
mdl_john_deere_335p,john-deere-335p,1,13,8,13,0,0,0,0,n/a,pass,
mdl_john_deere_35czts,john-deere-35czts,1,4,2,10,2,0,0,4,n/a,pass,
mdl_john_deere_35d,john-deere-35d,1,3,2,13,2,2,0,5,n/a,pass,
mdl_john_deere_35g,john-deere-35g,1,2,1,7,1,1,0,2,n/a,pass,
mdl_john_deere_35p,john-deere-35p,1,2,1,4,2,0,0,0,n/a,pass,
mdl_john_deere_35zts,john-deere-35zts,1,4,3,10,1,0,0,4,n/a,pass,
mdl_john_deere_50d,john-deere-50d,3,7,2,19,1,3,0,6,review,pass,
mdl_john_deere_50g,john-deere-50g,3,8,2,15,1,1,0,3,review,pass,
mdl_john_deere_50p,john-deere-50p,3,8,2,15,2,2,0,0,review,pass,
mdl_john_deere_50zts,john-deere-50zts,3,5,2,12,1,0,0,4,review,pass,
mdl_john_deere_60d,john-deere-60d,3,5,1,11,1,0,0,3,review,pass,
mdl_john_deere_60g,john-deere-60g,3,4,1,12,1,0,0,3,review,pass,
mdl_john_deere_75c,john-deere-75c,2,0,0,0,0,0,0,0,review,fail,no_v2_track_products;no_uc_products
mdl_john_deere_75d,john-deere-75d,2,4,1,12,2,0,0,3,review,pass,
mdl_john_deere_75g,john-deere-75g,2,4,2,10,1,0,0,2,review,pass,
mdl_john_deere_85g,john-deere-85g,2,4,2,10,1,0,0,2,review,pass,
mdl_john_deere_ct322,john-deere-ct322,2,46,34,54,4,2,0,2,pass,pass,
mdl_john_deere_ct332,john-deere-ct332,1,30,20,34,2,1,0,1,n/a,pass,
mdl_kioti_tl750,kioti-tl750,1,3,3,3,0,0,0,0,n/a,pass,
mdl_kobelco_115,kobelco-115,1,2,1,2,0,0,0,0,n/a,pass,
mdl_kobelco_sk_024,kobelco-sk024,2,0,0,0,0,0,0,0,review,fail,no_v2_track_products;no_uc_products
mdl_kobelco_sk_025,kobelco-sk025,2,0,0,0,0,0,0,0,review,fail,no_v2_track_products;no_uc_products
mdl_kobelco_sk_0252,kobelco-sk025-2,2,0,0,0,0,0,0,0,review,fail,no_v2_track_products;no_uc_products
mdl_kobelco_sk_025sr,kobelco-sk025sr,2,0,0,0,0,0,0,0,review,fail,no_v2_track_products;no_uc_products
mdl_kobelco_sk_20sr,kobelco-sk20sr,2,0,0,0,0,0,0,0,review,fail,no_v2_track_products;no_uc_products
mdl_kobelco_sk013,kobelco-sk013,1,2,1,2,0,0,0,0,n/a,pass,
mdl_kobelco_sk013_1,kobelco-sk013-1,1,2,1,2,0,0,0,0,n/a,pass,
mdl_kobelco_sk014_1,kobelco-sk014-1,1,2,1,2,0,0,0,0,n/a,pass,
mdl_kobelco_sk015,kobelco-sk015,1,2,1,2,0,0,0,0,n/a,pass,
mdl_kobelco_sk015_1,kobelco-sk015-1,1,2,1,2,0,0,0,0,n/a,pass,
mdl_kobelco_sk035,kobelco-sk035,1,6,2,9,0,1,0,0,n/a,pass,
mdl_kobelco_sk45sr2,kobelco-sk45sr-2,3,0,0,0,0,0,0,0,review,fail,no_v2_track_products;no_uc_products
mdl_kobelco_sk55sr5,kobelco-sk55sr-5,3,0,0,0,0,0,0,0,review,fail,no_v2_track_products;no_uc_products
mdl_kobelco_sk55srx6e,kobelco-sk55srx-6e,3,0,0,0,0,0,0,0,review,fail,no_v2_track_products;no_uc_products
mdl_kobelco_sk55srx7,kobelco-sk55srx-7,3,0,0,0,0,0,0,0,review,fail,no_v2_track_products;no_uc_products
mdl_kobelco_sk70sr_2,kobelco-sk70sr-2,2,4,2,8,0,0,0,1,review,pass,
mdl_kobelco_sk80cs,kobelco-sk80cs,2,4,2,9,1,0,0,1,review,pass,
mdl_kobelco_sk80msr,kobelco-sk80msr,2,4,2,8,0,0,0,1,review,pass,
mdl_kobelco_sk85cs,kobelco-sk85cs,2,4,2,9,1,0,0,1,review,pass,
mdl_komatsu_ck20,komatsu-ck20,2,14,10,14,0,0,0,0,pass,pass,
mdl_komatsu_ck201,komatsu-ck-20-1,2,4,4,4,0,0,0,0,pass,pass,
mdl_komatsu_ck25,komatsu-ck25,2,24,16,24,0,0,0,0,pass,pass,
mdl_komatsu_ck251,komatsu-ck-25-1,2,4,4,4,0,0,0,0,pass,pass,
mdl_komatsu_ck30_1,komatsu-ck30-1,1,17,11,18,0,0,0,1,n/a,pass,
mdl_komatsu_ck35,komatsu-ck35,1,13,9,14,0,0,0,1,n/a,pass,
mdl_komatsu_ck35_1,komatsu-ck35-1,1,26,18,30,0,0,0,4,n/a,pass,
mdl_komatsu_pc_30_mr_5,komatsu-pc30mr-5,1,1,0,1,0,0,0,0,n/a,review,no_tnt_tracks
mdl_komatsu_pc_35_mr_5,komatsu-pc35mr-5,1,1,0,1,0,0,0,0,n/a,review,no_tnt_tracks
mdl_komatsu_pc05,komatsu-pc05,1,5,5,7,0,0,0,2,n/a,pass,
mdl_komatsu_pc05_7,komatsu-pc05-7,1,2,1,3,0,0,0,1,n/a,pass,
mdl_komatsu_pc05avancer,komatsu-pc05avancer,1,2,1,2,0,0,0,0,n/a,pass,
mdl_komatsu_pc07,komatsu-pc07,2,3,2,4,0,0,0,1,pass,pass,
mdl_komatsu_pc07_1,komatsu-pc07-1,1,2,1,2,0,0,0,0,n/a,pass,
mdl_komatsu_pc07_2,komatsu-pc07-2,1,2,1,2,0,0,0,0,n/a,pass,
mdl_komatsu_pc07_6,komatsu-pc07-6,1,2,1,2,0,0,0,0,n/a,pass,
mdl_komatsu_pc07_7,komatsu-pc07-7,1,2,1,2,0,0,0,0,n/a,pass,
mdl_komatsu_pc07avancer,komatsu-pc07avancer,1,2,1,2,0,0,0,0,n/a,pass,
mdl_komatsu_pc07r,komatsu-pc07r,1,2,1,2,0,0,0,0,n/a,pass,
mdl_komatsu_pc12r_8,komatsu-pc12r-8,1,2,1,2,0,0,0,0,n/a,pass,
mdl_komatsu_pc12rutility,komatsu-pc12rutility,1,2,1,2,0,0,0,0,n/a,pass,
mdl_komatsu_pc14r_2,komatsu-pc14r-2,1,2,1,2,0,0,0,0,n/a,pass,
mdl_komatsu_pc15r,komatsu-pc15r,1,7,3,8,0,0,0,1,n/a,pass,
mdl_komatsu_pc15r_8,komatsu-pc15r-8,1,2,1,2,0,0,0,0,n/a,pass,
mdl_komatsu_pc15rhs,komatsu-pc15rhs,1,2,1,2,0,0,0,0,n/a,pass,
mdl_komatsu_pc16r_2,komatsu-pc16r-2,1,2,1,2,0,0,0,0,n/a,pass,
mdl_komatsu_pc18mr_2,komatsu-pc18mr-2,1,2,1,2,0,0,0,0,n/a,pass,
mdl_komatsu_pc18mr_3,komatsu-pc18mr-3,1,2,1,2,0,0,0,0,n/a,pass,
mdl_komatsu_pc20,komatsu-pc20,2,4,1,7,0,0,0,0,review,pass,
mdl_komatsu_pc202,komatsu-pc20-2,2,0,0,0,0,0,0,0,review,fail,no_v2_track_products;no_uc_products
mdl_komatsu_pc206,komatsu-pc20-6,2,0,0,0,0,0,0,0,review,fail,no_v2_track_products;no_uc_products
mdl_komatsu_pc207,komatsu-pc20-7,2,0,0,0,0,0,0,0,review,fail,no_v2_track_products;no_uc_products
mdl_komatsu_pc20mr2,komatsu-pc20-mr-2,3,1,1,1,0,0,0,0,pass,pass,
mdl_komatsu_pc22mr3,komatsu-pc22mr-3,2,1,1,1,0,0,0,0,review,pass,
mdl_komatsu_pc25,komatsu-pc25,2,2,2,2,0,0,0,0,review,pass,
mdl_komatsu_pc251,komatsu-pc25-1,2,0,0,0,0,0,0,0,review,fail,no_v2_track_products;no_uc_products
mdl_komatsu_pc257,komatsu-pc25-7,1,3,1,3,0,0,0,0,n/a,pass,
mdl_komatsu_pc25r8,komatsu-pc25r-8,1,3,1,3,0,0,0,0,n/a,pass,
mdl_komatsu_pc26mr,komatsu-pc26mr,1,3,1,4,0,0,0,0,n/a,pass,
mdl_komatsu_pc26mr3,komatsu-pc26mr-3,1,0,0,0,0,0,0,0,n/a,fail,no_v2_track_products;no_uc_products
mdl_komatsu_pc27mr,komatsu-pc27mr,1,3,1,5,1,0,0,0,n/a,pass,
mdl_komatsu_pc27mr1,komatsu-pc27mr-1,1,0,0,0,0,0,0,0,n/a,fail,no_v2_track_products;no_uc_products
mdl_komatsu_pc27mr2,komatsu-pc27mr-2,1,0,0,0,0,0,0,0,n/a,fail,no_v2_track_products;no_uc_products
mdl_komatsu_pc27mr3,komatsu-pc27mr-3,1,3,1,3,0,0,0,0,n/a,pass,
mdl_komatsu_pc27r8,komatsu-pc27r-8,1,0,0,0,0,0,0,0,n/a,fail,no_v2_track_products;no_uc_products
mdl_komatsu_pc28,komatsu-pc28,1,2,1,3,0,0,0,0,n/a,pass,
mdl_komatsu_pc28uu,komatsu-pc28uu,1,2,1,3,0,0,0,0,n/a,pass,
mdl_komatsu_pc28uu1,komatsu-pc28uu-1,1,0,0,0,0,0,0,0,n/a,fail,no_v2_track_products;no_uc_products
mdl_komatsu_pc28uu2,komatsu-pc28uu-2,1,0,0,0,0,0,0,0,n/a,fail,no_v2_track_products;no_uc_products
mdl_komatsu_pc28uu3,komatsu-pc28uu-3,1,3,1,3,0,0,0,0,n/a,pass,
mdl_komatsu_pc30,komatsu-pc30,2,1,1,2,0,0,0,1,review,pass,
mdl_komatsu_pc306,komatsu-pc30-6,2,0,0,0,0,0,0,0,review,fail,no_v2_track_products;no_uc_products
mdl_komatsu_pc307,komatsu-pc30-7,2,0,0,0,0,0,0,0,review,fail,no_v2_track_products;no_uc_products
mdl_komatsu_pc30mr,komatsu-pc30mr,2,2,2,3,0,0,0,0,review,pass,
mdl_komatsu_pc30mr_1,komatsu-pc30mr-1,1,3,2,4,0,0,0,0,n/a,pass,
mdl_komatsu_pc30mr2,komatsu-pc30mr-2,1,2,1,2,0,0,0,0,n/a,pass,
mdl_komatsu_pc30mr3,komatsu-pc30mr-3,1,2,1,2,0,0,0,0,n/a,pass,
mdl_komatsu_pc30r8,komatsu-pc30r-8,2,0,0,0,0,0,0,0,review,fail,no_v2_track_products;no_uc_products
mdl_komatsu_pc35mr,komatsu-pc-35mr,3,3,2,5,0,0,0,0,review,pass,
mdl_komatsu_pc35mr1,komatsu-pc35mr-1,2,0,0,0,0,0,0,0,review,fail,no_v2_track_products;no_uc_products
mdl_komatsu_pc35mr2,komatsu-pc35mr-2,1,1,1,1,0,0,0,0,n/a,pass,
mdl_komatsu_pc35mr3,komatsu-pc35mr-3,1,2,1,2,0,0,0,0,n/a,pass,
mdl_komatsu_pc35r,komatsu-pc35r,2,2,2,3,0,0,0,0,review,pass,
mdl_komatsu_pc35r8,komatsu-pc35r-8,2,0,0,0,0,0,0,0,review,fail,no_v2_track_products;no_uc_products
mdl_komatsu_pc40mr3,komatsu-pc40mr-3,3,0,0,0,0,0,0,0,review,fail,no_v2_track_products;no_uc_products
mdl_komatsu_pc45mr,komatsu-pc-45mr,6,2,1,2,0,0,0,0,review,pass,
mdl_komatsu_pc45mr1,komatsu-pc-45mr-1,3,2,1,2,0,0,0,0,review,pass,
mdl_komatsu_pc45mr2,komatsu-pc-45mr-2,3,4,1,4,0,0,0,0,review,pass,
mdl_komatsu_pc45mr3,komatsu-pc45mr-3,3,0,0,0,0,0,0,0,review,fail,no_v2_track_products;no_uc_products
mdl_komatsu_pc45mr5,komatsu-pc45mr-5,3,0,0,0,0,0,0,0,review,fail,no_v2_track_products;no_uc_products
mdl_komatsu_pc50fr2,komatsu-pc50fr-2,3,0,0,0,0,0,0,0,review,fail,no_v2_track_products;no_uc_products
mdl_komatsu_pc50m2,komatsu-pc-50m-2,3,2,1,2,0,0,0,0,review,pass,
mdl_komatsu_pc50mr,komatsu-pc-50mr,3,6,2,8,0,0,0,0,review,pass,
mdl_komatsu_pc50mr2,komatsu-pc50mr-2,3,0,0,0,0,0,0,0,review,fail,no_v2_track_products;no_uc_products
mdl_komatsu_pc50uu1,komatsu-pc-50uu-1,3,0,0,0,0,0,0,0,review,fail,no_v2_track_products;no_uc_products
mdl_komatsu_pc55mr2,komatsu-pc55mr-2,3,0,0,0,0,0,0,0,review,fail,no_v2_track_products;no_uc_products
mdl_komatsu_pc55mr3,komatsu-pc55mr-3,3,0,0,0,0,0,0,0,review,fail,no_v2_track_products;no_uc_products
mdl_komatsu_pc55mr4,komatsu-pc55mr-4,3,0,0,0,0,0,0,0,review,fail,no_v2_track_products;no_uc_products
mdl_komatsu_pc55mr5,komatsu-pc55mr-5,3,0,0,0,0,0,0,0,review,fail,no_v2_track_products;no_uc_products
mdl_komatsu_pc58uu3,komatsu-pc-58uu-3,4,2,1,2,0,0,0,0,review,pass,
mdl_komatsu_pc58uux,komatsu-pc-58uu-x,3,2,1,2,0,0,0,0,review,pass,
mdl_komatsu_pc60,komatsu-pc-60,3,4,1,4,0,0,0,0,review,pass,
mdl_komatsu_pc605,komatsu-pc-60-5,3,4,1,4,0,0,0,0,review,pass,
mdl_komatsu_pc78mr6,komatsu-pc-78mr-6,2,2,1,2,0,0,0,0,review,pass,
mdl_komatsu_pc78n,komatsu-pc-78n,2,2,1,2,0,0,0,0,review,pass,
mdl_komatsu_pc80mr,komatsu-pc-80mr,2,4,2,8,0,0,0,1,review,pass,
mdl_komatsu_pc88mr,komatsu-pc-88mr,2,1,1,1,0,0,0,0,review,pass,
mdl_komatsu_pc88mr10,komatsu-pc-88mr-10,2,2,1,2,0,0,0,0,review,pass,
mdl_komatsu_pc88mr6,komatsu-pc-88mr-6,2,2,1,2,0,0,0,0,review,pass,
mdl_komatsu_pc88mr8,komatsu-pc-88mr-8,2,2,1,2,0,0,0,0,review,pass,
mdl_kubota_k008,kubota-k-008,1,1,1,2,1,0,0,0,n/a,pass,
mdl_kubota_k008_2,kubota-k-008-2,1,2,2,2,0,0,0,0,n/a,pass,
mdl_kubota_k008_3,kubota-k-008-3,1,1,1,3,2,0,0,0,n/a,pass,
mdl_kubota_k008dh,kubota-k-008dh,1,1,1,1,0,0,0,0,n/a,pass,
mdl_kubota_k028,kubota-k-028,1,6,2,7,0,0,0,0,n/a,pass,
mdl_kubota_k030,kubota-k-030,1,3,1,4,0,0,0,0,n/a,pass,
mdl_kubota_k030_3,kubota-k-030-3,1,7,3,12,0,0,0,2,n/a,pass,
mdl_kubota_k035,kubota-k-035,2,4,2,6,0,0,0,0,review,pass,
mdl_kubota_k035_3,kubota-k-035-3,2,4,3,7,0,0,0,1,review,pass,
mdl_kubota_k038,kubota-k-038,2,2,1,2,0,0,0,0,review,pass,
mdl_kubota_k040,kubota-k-040,3,8,4,12,0,0,0,0,review,pass,
mdl_kubota_k045,kubota-k-045,3,4,2,6,0,0,0,0,review,pass,
mdl_kubota_kh040,kubota-kh040,1,6,3,8,0,0,0,0,n/a,pass,
mdl_kubota_kh055,kubota-kh055,1,2,1,4,0,0,0,0,n/a,pass,
mdl_kubota_kh90,kubota-kh-90,2,2,1,4,0,0,0,0,review,pass,
mdl_kubota_kh91,kubota-kh-91,1,3,1,4,0,0,0,0,n/a,pass,
mdl_kubota_kx_040_5,kubota-kx040-5,1,1,1,1,0,0,0,0,n/a,pass,
mdl_kubota_kx018_4,kubota-kx018-4,1,3,2,7,1,1,0,2,n/a,pass,
mdl_kubota_kx027,kubota-kx-027,2,1,1,2,0,0,0,0,review,pass,
mdl_kubota_kx030_4,kubota-kx030-4,1,2,1,3,0,1,0,0,n/a,pass,
mdl_kubota_kx033_4,kubota-kx033-4,2,3,2,7,1,1,0,2,review,pass,
mdl_kubota_kx035,kubota-kx035,2,2,2,3,0,0,0,0,review,pass,
mdl_kubota_kx040,kubota-kx040,1,4,2,6,0,0,0,0,n/a,pass,
mdl_kubota_kx040_4,kubota-kx040-4,1,5,1,11,1,1,0,2,n/a,pass,
mdl_kubota_kx041,kubota-kx041,2,1,1,1,0,0,0,0,review,pass,
mdl_kubota_kx045,kubota-kx-045,3,4,2,6,0,0,0,0,review,pass,
mdl_kubota_kx057_4,kubota-kx057-4,3,8,2,20,2,2,0,6,review,pass,
mdl_kubota_kx057_5,kubota-kx057-5,3,4,1,8,1,0,0,2,review,pass,
mdl_kubota_kx080,kubota-kx080,2,4,2,11,1,1,0,2,review,pass,
mdl_kubota_kx080_3,kubota-kx080-3,2,4,2,12,1,1,0,3,review,pass,
mdl_kubota_kx080_4,kubota-kx080-4,2,7,3,19,2,2,0,2,review,pass,
mdl_kubota_kx080_4s,kubota-kx080-4s,2,5,1,11,1,1,0,1,review,pass,
mdl_kubota_kx101,kubota-kx-101,2,2,1,6,2,0,0,0,review,pass,
mdl_kubota_kx101_3,kubota-kx-101-3,2,3,2,8,0,1,0,2,review,pass,
mdl_kubota_kx121_2,kubota-kx121-2,1,2,1,5,1,0,0,0,n/a,pass,
mdl_kubota_kx121_2s,kubota-kx-121-2s,1,4,2,8,2,0,0,0,n/a,pass,
mdl_kubota_kx121_3,kubota-kx121-3,1,2,1,8,1,1,0,2,n/a,pass,
mdl_kubota_kx161_2,kubota-kx161-2,3,4,2,8,0,0,0,2,review,pass,
mdl_kubota_kx161_2s,kubota-kx-161-2s,3,4,2,6,0,0,0,0,review,pass,
mdl_kubota_kx161_3,kubota-kx161-3,3,2,1,10,1,1,0,4,review,pass,
mdl_kubota_kx41_3,kubota-kx41-3,1,3,2,5,1,1,0,0,n/a,pass,
mdl_kubota_kx41_3v,kubota-kx41-3v,1,2,1,7,1,2,0,2,n/a,pass,
mdl_kubota_kx61_2,kubota-kx-61-2,2,1,1,3,0,1,0,0,review,pass,
mdl_kubota_kx61_2s,kubota-kx-61-2s,2,1,1,1,0,0,0,0,review,pass,
mdl_kubota_kx61_3,kubota-kx-61-3,2,3,2,8,0,1,0,2,review,pass,
mdl_kubota_kx71,kubota-kx71,1,0,0,1,0,0,0,0,n/a,review,no_v2_track_products
mdl_kubota_kx71_2,kubota-kx-71-2,1,3,1,5,0,1,0,0,n/a,pass,
mdl_kubota_kx71_3,kubota-kx71-3,1,2,1,8,1,1,0,2,n/a,pass,
mdl_kubota_kx71_3s,kubota-kx71-3s,1,3,1,8,1,1,0,2,n/a,pass,
mdl_kubota_kx91,kubota-kx91,1,0,0,0,0,0,0,0,n/a,fail,no_v2_track_products;no_uc_products
mdl_kubota_kx91_2,kubota-kx91-2,1,3,1,6,1,1,0,0,n/a,pass,
mdl_kubota_kx91_2s,kubota-kx-91-2s,1,3,1,4,0,0,0,0,n/a,pass,
mdl_kubota_kx91_3,kubota-kx91-3,1,2,1,8,1,1,0,2,n/a,pass,
mdl_kubota_rx141,kubota-rx141,1,2,1,2,0,0,0,0,n/a,pass,
mdl_kubota_scl1000,kubota-scl1000,0,1,1,1,0,0,0,0,n/a,review,no_track_size_options
mdl_kubota_svl65,kubota-svl65,1,3,3,3,0,0,0,0,n/a,pass,
mdl_kubota_svl65_2,kubota-svl65-2,2,24,18,29,1,3,0,1,pass,pass,
mdl_kubota_svl75,kubota-svl75,1,24,18,28,1,2,0,1,n/a,pass,
mdl_kubota_svl75_2,kubota-svl75-2,2,24,18,31,1,4,0,2,pass,pass,
mdl_kubota_svl75_3,kubota-svl75-3,2,45,33,53,2,4,0,2,pass,pass,
mdl_kubota_svl75c,kubota-svl75c,2,4,4,4,0,0,0,0,pass,pass,
mdl_kubota_svl90_2,kubota-svl90-2,1,26,16,31,2,2,0,1,n/a,pass,
mdl_kubota_svl95_2,kubota-svl95-2,1,13,8,17,1,2,0,1,n/a,pass,
mdl_kubota_svl95_2s,kubota-svl95-2s,1,13,8,17,1,2,0,1,n/a,pass,
mdl_kubota_svl97_2,kubota-svl97-2,1,13,8,17,1,2,0,1,n/a,pass,
mdl_kubota_svl97_3,kubota-svl97-3,1,0,0,0,0,0,0,0,n/a,fail,no_v2_track_products;no_uc_products
mdl_kubota_u_15_3,kubota-u-15-3,1,2,1,2,0,0,0,0,n/a,pass,
mdl_kubota_u15,kubota-u15,1,2,1,4,1,1,0,0,n/a,pass,
mdl_kubota_u17,kubota-u17,1,3,2,6,1,1,0,1,n/a,pass,
mdl_kubota_u17_3,kubota-u-17-3,1,3,2,3,0,0,0,0,n/a,pass,
mdl_kubota_u25,kubota-u25,1,3,1,9,2,1,0,2,n/a,pass,
mdl_kubota_u25_3,kubota-u-25-3,1,5,2,16,4,2,0,3,n/a,pass,
mdl_kubota_u27_4,kubota-u27-4,1,2,1,8,1,1,0,2,n/a,pass,
mdl_kubota_u30,kubota-u-30,2,2,1,4,0,0,0,0,review,pass,
mdl_kubota_u30_1,kubota-u-30-1,2,2,1,4,0,0,0,0,review,pass,
mdl_kubota_u30_2,kubota-u-30-2,2,2,1,4,0,0,0,0,review,pass,
mdl_kubota_u30_3,kubota-u-30-3,2,2,1,9,0,2,0,3,review,pass,
mdl_kubota_u35,kubota-u35,2,2,1,9,3,0,0,2,review,pass,
mdl_kubota_u35_3,kubota-u-35-3,2,3,2,9,0,1,0,3,review,pass,
mdl_kubota_u35_4,kubota-u-35-4,2,3,2,9,1,1,0,2,review,pass,
mdl_kubota_u35s,kubota-u-35s,2,2,1,2,0,0,0,0,review,pass,
mdl_kubota_u45,kubota-u-45,3,4,2,7,0,0,0,1,review,pass,
mdl_kubota_u45_3,kubota-u-45-3,3,5,2,12,1,1,0,3,review,pass,
mdl_kubota_u45s,kubota-u45s,3,2,1,8,1,0,0,3,review,pass,
mdl_kubota_u45st,kubota-u45st,3,0,0,0,0,0,0,0,review,fail,no_v2_track_products;no_uc_products
mdl_kubota_u48_4,kubota-u-48-4,3,5,2,8,0,0,0,1,review,pass,
mdl_kubota_u48_5,kubota-u48-5,3,3,1,8,1,0,0,3,review,pass,
mdl_kubota_u55,kubota-u55,3,4,1,8,1,0,0,2,review,pass,
mdl_kubota_u55_4,kubota-u55-4,3,2,1,8,1,1,0,2,review,pass,
mdl_manitou_3200vt,manitou-3200vt,1,13,8,17,1,2,0,1,n/a,pass,
mdl_manitou_mx65,manitou-mx65,1,0,0,0,0,0,0,0,n/a,fail,no_v2_track_products;no_uc_products
mdl_mustang_1350r,mustang-1350r,1,0,0,39,0,0,0,0,n/a,review,no_v2_track_products
mdl_mustang_1650rt,mustang-1650-rt,2,17,13,20,0,2,0,1,pass,pass,
mdl_mustang_1750_rt,mustang-1750-rt,1,0,0,0,0,0,0,0,n/a,fail,no_v2_track_products;no_uc_products
mdl_mustang_2100rt,mustang-2100rt,1,13,9,18,2,2,0,1,n/a,pass,
mdl_mustang_2150rt,mustang-2150rt,1,13,9,16,1,1,0,1,n/a,pass,
mdl_mustang_2500rt,mustang-2500rt,1,13,8,17,1,2,0,1,n/a,pass,
mdl_mustang_me5002,mustang-me5002,3,3,1,5,0,0,0,0,review,pass,
mdl_mustang_me6002,mustang-me6002,3,3,1,5,0,0,0,0,review,pass,
mdl_mustang_me6003,mustang-me6003,3,3,1,5,0,0,0,0,review,pass,
mdl_mustang_me6502,mustang-me6502,3,3,1,5,0,0,0,0,review,pass,
mdl_mustang_mtl16,mustang-mtl16,2,4,4,8,1,2,0,1,pass,pass,
mdl_mustang_mtl20,mustang-mtl20,1,6,6,11,2,2,0,1,n/a,pass,
mdl_mustang_mtl25,mustang-mtl25,1,6,6,10,1,2,0,1,n/a,pass,
mdl_mustang_mtl316,mustang-mtl316,2,4,4,8,1,2,0,1,pass,pass,
mdl_mustang_mtl320,mustang-mtl320,1,6,6,10,1,2,0,1,n/a,pass,
mdl_mustang_mtl325,mustang-mtl325,1,6,6,10,1,2,0,1,n/a,pass,
mdl_mustang_rt2100,mustang-rt2100,1,0,0,0,0,0,0,0,n/a,fail,no_v2_track_products;no_uc_products
mdl_mustang_rt2500,mustang-rt2500,1,0,0,0,0,0,0,0,n/a,fail,no_v2_track_products;no_uc_products
mdl_new_holland_c175,new-holland-c175,2,38,28,42,1,2,0,1,pass,pass,
mdl_new_holland_c180,new-holland-c180,2,8,8,12,1,2,0,1,pass,pass,
mdl_new_holland_c185,new-holland-c185,1,20,16,28,2,4,0,2,n/a,pass,
mdl_new_holland_c190,new-holland-c190,1,16,12,20,1,2,0,1,n/a,pass,
mdl_new_holland_c227,new-holland-c227,2,19,14,24,1,3,0,1,pass,pass,
mdl_new_holland_c232,new-holland-c232,1,16,12,21,1,3,0,1,n/a,pass,
mdl_new_holland_c234,new-holland-c234,1,12,8,17,1,3,0,1,n/a,pass,
mdl_new_holland_c237,new-holland-c237,1,12,8,17,1,3,0,1,n/a,pass,
mdl_new_holland_c238,new-holland-c238,1,16,12,21,1,3,0,1,n/a,pass,
mdl_new_holland_c245,new-holland-c245,1,12,8,17,1,3,0,1,n/a,pass,
mdl_new_holland_c314,new-holland-c314,1,7,6,7,0,0,0,0,n/a,pass,
mdl_new_holland_c327,new-holland-c327,1,14,11,19,1,3,0,1,n/a,pass,
mdl_new_holland_c330,new-holland-c330,1,0,0,0,0,0,0,0,n/a,fail,no_v2_track_products;no_uc_products
mdl_new_holland_c332,new-holland-c332,1,12,8,17,1,3,0,1,n/a,pass,
mdl_new_holland_c334,new-holland-c334,1,12,8,17,1,3,0,1,n/a,pass,
mdl_new_holland_c337,new-holland-c337,1,12,8,17,1,3,0,1,n/a,pass,
mdl_new_holland_c345,new-holland-c345,1,12,8,17,1,3,0,1,n/a,pass,
mdl_new_holland_c362,new-holland-c362,1,10,10,14,0,2,0,2,n/a,pass,
mdl_new_holland_e_35_2sr,new-holland-e-35-2sr,2,1,1,1,0,0,0,0,review,pass,
mdl_new_holland_e_35sr,new-holland-e35sr,2,1,1,1,0,0,0,0,review,pass,
mdl_new_holland_e_70bsr,new-holland-e-70bsr,1,2,1,2,0,0,0,0,n/a,pass,
mdl_new_holland_e_70sr,new-holland-e-70sr,1,2,1,2,0,0,0,0,n/a,pass,
mdl_new_holland_e_80,new-holland-e-80,3,2,1,2,0,0,0,0,review,pass,
mdl_new_holland_e_80bmsr,new-holland-e-80bmsr,1,2,1,2,0,0,0,0,n/a,pass,
mdl_new_holland_e_80cs,new-holland-e-80cs,1,2,1,2,0,0,0,0,n/a,pass,
mdl_new_holland_e_80msr,new-holland-e-80msr,1,2,1,2,0,0,0,0,n/a,pass,
mdl_new_holland_e16,new-holland-e16,1,4,2,4,0,0,0,0,n/a,pass,
mdl_new_holland_e17,new-holland-e17,1,2,1,2,0,0,0,0,n/a,pass,
mdl_new_holland_e17c,new-holland-e17c,1,2,1,2,0,0,0,0,n/a,pass,
mdl_new_holland_e18,new-holland-e18,1,2,1,2,0,0,0,0,n/a,pass,
mdl_new_holland_e18c,new-holland-e18c,1,2,1,2,0,0,0,0,n/a,pass,
mdl_new_holland_e18sr,new-holland-e18sr,1,2,1,2,0,0,0,0,n/a,pass,
mdl_new_holland_e20_2sr,new-holland-e20-2sr,2,1,1,2,0,0,0,0,review,pass,
mdl_new_holland_e20sr,new-holland-e20sr,2,2,2,3,0,0,0,0,review,pass,
mdl_new_holland_e22_2sr,new-holland-e22-2sr,2,1,1,2,0,0,0,0,review,pass,
mdl_new_holland_e25sr,new-holland-e25sr,2,1,1,4,0,0,0,2,review,pass,
mdl_new_holland_e26bsr,new-holland-e26bsr,2,1,1,1,0,0,0,0,review,pass,
mdl_new_holland_e26c,new-holland-e26c,1,1,1,1,0,0,0,0,n/a,pass,
mdl_new_holland_e27,new-holland-e27,1,0,0,0,0,0,0,0,n/a,fail,no_v2_track_products;no_uc_products
mdl_new_holland_e27_2sr,new-holland-e27-2sr,1,3,1,4,0,0,0,0,n/a,pass,
mdl_new_holland_e29bsr,new-holland-e-29-b-sr,1,0,0,0,0,0,0,0,n/a,fail,no_v2_track_products;no_uc_products
mdl_new_holland_e30c,new-holland-e30c,1,2,1,4,0,0,0,2,n/a,pass,
mdl_new_holland_e33c,new-holland-e33c,1,6,4,8,2,0,0,0,n/a,pass,
mdl_new_holland_e35,new-holland-e35,2,0,0,0,0,0,0,0,review,fail,no_v2_track_products;no_uc_products
mdl_new_holland_e352c,new-holland-e-35-2c,2,0,0,0,0,0,0,0,review,fail,no_v2_track_products;no_uc_products
mdl_new_holland_e37c,new-holland-e37c,1,4,2,5,1,0,0,0,n/a,pass,
mdl_new_holland_e40_2sr,new-holland-e-40-2sr,3,3,2,5,0,0,0,0,review,pass,
mdl_new_holland_e40sr,new-holland-e-40sr,3,5,3,9,0,0,0,1,review,pass,
mdl_new_holland_e45_2sr,new-holland-e-45-2sr,3,3,2,3,0,0,0,0,review,pass,
mdl_new_holland_e455r,new-holland-e455r,3,0,0,0,0,0,0,0,review,fail,no_v2_track_products;no_uc_products
mdl_new_holland_e45sr,new-holland-e-45sr,6,1,1,1,0,0,0,0,review,pass,
mdl_new_holland_e50,new-holland-e50,3,0,0,0,0,0,0,0,review,fail,no_v2_track_products;no_uc_products
mdl_new_holland_e50_2sr,new-holland-e-50-2sr,3,3,2,3,0,0,0,0,review,pass,
mdl_new_holland_e50b,new-holland-e-50b,3,3,2,6,0,0,0,3,review,pass,
mdl_new_holland_e50sr,new-holland-e50sr,3,1,1,2,0,0,0,1,review,pass,
mdl_new_holland_e55bx,new-holland-e55bx,3,1,1,3,0,0,0,2,review,pass,
mdl_new_holland_e57c,new-holland-e57c,3,1,1,3,0,0,0,0,review,pass,
mdl_new_holland_ec25,new-holland-ec25,1,1,1,1,0,0,0,0,n/a,pass,
mdl_new_holland_ec25sr,new-holland-ec-25sr,1,2,2,3,0,0,0,0,n/a,pass,
mdl_new_holland_ec35,new-holland-ec35,1,3,1,3,0,0,0,0,n/a,pass,
mdl_new_holland_ec35sr,new-holland-ec-35sr,1,3,1,4,0,0,0,0,n/a,pass,
mdl_new_holland_ec45,new-holland-ec45,3,4,2,8,0,0,0,2,review,pass,
mdl_new_holland_ec45sr,new-holland-ec-45sr,3,8,4,10,0,0,0,0,review,pass,
mdl_new_holland_ec60,new-holland-ec60,1,4,2,8,0,0,0,0,n/a,pass,
mdl_new_holland_eh_35b,new-holland-eh-35b,2,1,1,1,0,0,0,0,review,pass,
mdl_new_holland_eh15b,new-holland-eh-15b,1,2,1,2,0,0,0,0,n/a,pass,
mdl_new_holland_eh16,new-holland-eh16,1,2,1,2,0,0,0,0,n/a,pass,
mdl_new_holland_eh18,new-holland-eh18,1,2,1,2,0,0,0,0,n/a,pass,
mdl_new_holland_eh25,new-holland-eh25,1,2,2,4,0,0,0,0,n/a,pass,
mdl_new_holland_eh27b,new-holland-eh-27b,1,6,2,8,0,0,0,1,n/a,pass,
mdl_new_holland_eh30_b,new-holland-eh-30b,1,0,0,2,1,0,0,0,n/a,review,no_v2_track_products
mdl_new_holland_eh35,new-holland-eh35,2,7,4,9,2,0,0,0,review,pass,
mdl_new_holland_eh45,new-holland-eh45,3,8,4,10,0,0,0,2,review,pass,
mdl_new_holland_eh50b,new-holland-eh-50b,3,3,2,4,0,0,0,1,review,pass,
mdl_new_holland_lt175b,new-holland-lt175b,1,19,14,23,1,2,0,1,n/a,pass,
mdl_new_holland_lt185,new-holland-lt185,1,0,0,0,0,0,0,0,n/a,fail,no_v2_track_products;no_uc_products
mdl_new_holland_lt185b,new-holland-lt185b,1,16,12,20,1,2,0,1,n/a,pass,
mdl_new_holland_lt190,new-holland-lt190,1,0,0,0,0,0,0,0,n/a,fail,no_v2_track_products;no_uc_products
mdl_new_holland_lt190b,new-holland-lt190b,1,16,12,20,1,2,0,1,n/a,pass,
mdl_sany_sy18c,sany-sy18c,1,2,1,2,0,0,0,0,n/a,pass,
mdl_sany_sy26c,sany-sy26c,1,0,0,0,0,0,0,0,n/a,fail,no_v2_track_products;no_uc_products
mdl_sany_sy26u,sany-sy26u,1,2,1,2,0,0,0,0,n/a,pass,
mdl_sany_sy35c,sany-sy35c,2,0,0,0,0,0,0,0,review,fail,no_v2_track_products;no_uc_products
mdl_sany_sy35u,sany-sy35u,2,2,1,4,0,0,0,0,review,pass,
mdl_sany_sy50u,sany-sy50u,3,4,1,5,0,0,0,0,review,pass,
mdl_sany_sy60c,sany-sy60c,1,2,1,3,0,0,0,0,n/a,pass,
mdl_sany_sy75c,sany-sy75c,1,4,2,7,0,0,0,0,n/a,pass,
mdl_sany_sy80u,sany-sy80u,2,3,1,7,0,0,0,1,review,pass,
mdl_takeuchi_tb020,takeuchi-tb020,2,0,0,0,0,0,0,0,review,fail,no_v2_track_products;no_uc_products
mdl_takeuchi_tb025,takeuchi-tb025,2,2,1,8,0,1,0,3,review,pass,
mdl_takeuchi_tb035,takeuchi-tb035,1,6,2,13,2,1,0,2,n/a,pass,
mdl_takeuchi_tb045,takeuchi-tb045,3,8,2,19,2,2,0,4,review,pass,
mdl_takeuchi_tb053fr,takeuchi-tb053fr,3,0,0,0,0,0,0,0,review,fail,no_v2_track_products;no_uc_products
mdl_takeuchi_tb07,takeuchi-tb07,1,2,2,2,0,0,0,0,n/a,pass,
mdl_takeuchi_tb070,takeuchi-tb-070,2,6,2,12,0,1,0,1,review,pass,
mdl_takeuchi_tb108,takeuchi-tb-108,1,1,1,1,0,0,0,0,n/a,pass,
mdl_takeuchi_tb125,takeuchi-tb125,2,2,1,8,1,1,0,2,review,pass,
mdl_takeuchi_tb135,takeuchi-tb135,1,6,2,13,1,1,0,3,n/a,pass,
mdl_takeuchi_tb138,takeuchi-tb138,1,3,1,3,0,0,0,0,n/a,pass,
mdl_takeuchi_tb138fr,takeuchi-tb138fr,1,6,2,12,1,1,0,2,n/a,pass,
mdl_takeuchi_tb145,takeuchi-tb145,3,4,1,11,1,1,0,3,review,pass,
mdl_takeuchi_tb153fr,takeuchi-tb153fr,3,4,1,10,1,1,0,2,review,pass,
mdl_takeuchi_tb15f,takeuchi-tb-15f,1,4,2,4,0,0,0,0,n/a,pass,
mdl_takeuchi_tb15fr,takeuchi-tb15fr,1,2,1,2,0,0,0,0,n/a,pass,
mdl_takeuchi_tb175,takeuchi-tb175,2,4,1,14,2,1,0,3,review,pass,
mdl_takeuchi_tb180fr,takeuchi-tb180fr,2,4,2,12,1,1,0,2,review,pass,
mdl_takeuchi_tb225,takeuchi-tb225,2,2,1,4,0,0,0,2,review,pass,
mdl_takeuchi_tb228,takeuchi-tb228,2,2,1,10,2,1,0,3,review,pass,
mdl_takeuchi_tb230,takeuchi-tb230,2,2,1,9,2,1,0,2,review,pass,
mdl_takeuchi_tb235,takeuchi-tb235,1,6,2,12,1,1,0,2,n/a,pass,
mdl_takeuchi_tb235_2,takeuchi-tb235-2,1,2,1,7,2,1,0,2,n/a,pass,
mdl_takeuchi_tb240,takeuchi-tb240,1,5,2,11,1,1,0,2,n/a,pass,
mdl_takeuchi_tb245,takeuchi-tb245,3,0,0,0,0,0,0,0,review,fail,no_v2_track_products;no_uc_products
mdl_takeuchi_tb249,takeuchi-tb-249,3,4,1,4,0,0,0,0,review,pass,
mdl_takeuchi_tb250,takeuchi-tb250,3,4,1,10,1,1,0,2,review,pass,
mdl_takeuchi_tb250_2,takeuchi-tb250-2,3,2,1,4,0,0,0,0,review,pass,
mdl_takeuchi_tb257fr,takeuchi-tb257fr,3,8,2,8,0,0,0,0,review,pass,
mdl_takeuchi_tb260,takeuchi-tb260,1,3,1,5,0,0,0,0,n/a,pass,
mdl_takeuchi_tb260r,takeuchi-tb260r,3,0,0,0,0,0,0,0,review,fail,no_v2_track_products;no_uc_products
mdl_takeuchi_tb280fr,takeuchi-tb280fr,2,4,1,7,0,1,0,0,review,pass,
mdl_takeuchi_tb285,takeuchi-tb285,2,4,2,9,0,1,0,1,review,pass,
mdl_takeuchi_tb290,takeuchi-tb290,2,4,2,11,0,3,0,1,review,pass,
mdl_takeuchi_tb370,takeuchi-tb370,3,2,2,3,0,0,0,0,review,pass,
mdl_takeuchi_tb38fr,takeuchi-tb38fr,1,12,4,15,0,0,0,0,n/a,pass,
mdl_takeuchi_tb53fr,takeuchi-tb-53fr,3,4,1,10,1,1,0,2,review,pass,
mdl_takeuchi_tb80fr,takeuchi-tb80fr,2,7,1,11,0,1,0,1,review,pass,
mdl_takeuchi_tl10,takeuchi-tl10,1,12,12,20,2,4,0,2,n/a,pass,
mdl_takeuchi_tl10v2,takeuchi-tl10v2,2,25,21,33,2,4,0,2,pass,pass,
mdl_takeuchi_tl12,takeuchi-tl12,1,6,6,10,1,2,0,1,n/a,pass,
mdl_takeuchi_tl12r2,takeuchi-tl12r2,1,14,8,20,1,3,0,2,n/a,pass,
mdl_takeuchi_tl12v2,takeuchi-tl12v2,2,34,22,42,3,2,0,3,review,pass,
mdl_takeuchi_tl130,takeuchi-tl130,2,12,12,18,2,3,0,1,pass,pass,
mdl_takeuchi_tl140,takeuchi-tl140,1,6,6,12,3,2,0,1,n/a,pass,
mdl_takeuchi_tl150,takeuchi-tl150,1,12,12,16,1,2,0,1,n/a,pass,
mdl_takeuchi_tl230,takeuchi-tl230,2,5,5,9,1,2,0,1,pass,pass,
mdl_takeuchi_tl230_2,takeuchi-tl230-2,1,4,4,8,1,2,0,1,n/a,pass,
mdl_takeuchi_tl240,takeuchi-tl240,1,6,6,10,1,2,0,1,n/a,pass,
mdl_takeuchi_tl250,takeuchi-tl250,1,6,6,10,1,2,0,1,n/a,pass,
mdl_takeuchi_tl26,takeuchi-tl26,1,2,1,2,0,0,0,0,n/a,pass,
mdl_takeuchi_tl6r,takeuchi-tl6r,1,22,16,25,1,1,0,1,n/a,pass,
mdl_takeuchi_tl8,takeuchi-tl8,2,8,8,12,1,2,0,1,pass,pass,
mdl_takeuchi_tl8r2,takeuchi-tl8r2,2,32,22,36,1,2,0,1,pass,pass,
mdl_terex_am37r,terex-am37r,1,3,2,4,0,0,0,0,n/a,pass,
mdl_terex_hr18,terex-hr18,3,0,0,0,0,0,0,0,review,fail,no_v2_track_products;no_uc_products
mdl_terex_pt_100,terex-pt-100,0,2,1,3,1,0,0,0,n/a,review,no_track_size_options
mdl_terex_pt_110f,terex-pt-110f,0,2,1,2,0,0,0,0,n/a,review,no_track_size_options
mdl_terex_pt_30,terex-pt30,0,0,0,0,0,0,0,0,n/a,fail,no_track_size_options;no_v2_track_products;no_uc_products
mdl_terex_pt_50,terex-pt-50,0,1,1,3,1,0,0,0,n/a,review,no_track_size_options
mdl_terex_pt_60,terex-pt-60,0,1,1,3,1,0,0,0,n/a,review,no_track_size_options
mdl_terex_pt100f,terex-pt100f,0,0,0,0,0,0,0,0,n/a,fail,no_track_size_options;no_v2_track_products;no_uc_products
mdl_terex_pt100g,terex-pt100g,0,0,0,0,0,0,0,0,n/a,fail,no_track_size_options;no_v2_track_products;no_uc_products
mdl_terex_pt110,terex-pt110,1,2,1,2,0,0,0,0,n/a,pass,
mdl_terex_pt110forestry,terex-pt-110-forestry,0,0,0,0,0,0,0,0,n/a,fail,no_track_size_options;no_v2_track_products;no_uc_products
mdl_terex_pt75,terex-pt-75,0,0,0,0,0,0,0,0,n/a,fail,no_track_size_options;no_v2_track_products;no_uc_products
mdl_terex_r190t,terex-r190t,0,1,1,1,0,0,0,0,n/a,review,no_track_size_options
mdl_terex_r265t,terex-r265t,1,2,1,2,0,0,0,0,n/a,pass,
mdl_terex_r350t,terex-r350t,0,2,1,2,0,0,0,0,n/a,review,no_track_size_options
mdl_terex_sr_80,terex-sr-80,0,2,1,5,1,0,0,0,n/a,review,no_track_size_options
mdl_terex_st50,terex-st50,1,0,0,0,0,0,0,0,n/a,fail,no_v2_track_products;no_uc_products
mdl_terex_tc_37,terex-tc37,1,1,0,1,0,0,0,0,n/a,review,no_tnt_tracks
mdl_terex_tc20,terex-tc20,2,0,0,0,0,0,0,0,review,fail,no_v2_track_products;no_uc_products
mdl_terex_tc35_2,terex-tc35-2,1,2,1,2,0,0,0,0,n/a,pass,
mdl_terex_tc60,terex-tc60,1,2,1,4,0,0,0,0,n/a,pass,
mdl_vermeer_20x22,vermeer-20x22,1,1,1,1,0,0,0,0,n/a,pass,
mdl_vermeer_ctx100,vermeer-ctx100,1,3,2,3,0,0,0,0,n/a,pass,
mdl_vermeer_ctx160,vermeer-ctx160,1,3,2,3,0,0,0,0,n/a,pass,
mdl_vermeer_d20x22,vermeer-d20x22,2,0,0,0,0,0,0,0,review,fail,no_v2_track_products;no_uc_products
mdl_vermeer_rtx450,vermeer-rtx450,0,1,1,1,0,0,0,0,n/a,review,no_track_size_options
mdl_vermeer_s400tx,vermeer-s400tx,1,4,3,4,0,0,0,0,n/a,pass,
mdl_vermeer_s600tx,vermeer-s600tx,1,4,3,4,0,0,0,0,n/a,pass,
mdl_vermeer_s725tx,vermeer-s725tx,1,3,2,3,0,0,0,0,n/a,pass,
mdl_vermeer_s800tx,vermeer-s800tx,1,3,2,3,0,0,0,0,n/a,pass,
mdl_vermeer_s925tx,vermeer-s925tx,1,3,2,3,0,0,0,0,n/a,pass,
mdl_volvo_ec_20b_xtv,volvo-ec-20b-xtv,1,1,1,1,0,0,0,0,n/a,pass,
mdl_volvo_ec_20c,volvo-ec-20c,1,1,1,1,0,0,0,0,n/a,pass,
mdl_volvo_ec15,volvo-ec15,0,0,0,0,0,0,0,0,n/a,fail,no_track_size_options;no_v2_track_products;no_uc_products
mdl_volvo_ec15b,volvo-ec15b,0,0,0,0,0,0,0,0,n/a,fail,no_track_size_options;no_v2_track_products;no_uc_products
mdl_volvo_ec15xr,volvo-ec15xr,0,0,0,0,0,0,0,0,n/a,fail,no_track_size_options;no_v2_track_products;no_uc_products
mdl_volvo_ec20,volvo-ec20,1,1,1,1,0,0,0,0,n/a,pass,
mdl_volvo_ec20b,volvo-ec20b,2,1,1,1,0,0,0,0,review,pass,
mdl_volvo_ec20d,volvo-ec-20d,1,0,0,0,0,0,0,0,n/a,fail,no_v2_track_products;no_uc_products
mdl_volvo_ec20e,volvo-ec20e,2,0,0,0,0,0,0,0,review,fail,no_v2_track_products;no_uc_products
mdl_volvo_ec20t,volvo-ec-20t,1,1,1,1,0,0,0,0,n/a,pass,
mdl_volvo_ec20tb,volvo-ec-20tb,1,1,1,1,0,0,0,0,n/a,pass,
mdl_volvo_ec20v,volvo-ec-20v,1,1,1,1,0,0,0,0,n/a,pass,
mdl_volvo_ec20vb,volvo-ec-20vb,1,1,1,1,0,0,0,0,n/a,pass,
mdl_volvo_ec20xt,volvo-ec-20xt,1,1,1,1,0,0,0,0,n/a,pass,
mdl_volvo_ec20xtv,volvo-ec-20xtv,1,1,1,1,0,0,0,0,n/a,pass,
mdl_volvo_ec25,volvo-ec25,2,2,1,6,0,0,0,2,review,pass,
mdl_volvo_ec25x,volvo-ec-25x,2,2,1,4,0,0,0,0,review,pass,
mdl_volvo_ec25xt,volvo-ec-25xt,2,2,1,4,0,0,0,0,review,pass,
mdl_volvo_ec27c,volvo-ec27c,2,2,1,6,0,0,0,2,review,pass,
mdl_volvo_ec27d,volvo-ec27d,2,2,1,5,0,0,0,1,review,pass,
mdl_volvo_ec30,volvo-ec30,2,2,1,6,0,0,0,2,review,pass,
mdl_volvo_ec30b,volvo-ec-30b,2,2,1,4,0,0,0,0,review,pass,
mdl_volvo_ec30x,volvo-ec-30x,2,2,1,4,0,0,0,0,review,pass,
mdl_volvo_ec35,volvo-ec-35,2,2,1,6,0,0,0,2,review,pass,
mdl_volvo_ec35c,volvo-ec35c,2,2,1,5,0,0,0,1,review,pass,
mdl_volvo_ec35d,volvo-ec35d,2,2,1,5,0,0,0,1,review,pass,
mdl_volvo_ec55,volvo-ec55,3,4,1,5,0,0,0,1,review,pass,
mdl_volvo_ec55b,volvo-ec55b,3,3,1,6,0,0,0,1,review,pass,
mdl_volvo_ec55c,volvo-ec55c,3,4,1,4,0,0,0,0,review,pass,
mdl_volvo_ec55d,volvo-ec55d,3,0,0,0,0,0,0,0,review,fail,no_v2_track_products;no_uc_products
mdl_volvo_ecr25d,volvo-ecr25d,2,0,0,0,0,0,0,0,review,fail,no_v2_track_products;no_uc_products
mdl_volvo_ecr28,volvo-ecr28,2,2,1,5,0,0,0,1,review,pass,
mdl_volvo_ecr38,volvo-ecr38,2,2,1,4,0,0,0,1,review,pass,
mdl_volvo_ecr40,volvo-ecr40,2,0,0,0,0,0,0,0,review,fail,no_v2_track_products;no_uc_products
mdl_volvo_ecr48,volvo-ecr48,3,0,0,0,0,0,0,0,review,fail,no_v2_track_products;no_uc_products
mdl_volvo_ecr48c,volvo-ecr48c,3,4,2,4,0,0,0,0,review,pass,
mdl_volvo_ecr50,volvo-ecr50,3,0,0,0,0,0,0,0,review,fail,no_v2_track_products;no_uc_products
mdl_volvo_ecr50d,volvo-ecr-50d,3,4,1,4,0,0,0,0,review,pass,
mdl_volvo_ecr55d,volvo-ecr55d,1,2,1,2,0,0,0,0,n/a,pass,
mdl_volvo_ecr58,volvo-ecr58,3,3,1,6,0,0,0,1,review,pass,
mdl_volvo_ecr58d,volvo-ecr58d,3,4,1,5,0,0,0,0,review,pass,
mdl_volvo_ecr88,volvo-ecr88,2,4,1,7,0,0,0,0,review,pass,
mdl_volvo_ecr88d,volvo-ecr88d,2,1,1,1,0,0,0,0,review,pass,
mdl_volvo_mct110c,volvo-mct110c,1,15,10,17,0,1,0,1,n/a,pass,
mdl_volvo_mct125c,volvo-mct125c,1,13,9,15,0,1,0,1,n/a,pass,
mdl_volvo_mct135c,volvo-mct135c,1,13,9,15,0,1,0,1,n/a,pass,
mdl_volvo_mct145,volvo-mct145,1,0,0,0,0,0,0,0,n/a,fail,no_v2_track_products;no_uc_products
mdl_volvo_mct145c,volvo-mct145c,1,13,9,15,0,1,0,1,n/a,pass,
mdl_volvo_mct85c,volvo-mct85c,2,11,8,13,0,1,0,1,pass,pass,
mdl_wacker_neuson_1101cp,wacker-neuson-1101cp,1,0,0,0,0,0,0,0,n/a,fail,no_v2_track_products;no_uc_products
mdl_wacker_neuson_3503,wacker-neuson-3503,2,2,1,3,0,0,0,0,review,pass,
mdl_wacker_neuson_5002,wacker-neuson-5002,3,3,1,5,0,0,0,0,review,pass,
mdl_wacker_neuson_50z3,wacker-neuson-50z-3,3,2,1,4,0,0,0,0,review,pass,
mdl_wacker_neuson_6003,wacker-neuson-6003,3,3,1,5,0,0,0,0,review,pass,
mdl_wacker_neuson_ez17,wacker-neuson-ez17,1,2,2,2,0,0,0,0,n/a,pass,
mdl_wacker_neuson_ez38,wacker-neuson-ez38,2,2,1,2,0,0,0,0,review,pass,
mdl_wacker_neuson_ez50,wacker-neuson-ez50,3,4,1,4,0,0,0,0,review,pass,
mdl_wacker_neuson_ez53,wacker-neuson-ez53,3,4,1,4,0,0,0,0,review,pass,
mdl_wacker_neuson_st28,wacker-neuson-st28,2,23,17,24,0,1,0,0,pass,pass,
mdl_wacker_neuson_st31,wacker-neuson-st31,2,23,17,24,0,1,0,0,pass,pass,
mdl_wacker_neuson_st35,wacker-neuson-st35,1,13,9,15,0,2,0,0,n/a,pass,
mdl_wacker_neuson_st40,wacker-neuson-st40,1,0,0,0,0,0,0,0,n/a,fail,no_v2_track_products;no_uc_products
mdl_wacker_neuson_st45,wacker-neuson-st45,2,13,9,15,0,2,0,0,review,pass,
mdl_wacker_neuson_st50,wacker-neuson-st50,1,13,8,15,0,2,0,0,n/a,pass,
mdl_yanmar_b3u,yanmar-b3-u,2,0,0,0,0,0,0,0,review,fail,no_v2_track_products;no_uc_products
mdl_yanmar_t_210,yanmar-t210,1,0,0,0,0,0,0,0,n/a,fail,no_v2_track_products;no_uc_products
mdl_yanmar_t175,yanmar-t175,1,2,2,5,1,2,0,0,n/a,pass,
mdl_yanmar_vio_30_1,yanmar-vio-30-1-offset-type,1,0,0,0,0,0,0,0,n/a,fail,no_v2_track_products;no_uc_products
mdl_yanmar_vio_30_2,yanmar-vio-30-2-offset-type,1,0,0,0,0,0,0,0,n/a,fail,no_v2_track_products;no_uc_products
mdl_yanmar_vio_30_3s,yanmar-vio-30-3s-offset-type,1,0,0,0,0,0,0,0,n/a,fail,no_v2_track_products;no_uc_products
mdl_yanmar_vio_30v,yanmar-vio-30v-offset-type,1,0,0,0,0,0,0,0,n/a,fail,no_v2_track_products;no_uc_products
mdl_yanmar_vio_33,yanmar-vio-33-offset-type,1,0,0,0,0,0,0,0,n/a,fail,no_v2_track_products;no_uc_products
mdl_yanmar_vio_35,yanmar-vio-35-offset-type,1,0,0,0,0,0,0,0,n/a,fail,no_v2_track_products;no_uc_products
mdl_yanmar_vio_35_1,yanmar-vio-35-1-offset-type,1,0,0,0,0,0,0,0,n/a,fail,no_v2_track_products;no_uc_products
mdl_yanmar_vio_35_2,yanmar-vio-35-2-offset-type,1,0,0,0,0,0,0,0,n/a,fail,no_v2_track_products;no_uc_products
mdl_yanmar_vio_35_3,yanmar-vio-35-3-offset-type,1,0,0,0,0,0,0,0,n/a,fail,no_v2_track_products;no_uc_products
mdl_yanmar_vio_35_5,yanmar-vio-35-5-offset-type,1,0,0,0,0,0,0,0,n/a,fail,no_v2_track_products;no_uc_products
mdl_yanmar_vio_35cr,yanmar-vio-35cr-offset-type,1,0,0,0,0,0,0,0,n/a,fail,no_v2_track_products;no_uc_products
mdl_yanmar_vio_38,yanmar-vio-38-offset-type,1,0,0,0,0,0,0,0,n/a,fail,no_v2_track_products;no_uc_products
mdl_yanmar_vio_40,yanmar-vio-40-offset-type,1,0,0,0,0,0,0,0,n/a,fail,no_v2_track_products;no_uc_products
mdl_yanmar_vio_50_3,yanmar-vio-50-3-offset-type,1,1,1,1,0,0,0,0,n/a,pass,
mdl_yanmar_vio_55_cr,yanmar-vio-55-cr-offset-type,1,1,1,1,0,0,0,0,n/a,pass,
mdl_yanmar_vio_57u,yanmar-vio-57u-offset-type,1,0,0,0,0,0,0,0,n/a,fail,no_v2_track_products;no_uc_products
mdl_yanmar_vio_45_v,yanmar-vio-45v-offset-type,1,1,1,1,0,0,0,0,n/a,pass,
mdl_yanmar_vio_50_v,yanmar-vio-50v-offset-type,1,1,1,1,0,0,0,0,n/a,pass,
mdl_yanmar_vio27_2,yanmar-vio-27-2-offset-type,0,0,0,2,0,0,0,1,n/a,review,no_track_size_options;no_v2_track_products
mdl_yanmar_vio27_3,yanmar-vio-27-3-offset-type,0,0,0,2,0,0,0,1,n/a,review,no_track_size_options;no_v2_track_products
mdl_yanmar_vio27_5,yanmar-vio-27-5-offset-type,0,0,0,1,0,0,0,0,n/a,review,no_track_size_options;no_v2_track_products
mdl_yanmar_vio35_6a,yanmar-vio-35-6a,0,2,1,4,0,0,0,1,n/a,review,no_track_size_options
mdl_yanmar_vio40_1,yanmar-vio-40-1-offset-type,1,1,1,1,0,0,0,0,n/a,pass,
mdl_yanmar_vio40_2,yanmar-vio-40-2-offset-type,1,1,1,1,0,0,0,0,n/a,pass,
mdl_yanmar_vio40v,yanmar-vio-40v-offset-type,1,1,1,1,0,0,0,0,n/a,pass,
mdl_yanmar_vio45,yanmar-vio-45-offset-type,1,2,2,2,0,0,0,0,n/a,pass,
mdl_yanmar_vio45_5,yanmar-vio-45-5-offset-type,1,2,2,2,0,0,0,0,n/a,pass,
mdl_yanmar_vio456a,yanmar-vio45-6a,1,2,1,2,0,0,0,0,n/a,pass,
mdl_yanmar_vio45cr,yanmar-vio-45-cr-offset-type,1,2,2,2,0,0,0,0,n/a,pass,
mdl_yanmar_vio50_1,yanmar-vio-50-1-offset-type,1,2,2,4,0,0,0,0,n/a,pass,
mdl_yanmar_vio50_2,yanmar-vio-50-2-offset-type,1,2,2,4,0,0,0,0,n/a,pass,
mdl_yanmar_vio55,yanmar-vio-55-offset-type,1,1,1,3,0,0,0,0,n/a,pass,
mdl_yanmar_vio55_5,yanmar-vio-55-5-offset-type,1,1,1,3,0,0,0,0,n/a,pass,
mdl_yanmar_vio55_6a,yanmar-vio-55-6a,1,0,0,0,0,0,0,0,n/a,fail,no_v2_track_products;no_uc_products
