handle,sku,title,price,has_image,type,track_size,tread,part_type,status,issues
150x48x67-v-pattern,TNT1504867HDV,"6"" Heavy Duty V Pattern Rubber Track (150x48Bx67)",395.00,no,Rubber Tracks,150x48Bx67,V Pattern,,review,missing_image
160x87-63x28-multi-bar,TNT160876328XD,"6"" Extreme Duty Multi-Bar Pattern Rubber Track (160x87.63x28)",237.00,yes,Rubber Tracks,160x87.63x28,Multi-Bar,,pass,
160x87-63x37-multi-bar,TNT160876337XD,"6"" Extreme Duty Multi-Bar Pattern Rubber Track (160x87.63x37)",321.00,no,Rubber Tracks,160x87.63x37,Multi-Bar,,review,missing_image
180x72kx44-mx,TNT18072K44HD,"7"" Heavy Duty MX Pattern Rubber Track (180X72KX44)",235.00,yes,Rubber Tracks,180X72KX44,MX,,pass,
180x72kx45-mx,TNT18072K45HD,"6"" Heavy Duty MX Pattern Rubber Track (180X72KX45)",237.00,yes,Rubber Tracks,180X72KX45,MX,,pass,
180x72x33-directional,TNT1807233HD,"7"" Heavy Duty DR Pattern Rubber Track (180x72x33)",161.00,yes,Rubber Tracks,180x72x33,Directional,,pass,
180x72x36-directional,TNT1807236HD,"7"" Heavy Duty DR Pattern Rubber Track (180x72x36)",171.00,yes,Rubber Tracks,180x72x36,Directional,,pass,
180x72x37-c,TNT1807237HDC,"7"" Heavy Duty C Pattern Rubber Track (180x72x37)",171.00,yes,Rubber Tracks,180x72x37,C-Block,,pass,
180x72x39-nd,TNT1806039HD,"7"" Heavy Duty ND Pattern Rubber Track (180x60x39)",156.00,yes,Rubber Tracks,180x60x39,ND,,pass,
180x72x40-wave,TNT1807240HD,"7"" Heavy Duty Wave Rubber Track (180x72x40)",186.00,yes,Rubber Tracks,180x72x40,Wave,,pass,
180x72x41-directional,TNT1807241HD,"7"" Heavy Duty DR Pattern Rubber Track (180x72x41)",205.00,yes,Rubber Tracks,180x72x41,Directional,,pass,
180x72x42-c,TNT1807242HDC,"7"" Heavy Duty C Pattern Rubber Track (180x72x42)",191.00,yes,Rubber Tracks,180x72x42,C-Block,,pass,
230x48nx72-directional,TNT2304872HD,"9"" Heavy Duty DR Pattern Rubber Track (230x48x72)",415.00,yes,Rubber Tracks,230x48x72,Directional,,pass,
230x48x60-directional,TNT2304860HD,"9"" Heavy Duty DR Pattern Rubber Track (230x48x60)",365.00,yes,Rubber Tracks,230x48x60,Directional,,pass,
230x48x62-mx,TNT2304862HD,"9"" Heavy Duty MX Pattern Rubber Track (230x48x62)",377.00,yes,Rubber Tracks,230x48x62,MX,,pass,
230x48x64-mx,TNT2304864HD,"9"" Heavy Duty MX Pattern Rubber Track (230x48x64)",380.00,yes,Rubber Tracks,230x48x64,MX,,pass,
230x48x68-mx,TNT2304868HD,"9"" Heavy Duty MX Pattern Rubber Track (230x48x68)",400.00,yes,Rubber Tracks,230x48x68,MX,,pass,
230x48x70-mx,TNT2304870HD,"9"" Heavy Duty MX Pattern Rubber Track (230x48x70)",410.00,yes,Rubber Tracks,230x48x70,MX,,pass,
230x72kx44-mx,TNT23072K44HD,"9"" Heavy Duty MX Pattern Rubber Track (230X72KX44)",365.00,no,Rubber Tracks,230X72KX44,MX,,review,missing_image
230x72kx45-mx,TNT23072K45HD,"9"" Heavy Duty MX Pattern Rubber Track (230X72KX45)",390.00,no,Rubber Tracks,230X72KX45,MX,,review,missing_image
230x72x39-c,TNT2307239HDC,"9"" Heavy Duty C Pattern Rubber Track (230x72x39)",302.00,yes,Rubber Tracks,230x72x39,C-Block,,pass,
230x72x42-mx,TNT2307242HD,"9"" Heavy Duty MX Pattern Rubber Track (230x72x42)",312.00,yes,Rubber Tracks,230x72x42,MX,,pass,
230x72x43-directional,TNT2307243HD,"9"" Heavy Duty DR Pattern Rubber Track (230x72x43)",345.00,yes,Rubber Tracks,230x72x43,Directional,,pass,
240x87-63x28-multi-bar,TNT240876328XD,"9.5"" Extreme Duty Multi-Bar Pattern Rubber Track (240x87.63x28)",341.00,yes,Rubber Tracks,240x87.63x28,Multi-Bar,,pass,
240x87-63x28-mx,TNT240876328XDNM,"9.5"" Extreme Duty MX Pattern Non-Marking Rubber Track (240x87.63x28)",376.00,yes,Rubber Tracks,240x87.63x28,MX,,pass,
240x87-63x37-multi-bar,TNT240876337XDNM,"9.5"" Extreme Duty MX Pattern Non-Marking Rubber Track (240x87.63x37)",555.00,yes,Rubber Tracks,240x87.63x37,Multi-Bar,,pass,
250x48bx67-directional,TNT2504867HD,"10"" Heavy Duty DR Pattern Rubber Track (250x48Bx67)",450.00,no,Rubber Tracks,250x48Bx67,Directional,,review,missing_image
250x72x39-directional,TNT2507239HD,"10"" Heavy Duty DR Pattern Rubber Track (250x72x39)",340.00,no,Rubber Tracks,250x72x39,Directional,,review,missing_image
250x72x52-c,TNT2507252HDC,"10"" Heavy Duty C Pattern Rubber Track (250x72x52)",445.00,no,Rubber Tracks,250x72x52,C-Block,,review,missing_image
250x72x52-directional,TNT2507252HD,"10"" Heavy Duty DR Pattern Rubber Track (250x72x52)",425.00,no,Rubber Tracks,250x72x52,Directional,,review,missing_image
300x52-5kx86-mx,TNT300525K86HD,"12"" Heavy Duty MX Pattern Rubber Track (300x52.5Kx86)",865.00,yes,Rubber Tracks,300x52.5Kx86,MX,,pass,
300x52-5kx88-directional,TNT300525K88HD,"12"" Heavy Duty DR Pattern Rubber Track (300x52.5Kx88)",885.00,yes,Rubber Tracks,300x52.5Kx88,Directional,,pass,
300x52-5nx74-mx,TNT300525N74HD,"12"" Heavy Duty MX Pattern Rubber Track (300x52.5Nx74)",680.00,yes,Rubber Tracks,300x52.5Nx74,MX,,pass,
300x52-5nx76-mx,TNT300525N76HD,"12"" Heavy Duty MX Pattern Rubber Track (300x52.5Nx76)",695.00,yes,Rubber Tracks,300x52.5Nx76,MX,,pass,
300x52-5nx80-directional,TNT300525N80HD,"12"" Heavy Duty DR Pattern Rubber Track (300x52.5Nx80)",725.00,yes,Rubber Tracks,300x52.5Nx80,Directional,,pass,
300x52-5nx84-mx,TNT300525N84HD,"12"" Heavy Duty MX Pattern Rubber Track (300x52.5Nx84)",755.00,yes,Rubber Tracks,300x52.5Nx84,MX,,pass,
300x52-5nx92-directional,TNT300525N92HD,"12"" Heavy Duty DR Pattern Rubber Track (300x52.5Nx92)",810.00,yes,Rubber Tracks,300x52.5Nx92,Directional,,pass,
300x52-5wx78-mx,TNT300525N78HD,"12"" Heavy Duty MX Pattern Rubber Track (300x52.5Nx78)",710.00,yes,Rubber Tracks,300x52.5Nx78,MX,,pass,
300x52-5wx82-nd,TNT300525W82HD,"12"" Heavy Duty ND Pattern Rubber Track (300x52.5Wx82)",745.00,yes,Rubber Tracks,300x52.5Wx82,ND,,pass,
300x52-5wx86-mx,TNT300525N86HD,"12"" Heavy Duty MX Pattern Rubber Track (300x52.5Nx86)",770.00,yes,Rubber Tracks,300x52.5Nx86,MX,,pass,
300x52-5wx90-nd,TNT300525W90HD,"12"" Heavy Duty ND Pattern Rubber Track (300x52.5Wx90)",805.00,yes,Rubber Tracks,300x52.5Wx90,ND,,pass,
300x53x84-mx,TNT3005384HD,"12"" Heavy Duty MX Pattern Rubber Track (300x53x84)",875.00,yes,Rubber Tracks,300x53x84,MX,,pass,
300x55-5x82-mx,TNT30055582HD,"12"" Heavy Duty MX Pattern Rubber Track (300x55.5x82)",860.00,yes,Rubber Tracks,300x55.5x82,MX,,pass,
300x86x48-c,TNT3008648HDC,"12"" Heavy Duty C Pattern Rubber Track (300x86Bx48)",675.00,yes,Rubber Tracks,300x86Bx48,C-Block,,pass,
320x100x40-t-bar,TNT32010040HDTB,"13"" Heavy Duty T-Bar Rubber Track (320x100x40)",655.00,yes,Rubber Tracks,320x100x40,T-Bar,,pass,
320x100x43-t-bar,TNT32010043HDTB,"13"" Heavy Duty T-Bar Rubber Track (320x100x43)",695.00,yes,Rubber Tracks,320x100x43,T-Bar,,pass,
320x54x82-bd,TNT3205482HD,"13"" Heavy Duty BD Pattern Rubber Track (320x54x82)",830.00,yes,Rubber Tracks,320x54x82,All-Terrain,,pass,
320x54x90-bd,TNT3205490HD,"13"" Heavy Duty BD Pattern Rubber Track (320x54x90)",895.00,yes,Rubber Tracks,320x54x90,All-Terrain,,pass,
320x84x46-c,TNT3208446HDC,"13"" Standard Duty C Pattern Rubber Track (320x84Bx46)",710.00,yes,Rubber Tracks,320x84Bx46,C-Block,,pass,
320x86bx49-bd,TNT3208649HDBD,"13"" Heavy Duty BD Pattern Rubber Track (320x86Bx49)",860.00,yes,Rubber Tracks,320x86Bx49,All-Terrain,,pass,
320x86bx49-c,TNT3208649SDC,"13"" Standard Duty C Pattern Rubber Track (320x86Bx49)",740.00,yes,Rubber Tracks,320x86Bx49,C-Block,,pass,
320x86bx49-multi-bar,TNT3208649HDMB,"13"" Heavy Duty Multi-Bar Pattern Rubber Track (320x86Bx49)",750.00,yes,Rubber Tracks,320x86Bx49,Multi-Bar,,pass,
320x86bx49-z-max,TNT3208649HDZB,"13"" Heavy Duty ZB Pattern Rubber Track (320x86Bx49)",740.00,yes,Rubber Tracks,320x86Bx49,Zig-Zag,,pass,
320x86bx50-c,TNT3208650SDC,"13"" Standard Duty C Pattern Rubber Track (320x86Bx50)",790.00,yes,Rubber Tracks,320x86Bx50,C-Block,,pass,
320x86bx50-multi-bar,TNT3208650HDMB,"13"" Heavy Duty Multi-Bar Pattern Rubber Track (320x86Bx50)",765.00,yes,Rubber Tracks,320x86Bx50,Multi-Bar,,pass,
320x86bx50-xt,TNT3208650HDXT,"13"" Heavy Duty XT Pattern Rubber Track (320x86Bx50)",780.00,yes,Rubber Tracks,320x86Bx50,X-Terrain,,pass,
320x86bx50-z-max,TNT3208650HDZB,"13"" Heavy Duty ZB Pattern Rubber Track (320x86Bx50)",760.00,yes,Rubber Tracks,320x86Bx50,Zig-Zag,,pass,
320x86bx53-multi-bar,TNT3208653HDMB,"13"" Heavy Duty Multi-Bar Pattern Rubber Track (320x86Bx53)",800.00,yes,Rubber Tracks,320x86Bx53,Multi-Bar,,pass,
320x86bx53-xt,TNT3208653HDXT,"13"" Heavy Duty XT Pattern Rubber Track (320x86Bx53)",820.00,yes,Rubber Tracks,320x86Bx53,X-Terrain,,pass,
320x86bx53-z-max,TNT3208653HDZB,"13"" Heavy Duty ZB Pattern Rubber Track (320x86Bx53)",790.00,yes,Rubber Tracks,320x86Bx53,Zig-Zag,,pass,
320x86bx54-multi-bar,TNT3208654HDMB,"13"" Heavy Duty Multi-Bar Pattern Rubber Track (320x86Bx54)",810.00,yes,Rubber Tracks,320x86Bx54,Multi-Bar,,pass,
320x86tx48-block,TNT32086T48HDBL,"13"" Heavy Duty Block Pattern Rubber Track (320X86Tx48)",800.00,yes,Rubber Tracks,320X86Tx48,Staggered Block,,pass,
320x86tx52-c,TNT32086T52HDC,"13"" Heavy Duty C Pattern Rubber Track (320x86Tx52)",815.00,yes,Rubber Tracks,320x86Tx52,C-Block,,pass,
320x86tx52-multi-bar,TNT32086T52HDMB,"13"" Heavy Duty Multi-Bar Pattern Rubber Track (320x86Tx52)",810.00,yes,Rubber Tracks,320x86Tx52,Multi-Bar,,pass,
320x86tx52-z-max,TNT32086T52HDZB,"13"" Heavy Duty ZB Pattern Rubber Track (320x86Tx52)",825.00,yes,Rubber Tracks,320x86Tx52,Zig-Zag,,pass,
320x86x49-z-max,TNT4008649HDZB,"16"" Heavy Duty ZB Pattern Rubber Track (400x86Bx49)",815.00,yes,Rubber Tracks,400x86Bx49,Zig-Zag,,pass,
320x86x52-block,TNT3208652HDBL,"13"" Heavy Duty Block Pattern Rubber Track (320x86Bx52)",760.00,yes,Rubber Tracks,320x86Bx52,Staggered Block,,pass,
320x86x54-block,TNT3208654HDBL,"13"" Heavy Duty Block Pattern Rubber Track (320x86Bx54)",785.00,yes,Rubber Tracks,320x86Bx54,Staggered Block,,pass,
350x52-5wx86-directional,TNT35052586HD,"14"" Heavy Duty DR Pattern Rubber Track (350x52.5x86)",905.00,yes,Rubber Tracks,350x52.5x86,Directional,,pass,
350x52-5wx90-directional,TNT35052590HD,"14"" Heavy Duty DR Pattern Rubber Track (350x52.5x90)",940.00,yes,Rubber Tracks,350x52.5x90,Directional,,pass,
350x52-5x92-directional,TNT35052592HD,"14"" Heavy Duty DR Pattern Rubber Track (350x52.5x92)",960.00,yes,Rubber Tracks,350x52.5x92,Directional,,pass,
350x54-5x86-nd,TNT35054586HD,"14"" Heavy Duty ND Pattern Rubber Track (350x54.5x86)",1050.00,yes,Rubber Tracks,350x54.5x86,ND,,pass,
380x86x52-block,TNT3808652HDBL,"15"" Heavy Duty Block Pattern Rubber Track (380x86Bx52)",875.00,yes,Rubber Tracks,380x86Bx52,Staggered Block,,pass,
381x100-5x42-multi-bar,TNT381100542HDMB,"15"" Heavy Duty Multi-Bar Pattern Rubber Track (381x100.5x42)",1150.00,no,Rubber Tracks,381x100.5x42,Multi-Bar,,review,missing_image
400x72-5kx72-nd,TNT400725K72HD,"16"" Heavy Duty ND Pattern Rubber Track (400x72.5Kx72)",1350.00,yes,Rubber Tracks,400x72.5Kx72,ND,,pass,
400x72-5kx74-block,TNT400725K74HD,"16"" Heavy Duty Block Pattern Rubber Track (400x72.5Kx74)",1385.00,yes,Rubber Tracks,400x72.5Kx74,Staggered Block,,pass,
400x72-5nx74-mx,TNT4007472HD,"16"" Heavy Duty MX Pattern Rubber Track (400x74x72)",1195.00,yes,Rubber Tracks,400x74x72,MX,,pass,
400x72-5wx70-mx,TNT400725N70HD,"16"" Heavy Duty MX Pattern Rubber Track (400x72.5Nx70)",1250.00,yes,Rubber Tracks,400x72.5Nx70,MX,,pass,
400x72-5wx74-bd,TNT400725N74HD,"16"" Heavy Duty BD Pattern Rubber Track (400x72.5Nx74)",1325.00,yes,Rubber Tracks,400x72.5Nx74,All-Terrain,,pass,
400x72-5wx74-mx,TNT400725W74HD,"16"" Heavy Duty MX Pattern Rubber Track (400x72.5Wx74)",1350.00,yes,Rubber Tracks,400x72.5Wx74,MX,,pass,
400x73x76-block,TNT400725W76HD,"16"" Heavy Duty Block Pattern Rubber Track (400x72.5Wx76)",1385.00,yes,Rubber Tracks,400x72.5Wx76,Staggered Block,,pass,
400x86bx49-c,TNT4008649HDC,"16"" Heavy Duty C Pattern Rubber Track (400x86Bx49)",845.00,yes,Rubber Tracks,400x86Bx49,C-Block,,pass,
400x86bx49-multi-bar,TNT4008649HDMB,"16"" Heavy Duty Multi-Bar Pattern Rubber Track (400x86Bx49)",945.00,yes,Rubber Tracks,400x86Bx49,Multi-Bar,,pass,
400x86bx50-block,TNT4008650HDBL,"16"" Heavy Duty Block Pattern Rubber Track (400x86Bx50)",840.00,yes,Rubber Tracks,400x86Bx50,Staggered Block,,pass,
400x86bx50-multi-bar,TNT4008650HDMB,"16"" Heavy Duty Multi-Bar Pattern Rubber Track (400x86Bx50)",950.00,yes,Rubber Tracks,400x86Bx50,Multi-Bar,,pass,
400x86bx52-c,TNT4008652HDC,"16"" Heavy Duty C Pattern Rubber Track (400x86Bx52)",930.00,yes,Rubber Tracks,400x86Bx52,C-Block,,pass,
400x86bx52-z,TNT4008652HDZ,"16"" Heavy Duty Z Pattern Rubber Track (400x86Bx52)",930.00,yes,Rubber Tracks,400x86Bx52,Z-Max,,pass,
400x86bx53-c,TNT4008653HDC,"16"" Heavy Duty C Pattern Rubber Track (400x86Bx53)",900.00,yes,Rubber Tracks,400x86Bx53,C-Block,,pass,
400x86bx53-multi-bar,TNT4008653HDMB,"16"" Heavy Duty Multi-Bar Pattern Rubber Track (400x86Bx53)",1005.00,yes,Rubber Tracks,400x86Bx53,Multi-Bar,,pass,
400x86bx54-multi-bar,TNT4008654HDMB,"16"" Heavy Duty Multi-Bar Pattern Rubber Track (400x86Bx54)",1025.00,yes,Rubber Tracks,400x86Bx54,Multi-Bar,,pass,
400x86tx52-block,TNT40086T52HDBL,"16"" Heavy Duty Block Pattern Rubber Track (400x86Tx52)",915.00,yes,Rubber Tracks,400x86Tx52,Staggered Block,,pass,
400x86tx52-multi-bar,TNT40086T52HDMB,"16"" Heavy Duty Multi-Bar Pattern Rubber Track (400x86Tx52)",990.00,yes,Rubber Tracks,400x86Tx52,Multi-Bar,,pass,
400x86x50-z-max,TNT4008650HDZB,"16"" Heavy Duty ZB Pattern Rubber Track (400x86Bx50)",830.00,yes,Rubber Tracks,400x86Bx50,Zig-Zag,,pass,
400x86x52-block,TNT4008652HDBL,"16"" Heavy Duty Block Pattern Rubber Track (400x86Bx52)",880.00,yes,Rubber Tracks,400x86Bx52,Staggered Block,,pass,
400x86x53-block,TNT4008653HDBL,"16"" Heavy Duty Block Pattern Rubber Track (400x86Bx53)",880.00,yes,Rubber Tracks,400x86Bx53,Staggered Block,,pass,
400x86x53-z-max,TNT4008653HDZB,"16"" Heavy Duty ZB Pattern Rubber Track (400x86Bx53)",870.00,yes,Rubber Tracks,400x86Bx53,Zig-Zag,,pass,
400x86x54-z-max,TNT4008654SDZB,"16"" Standard Duty ZB Pattern Rubber Track (400x86Bx54)",880.00,yes,Rubber Tracks,400x86Bx54,Zig-Zag,,pass,
450x100x48-block,TNT45010048HDBL,"18"" Heavy Duty Block Pattern Rubber Track (450x100x48)",1125.00,yes,Rubber Tracks,450x100x48,Staggered Block,,pass,
450x100x48-c,TNT45010048HDC,"18"" Heavy Duty C Pattern Rubber Track (450x100x48)",1165.00,yes,Rubber Tracks,450x100x48,C-Block,,pass,
450x100x48-multi-bar,TNT45010048HDMB,"18"" Heavy Duty Multi-Bar Pattern Rubber Track (450x100x48)",1180.00,yes,Rubber Tracks,450x100x48,Multi-Bar,,pass,
450x100x48-z-max,TNT45010048HDZB,"18"" Heavy Duty ZB Pattern Rubber Track (450x100x48)",1145.00,yes,Rubber Tracks,450x100x48,Zig-Zag,,pass,
450x100x50-c,TNT45010050HDC,"18"" Heavy Duty C Pattern Rubber Track (450x100x50)",1190.00,yes,Rubber Tracks,450x100x50,C-Block,,pass,
450x100x50-straight-bar,TNT45010050HDSB,"18"" Heavy Duty Straight Bar Pattern Rubber Track (450x100x50)",1165.00,yes,Rubber Tracks,450x100x50,Straight Bar,,pass,
450x100x50-z-max,TNT45010050HDZB,"18"" Heavy Duty ZB Pattern Rubber Track (450x100x50)",1190.00,yes,Rubber Tracks,450x100x50,Zig-Zag,,pass,
450x71x82-directional,TNT4507182HD,"18"" Heavy Duty DR Pattern Rubber Track (450x71x82)",1670.00,yes,Rubber Tracks,450x71x82,Directional,,pass,
450x71x84-mx,TNT4507184HD,"18"" Heavy Duty MX Pattern Rubber Track (450x71x84)",1740.00,yes,Rubber Tracks,450x71x84,MX,,pass,
450x71x86-directional,TNT4507186HD,"18"" Heavy Duty DR Pattern Rubber Track (450x71x86)",1775.00,yes,Rubber Tracks,450x71x86,Directional,,pass,
450x76x80-directional,TNT4507680HD,"18"" Heavy Duty DR Pattern Rubber Track (450x76x80)",1915.00,yes,Rubber Tracks,450x76x80,Directional,,pass,
450x81-5x76-mx,TNT45081576HD,"18"" Heavy Duty MX Pattern Rubber Track (450x81.5x76)",1850.00,yes,Rubber Tracks,450x81.5x76,MX,,pass,
450x81nx76-directional,TNT45081N76HD,"18"" Heavy Duty DR Pattern Rubber Track (450x81Nx76)",1770.00,yes,Rubber Tracks,450x81Nx76,Directional,,pass,
450x81nx78-directional,TNT45081N78HD,"18"" Heavy Duty DR Pattern Rubber Track (450x81Nx78)",1810.00,yes,Rubber Tracks,450x81Nx78,Directional,,pass,
450x83-5kx74-directional,TNT450835K74HD,"18"" Heavy Duty DR Pattern Rubber Track (450x83.5Kx74)",1945.00,yes,Rubber Tracks,450x83.5Kx74,Directional,,pass,
450x83-5yx74-zig-zag-track,TNT45081W74HD,"18"" Heavy Duty Zig Zag Track Pattern Rubber Track (450x81Wx74)",1745.00,yes,Rubber Tracks,450x81Wx74,Zig Zag Track,,pass,
450x86bx53-multi-bar,TNT4508653HDMB,"18"" Heavy Duty Multi-Bar Pattern Rubber Track (450x86Bx53)",1085.00,yes,Rubber Tracks,450x86Bx53,Multi-Bar,,pass,
450x86bx55-c,TNT4508655SDC,"18"" Standard Duty C Pattern Rubber Track (450x86Bx55)",1145.00,yes,Rubber Tracks,450x86Bx55,C-Block,,pass,
450x86bx55-multi-bar,TNT4508655HDMB,"18"" Heavy Duty Multi-Bar Pattern Rubber Track (450x86Bx55)",1120.00,yes,Rubber Tracks,450x86Bx55,Multi-Bar,,pass,
450x86bx55-xt,TNT4508655HDXT,"18"" Heavy Duty XT Pattern Rubber Track (450x86Bx55)",1145.00,yes,Rubber Tracks,450x86Bx55,X-Terrain,,pass,
450x86bx58-block,TNT4508658HDBL,"18"" Heavy Duty Block Pattern Rubber Track (450x86Bx58)",1175.00,yes,Rubber Tracks,450x86Bx58,Staggered Block,,pass,
450x86bx58-c,TNT4508658SDC,"18"" Standard Duty C Pattern Rubber Track (450x86Bx58)",1210.00,yes,Rubber Tracks,450x86Bx58,C-Block,,pass,
450x86bx58-multi-bar,TNT4508658HDMB,"18"" Heavy Duty Multi-Bar Pattern Rubber Track (450x86Bx58)",1250.00,yes,Rubber Tracks,450x86Bx58,Multi-Bar,,pass,
450x86bx58-xt,TNT4508658HDXT,"18"" Heavy Duty XT Pattern Rubber Track (450x86Bx58)",1200.00,yes,Rubber Tracks,450x86Bx58,X-Terrain,,pass,
450x86bx58-z,TNT4508658HDZ,"18"" Heavy Duty Z Pattern Rubber Track (450x86Bx58)",1215.00,yes,Rubber Tracks,450x86Bx58,Z-Max,,pass,
450x86bx60-c,TNT4508660HDC,"18"" Heavy Duty C Pattern Rubber Track (450x86Bx60)",1240.00,yes,Rubber Tracks,450x86Bx60,C-Block,,pass,
450x86bx60-multi-bar,TNT4508660HDMB,"18"" Heavy Duty Multi-Bar Pattern Rubber Track (450x86Bx60)",1205.00,yes,Rubber Tracks,450x86Bx60,Multi-Bar,,pass,
450x86bx60-xt,TNT4508660HDXT,"18"" Heavy Duty XT Pattern Rubber Track (450x86Bx60)",1235.00,yes,Rubber Tracks,450x86Bx60,X-Terrain,,pass,
450x86bx63-c,TNT4508663HDC,"18"" Heavy Duty C Pattern Rubber Track (450x86Bx63)",1295.00,yes,Rubber Tracks,450x86Bx63,C-Block,,pass,
450x86bx63-multi-bar,TNT4508663HDMB,"18"" Heavy Duty Multi-Bar Pattern Rubber Track (450x86Bx63)",1260.00,yes,Rubber Tracks,450x86Bx63,Multi-Bar,,pass,
450x86x52-z-max,TNT4508652HDZB,"18"" Heavy Duty ZB Pattern Rubber Track (450x86Bx52)",1050.00,yes,Rubber Tracks,450x86Bx52,Zig-Zag,,pass,
450x86x53-z-max,TNT4508653SDZB,"18"" Standard Duty ZB Pattern Rubber Track (450x86Bx53)",1055.00,yes,Rubber Tracks,450x86Bx53,Zig-Zag,,pass,
450x86x55-z-max,TNT4508655HDZB,"18"" Heavy Duty ZB Pattern Rubber Track (450x86Bx55)",1100.00,yes,Rubber Tracks,450x86Bx55,Zig-Zag,,pass,
450x86x56-block,TNT4508656HDBL,"18"" Heavy Duty Block Pattern Rubber Track (450x86Bx56)",1140.00,yes,Rubber Tracks,450x86Bx56,Staggered Block,,pass,
450x86x56-z,TNT4508656HDZ,"18"" Heavy Duty Z Pattern Rubber Track (450x86Bx56)",1175.00,yes,Rubber Tracks,450x86Bx56,Z-Max,,pass,
450x86x56-z-max,TNT4508656HDZB,"18"" Heavy Duty ZB Pattern Rubber Track (450x86Bx56)",1120.00,yes,Rubber Tracks,450x86Bx56,Zig-Zag,,pass,
450x86x58-z-max,TNT4508658HDZB,"18"" Heavy Duty ZB Pattern Rubber Track (450x86Bx58)",1165.00,yes,Rubber Tracks,450x86Bx58,Zig-Zag,,pass,
450x86x60-z-max,TNT4508660HDZB,"18"" Heavy Duty ZB Pattern Rubber Track (450x86Bx60)",1190.00,yes,Rubber Tracks,450x86Bx60,Zig-Zag,,pass,
450x86x63-z-max,TNT4508663SDZB,"18"" Standard Duty ZB Pattern Rubber Track (450x86Bx63)",1210.00,yes,Rubber Tracks,450x86Bx63,Zig-Zag,,pass,
457x101-6x50-multi-bar,TNT457101650HDMB,"18"" Heavy Duty Multi-Bar Pattern Rubber Track (457X101.6X50)",1540.00,yes,Rubber Tracks,457X101.6X50,Multi-Bar,,pass,
457x101-6x51-multi-bar,TNT457101651HDMB,"18"" Heavy Duty Multi-Bar Pattern Rubber Track (457x101.6x51)",1670.00,yes,Rubber Tracks,457x101.6x51,Multi-Bar,,pass,
457x101-6x56-multi-bar,TNT457101656HDMB,"18"" Heavy Duty Multi-Bar Pattern Rubber Track (457x101.6x56)",1705.00,yes,Rubber Tracks,457x101.6x56,Multi-Bar,,pass,
500x92x84-directional,TNT5009284HD,"20"" Heavy Duty DR Pattern Rubber Track (500x92x84)",3430.00,no,Rubber Tracks,500x92x84,Directional,,review,missing_image
639-1830,639-1830,"18"" Camso Extreme Duty Camso HXD Pattern Rubber Track (457x101.6x51)",1747.00,yes,Rubber Tracks,457x101.6x51,Camso HXD,,pass,
700x100x98-multi-bar,TNT70010098HDMB,"28"" Heavy Duty Multi-Bar Pattern Rubber Track (700x100x98)",5350.00,no,Rubber Tracks,700x100x98,Multi-Bar,,review,missing_image
750x150x66-multi-bar,TNT75015066HDMB,"30"" Heavy Duty Multi-Bar Pattern Rubber Track (750x150x66)",6915.00,no,Rubber Tracks,750x150x66,Multi-Bar,,review,missing_image
bs1807239cxd,BS1807239CXD,"7"" Bridgestone Extreme Duty C Pattern Rubber Track (180x72x39)",380.00,yes,Rubber Tracks,180x72x39,C-Block,,pass,
bs1807245cxd,BS1807245CXD,"6"" Bridgestone Extreme Duty C Pattern Rubber Track (180X72KX45)",421.00,yes,Rubber Tracks,180X72KX45,C-Block,,pass,
bs2304870xd,BS2304870XD,"9"" Bridgestone Extreme Duty MX Pattern Rubber Track (230x48x70)",575.00,yes,Rubber Tracks,230x48x70,MX,,pass,
bs2309636xd,BS2309636XD,"9"" Bridgestone Extreme Duty MX Pattern Rubber Track (230x96x36)",425.00,yes,Rubber Tracks,230x96x36,MX,,pass,
bs2507239cxd,BS2507239CXD,"10"" Bridgestone Extreme Duty C Pattern Rubber Track (250x72x39)",438.00,no,Rubber Tracks,250x72x39,C-Block,,review,missing_image
bs2507245cxd,BS2507245CXD,"10"" Bridgestone Extreme Duty C Pattern Rubber Track (250x72x45)",499.00,no,Rubber Tracks,250x72x45,C-Block,,review,missing_image
bs30052586rsxd,BS30052586RSXD,"12"" Bridgestone Extreme Duty MX Pattern Rubber Track (300x52.5Nx86)",1051.00,yes,Rubber Tracks,300x52.5Nx86,MX,,pass,
bs300525n80xd,BS300525N80XD,"12"" Bridgestone Extreme Duty MX Pattern Rubber Track (300x52.5Nx80)",992.00,yes,Rubber Tracks,300x52.5Nx80,MX,,pass,
bs300525w78xd,BS300525W78XD,"12"" Bridgestone Extreme Duty MX Pattern Rubber Track (300x52.5Wx78)",968.00,yes,Rubber Tracks,300x52.5Wx78,MX,,pass,
bs300525w84xd,BS300525W84XD,"12"" Bridgestone Extreme Duty MX Pattern Rubber Track (300x52.5Wx84)",1033.00,yes,Rubber Tracks,300x52.5Wx84,MX,,pass,
bs300525w86xd,BS300525W86XD,"12"" Bridgestone Extreme Duty MX Pattern Rubber Track (300x52.5Wx86)",1051.00,yes,Rubber Tracks,300x52.5Wx86,MX,,pass,
bs3005380xd,BS3005380XD,"12"" Bridgestone Extreme Duty MX Pattern Rubber Track (300x53x80)",1058.00,yes,Rubber Tracks,300x53x80,MX,,pass,
bs3008446xdc,BS3008446XDC,"12"" Bridgestone Extreme Duty C Pattern Rubber Track (300x84x46)",1056.00,yes,Rubber Tracks,300x84x46,C-Block,,pass,
bs3208649bxd,BS3208649BXD,"13"" Bridgestone Extreme Duty Block Pattern Rubber Track (320x86Bx49)",1115.00,yes,Rubber Tracks,320x86Bx49,Staggered Block,,pass,
bs3208649cxd,BS3208649CXD,"13"" Bridgestone Extreme Duty C Pattern Rubber Track (320x86Bx49)",1115.00,yes,Rubber Tracks,320x86Bx49,C-Block,,pass,
bs3208649mbxd,BS3208649MBXD,"13"" Bridgestone Extreme Duty Multi-Bar Pattern Rubber Track (320x86Bx49)",1115.00,yes,Rubber Tracks,320x86Bx49,Multi-Bar,,pass,
bs3208650bxd,BS3208650BXD,"13"" Bridgestone Extreme Duty Block Pattern Rubber Track (320x86Bx50)",1130.00,yes,Rubber Tracks,320x86Bx50,Staggered Block,,pass,
bs3208650cxd,BS3208650CXD,"13"" Bridgestone Extreme Duty C Pattern Rubber Track (320x86Bx50)",1130.00,yes,Rubber Tracks,320x86Bx50,C-Block,,pass,
bs3208650mbxd,BS3208650MBXD,"13"" Bridgestone Extreme Duty Multi-Bar Pattern Rubber Track (320x86Bx50)",1130.00,yes,Rubber Tracks,320x86Bx50,Multi-Bar,,pass,
bs3208652bxd,BS3208652BXD,"13"" Bridgestone Extreme Duty Block Pattern Rubber Track (320x86Bx52)",1162.00,yes,Rubber Tracks,320x86Bx52,Staggered Block,,pass,
bs3208652cxd,BS3208652CXD,"13"" Bridgestone Extreme Duty C Pattern Rubber Track (320x86Bx52)",1162.00,yes,Rubber Tracks,320x86Bx52,C-Block,,pass,
bs3208652mbxd,BS3208652MBXD,"13"" Bridgestone Extreme Duty Multi-Bar Pattern Rubber Track (320x86Bx52)",1162.00,yes,Rubber Tracks,320x86Bx52,Multi-Bar,,pass,
bs3208652vxd,BS3208652VXD,"13"" Bridgestone Extreme Duty Vortech Rubber Track (320x86Bx52)",1162.00,yes,Rubber Tracks,320x86Bx52,Vortech,,pass,
bs3208653bxd,BS3208653BXD,"13"" Bridgestone Extreme Duty Block Pattern Rubber Track (320x86Bx53)",1179.00,yes,Rubber Tracks,320x86Bx53,Staggered Block,,pass,
bs3208653cxd,BS3208653CXD,"13"" Bridgestone Extreme Duty C Pattern Rubber Track (320x86Bx53)",1179.00,yes,Rubber Tracks,320x86Bx53,C-Block,,pass,
bs3208653mbxd,BS3208653MBXD,"13"" Bridgestone Extreme Duty Multi-Bar Pattern Rubber Track (320x86Bx53)",1179.00,yes,Rubber Tracks,320x86Bx53,Multi-Bar,,pass,
bs35052586xd,BS35052586XD,"14"" Bridgestone Extreme Duty MX Pattern Rubber Track (350x52.5x86)",1550.00,yes,Rubber Tracks,350x52.5x86,MX,,pass,
bs35546152.4snnxd,BS35546152.4SNNXD,"14"" Bridgestone Extreme Duty Smooth Rubber Track (355x152.4x46-720)",5739.00,no,Rubber Tracks,355x152.4x46-720,Smooth,,review,missing_image
bs355x46x152.4sn,BS355X46X152.4SN,"14"" Bridgestone Extreme Duty Chevron Rubber Track (355x152.4x46-655)",5291.00,no,Rubber Tracks,355x152.4x46-655,Chevron,,review,missing_image
bs355x46x1524snxd,BS355x46x1524SNXD,"14"" Bridgestone Extreme Duty Chevron Rubber Track (355x152.4x46-610)",5343.00,no,Rubber Tracks,355x152.4x46-610,Chevron,,review,missing_image
bs400725n74xd,BS400725N74XD,"16"" Bridgestone Extreme Duty MX Pattern Rubber Track (400x72.5Nx74)",1760.00,yes,Rubber Tracks,400x72.5Nx74,MX,,pass,
bs400725w72xd,BS400725W72XD,"16"" Bridgestone Extreme Duty MX Pattern Rubber Track (400x72.5Wx72)",1713.00,yes,Rubber Tracks,400x72.5Wx72,MX,,pass,
bs400725w74xd,BS400725W74XD,"16"" Bridgestone Extreme Duty MX Pattern Rubber Track (400x72.5Wx74)",1760.00,yes,Rubber Tracks,400x72.5Wx74,MX,,pass,
bs4008649cxd,BS4008649CXD,"16"" Bridgestone Extreme Duty C Pattern Rubber Track (400x86Bx49)",1395.00,yes,Rubber Tracks,400x86Bx49,C-Block,,pass,
bs4008650bxd,BS4008650BXD,"16"" Bridgestone Extreme Duty Block Pattern Rubber Track (400x86Bx50)",1405.00,yes,Rubber Tracks,400x86Bx50,Staggered Block,,pass,
bs4008650cxd,BS4008650CXD,"16"" Bridgestone Extreme Duty C Pattern Rubber Track (400x86Bx50)",1405.00,yes,Rubber Tracks,400x86Bx50,C-Block,,pass,
bs4008652bxd,BS4008652BXD,"16"" Bridgestone Extreme Duty Block Pattern Rubber Track (400x86Bx52)",1396.00,yes,Rubber Tracks,400x86Bx52,Staggered Block,,pass,
bs4008652xdmb,BS4008652XDMB,"16"" Bridgestone Extreme Duty Multi-Bar Pattern Rubber Track (400x86Bx52)",1396.00,yes,Rubber Tracks,400x86Bx52,Multi-Bar,,pass,
bs4008653bxd,BS4008653BXD,"16"" Bridgestone Extreme Duty Block Pattern Rubber Track (400x86Bx53)",1437.00,yes,Rubber Tracks,400x86Bx53,Staggered Block,,pass,
bs4008653mbxd,BS4008653MBXD,"16"" Bridgestone Extreme Duty Multi-Bar Pattern Rubber Track (400x86Bx53)",1437.00,yes,Rubber Tracks,400x86Bx53,Multi-Bar,,pass,
bs4008656bxd,BS4008656BXD,"16"" Bridgestone Extreme Duty Block Pattern Rubber Track (400x86Bx56)",1557.00,yes,Rubber Tracks,400x86Bx56,Staggered Block,,pass,
bs406152453xd,BS406152453XD,"16"" Bridgestone Extreme Duty Rubber Track (406x152.4x53)",6354.00,no,Rubber Tracks,406x152.4x53,,,review,missing_image;missing_tread
bs45081w76xd,BS45081W76XD,"18"" Bridgestone Extreme Duty MX Pattern Rubber Track (450x81Wx76)",2570.00,yes,Rubber Tracks,450x81Wx76,MX,,pass,
bs4508652bxd,BS4508652BXD,"18"" Bridgestone Extreme Duty Block Pattern Rubber Track (450x86Bx52)",1550.00,yes,Rubber Tracks,450x86Bx52,Staggered Block,,pass,
bs4508652cxd,BS4508652CXD,"18"" Bridgestone Extreme Duty C Pattern Rubber Track (450x86Bx52)",1531.00,yes,Rubber Tracks,450x86Bx52,C-Block,,pass,
bs4508652vxd,BS4508652VXD,"18"" Bridgestone Extreme Duty Vortech Rubber Track (450x86Bx52)",1531.00,yes,Rubber Tracks,450x86Bx52,Vortech,,pass,
bs4508653cxd,BS4508653CXD,"18"" Bridgestone Extreme Duty C Pattern Rubber Track (450x86Bx53)",1575.00,yes,Rubber Tracks,450x86Bx53,C-Block,,pass,
bs4508655bxd,BS4508655BXD,"18"" Bridgestone Extreme Duty Block Pattern Rubber Track (450x86Bx55)",1615.00,yes,Rubber Tracks,450x86Bx55,Staggered Block,,pass,
bs4508655cxd,BS4508655CXD,"18"" Bridgestone Extreme Duty C Pattern Rubber Track (450x86Bx55)",1615.00,yes,Rubber Tracks,450x86Bx55,C-Block,,pass,
bs4508655mbxd,BS4508655MBXD,"18"" Bridgestone Extreme Duty Multi-Bar Pattern Rubber Track (450x86Bx55)",1615.00,yes,Rubber Tracks,450x86Bx55,Multi-Bar,,pass,
bs4508655vxd,BS4508655VXD,"18"" Bridgestone Extreme Duty Vortech Rubber Track (450x86Bx55)",1615.00,yes,Rubber Tracks,450x86Bx55,Vortech,,pass,
bs4508656bxd,BS4508656BXD,"18"" Bridgestone Extreme Duty Block Pattern Rubber Track (450x86Bx56)",1642.00,yes,Rubber Tracks,450x86Bx56,Staggered Block,,pass,
bs4508656mbxd,BS4508656MBXD,"18"" Bridgestone Extreme Duty Multi-Bar Pattern Rubber Track (450x86Bx56)",1642.00,yes,Rubber Tracks,450x86Bx56,Multi-Bar,,pass,
bs4508656vxd,BS4508656VXD,"18"" Bridgestone Extreme Duty Vortech Rubber Track (450x86Bx56)",1642.00,yes,Rubber Tracks,450x86Bx56,Vortech,,pass,
bs4508656xdzb,BS4508656XDZB,"18"" Bridgestone Extreme Duty Zig Zag Track Pattern Rubber Track (450x86Bx56)",1567.00,yes,Rubber Tracks,450x86Bx56,Zig Zag Track,,pass,
bs4508658bxd,BS4508658BXD,"18"" Bridgestone Extreme Duty Block Pattern Rubber Track (450x86Bx58)",1900.00,yes,Rubber Tracks,450x86Bx58,Staggered Block,,pass,
bs4508658cxd,BS4508658CXD,"18"" Bridgestone Extreme Duty C Pattern Rubber Track (450x86Bx58)",1803.00,yes,Rubber Tracks,450x86Bx58,C-Block,,pass,
bs4508658mbxd,BS4508658MBXD,"18"" Bridgestone Extreme Duty Multi-Bar Pattern Rubber Track (450x86Bx58)",1803.00,yes,Rubber Tracks,450x86Bx58,Multi-Bar,,pass,
bs4508658vxd,BS4508658VXD,"18"" Bridgestone Extreme Duty Vortech Rubber Track (450x86Bx58)",1803.00,yes,Rubber Tracks,450x86Bx58,Vortech,,pass,
bs4508658xdzb,BS4508658XDZB,"18"" Bridgestone Extreme Duty Zig Zag Track Pattern Rubber Track (450x86Bx58)",1720.00,yes,Rubber Tracks,450x86Bx58,Zig Zag Track,,pass,
bs4508660bxd,BS4508660BXD,"18"" Bridgestone Extreme Duty Block Pattern Rubber Track (450x86Bx60)",1864.00,yes,Rubber Tracks,450x86Bx60,Staggered Block,,pass,
bs4508660cxd,BS4508660CXD,"18"" Bridgestone Extreme Duty C Pattern Rubber Track (450x86Bx60)",1864.00,yes,Rubber Tracks,450x86Bx60,C-Block,,pass,
bs4508660mbxd,BS4508660MBXD,"18"" Bridgestone Extreme Duty Multi-Bar Pattern Rubber Track (450x86Bx60)",1864.00,yes,Rubber Tracks,450x86Bx60,Multi-Bar,,pass,
bs4508660vxd,BS4508660VXD,"18"" Bridgestone Heavy Duty Vortech Rubber Track (450x86Bx60)",1864.00,yes,Rubber Tracks,450x86Bx60,Vortech,,pass,
bs4508660xdzb,BS4508660XDZB,"18"" Bridgestone Extreme Duty Zig Zag Track Pattern Rubber Track (450x86Bx60)",1779.00,yes,Rubber Tracks,450x86Bx60,Zig Zag Track,,pass,
bs457531524sm,BS457531524SM,"18"" Bridgestone Extreme Duty Rubber Track (457x152.4x53-970)",6719.00,yes,Rubber Tracks,457x152.4x53-970,,,review,missing_tread
bs45755152.4sn,BS45755152.4SN,"18"" Bridgestone Extreme Duty Rubber Track (457X152.4X55)",7493.00,yes,Rubber Tracks,457X152.4X55,,,review,missing_tread
bs457x53x152.4sn,BS457X53X152.4SN,"18"" Bridgestone Extreme Duty Rubber Track (457x152.4x53-950)",6333.00,yes,Rubber Tracks,457x152.4x53-950,,,review,missing_tread
bs483152452xd,BS483152452XD,"19"" Bridgestone Extreme Duty Rubber Track (483x152.4x52-940)",6745.00,no,Rubber Tracks,483x152.4x52-940,,,review,missing_image;missing_tread
bw10,BW10,Heavy Duty Part | BW10,49.00,no,Undercarriage Parts,,,,review,missing_image
bw2101grp,BW2101GRP,Heavy Duty Part | BW2101GRP,120.00,no,Undercarriage Parts,,,,review,missing_image
cr03712-00100,CR03712-00100,Heavy Duty Part | CR03712-00100,85.00,yes,Undercarriage Parts,,,,pass,
cr03912-00100,CR03912-00100,Heavy Duty Part | CR03912-00100,108.00,yes,Undercarriage Parts,,,,pass,
cr05612-04080,CR05612-04080,Heavy Duty Part | CR05612-04080,113.00,yes,Undercarriage Parts,,,,pass,
cr1180-9221,CR1180-9221,Heavy Duty Part | CR1180-9221,108.00,yes,Undercarriage Parts,,,,pass,
cr1181-00430,CR1181-00430,Heavy Duty Part | CR1181-00430,113.00,yes,Undercarriage Parts,,,,pass,
cr146-6064,CR146-6064,Heavy Duty Part | CR146-6064,85.00,yes,Undercarriage Parts,,,,pass,
cr193-7070,CR193-7070,Heavy Duty Part | CR193-7070,87.00,yes,Undercarriage Parts,,,,pass,
cr20t-30-00050,CR20T-30-00050,Heavy Duty Part | CR20T-30-00050,108.00,yes,Undercarriage Parts,,,,pass,
cr20t-30-00060,CR20T-30-00060,Heavy Duty Part | CR20T-30-00060,144.00,yes,Undercarriage Parts,,,,pass,
cr265-7675,CR265-7675,Heavy Duty Part | CR265-7675,143.00,yes,Undercarriage Parts,,,,pass,
cr266-8794,CR266-8794,Heavy Duty Part | CR266-8794,162.00,yes,Undercarriage Parts,,,,pass,
cr277-8576,CR277-8576,Heavy Duty Part | CR277-8576,127.00,yes,Undercarriage Parts,,,,pass,
cr4392416,CR4392416,Heavy Duty Part | CR4392416,89.00,yes,Undercarriage Parts,,,,pass,
cr4718355,CR4718355,Heavy Duty Part | CR4718355,89.00,yes,Undercarriage Parts,,,,pass,
cr7012275,CR7012275,Heavy Duty Part | CR7012275,132.00,yes,Undercarriage Parts,,,,pass,
cr7020867,CR7020867,Heavy Duty Part | CR7020867,101.00,yes,Undercarriage Parts,,,,pass,
cr7257873,CR7257873,Heavy Duty Part | CR7257873,97.00,yes,Undercarriage Parts,,,,pass,
cr9237948,CR9237948,Heavy Duty Part | CR9237948,77.00,yes,Undercarriage Parts,,,,pass,
cr9239529,CR9239529,Heavy Duty Part | CR9239529,89.00,yes,Undercarriage Parts,,,,pass,
crkm2794,CRKM2794,Heavy Duty Part | CRKM2794,154.00,yes,Undercarriage Parts,,,,pass,
crlk327,CRLK327,Heavy Duty Part | CRLK327,106.00,yes,Undercarriage Parts,,,,pass,
crps64d01001f1,CRPS64D01001F1,Heavy Duty Part | CRPS64D01001F1,89.00,yes,Undercarriage Parts,,,,pass,
crpv64d00001f1,CRPV64D00001F1,Heavy Duty Part | CRPV64D00001F1,85.00,yes,Undercarriage Parts,,,,pass,
crpw64d01017f2,CRPW64D01017F2,Heavy Duty Part | CRPW64D01017F2,85.00,yes,Undercarriage Parts,,,,pass,
crrc411-21903,CRRC411-21903,Heavy Duty Part | CRRC411-21903,93.00,yes,Undercarriage Parts,,,,pass,
crrd411-22900,CRRD411-22900,Heavy Duty Part | CRRD411-22900,89.00,yes,Undercarriage Parts,,,,pass,
crrd809-21900,CRRD809-21900,Heavy Duty Part | CRRD809-21900,98.00,yes,Undercarriage Parts,,,,pass,
crt006m027,CRT006M027,Heavy Duty Part | CRT006M027,75.00,yes,Undercarriage Parts,,,,pass,
cryt64d01001f1,CRYT64D01001F1,Heavy Duty Part | CRYT64D01001F1,110.00,yes,Undercarriage Parts,,,,pass,
ct135-41-64-400,CT135-41-64-400,Heavy Duty Part | CT135-41-64-400,42.00,no,Undercarriage Parts,,,,review,missing_image
ct135-51-72-400,CT135-51-72-400,Heavy Duty Part | CT135-51-72-400,46.00,yes,Undercarriage Parts,,,,pass,
ct135-51-72-450,CT135-51-72-450,Heavy Duty Part | CT135-51-72-450,46.00,yes,Undercarriage Parts,,,,pass,
ct135-53-80-400,CT135-53-80-400,Heavy Duty Part | CT135-53-80-400,38.00,no,Undercarriage Parts,,,,review,missing_image
ct154-45-73-450,CT154-45-73-450,Heavy Duty Part | CT154-45-73-450,52.00,yes,Undercarriage Parts,,,,pass,
ct154-58-89-450,CT154-58-89-450,Heavy Duty Part | CT154-58-89-450,62.00,yes,Undercarriage Parts,,,,pass,
ct171-107-500,CT171-107-500,Heavy Duty Part | CT171-107-500,78.00,yes,Undercarriage Parts,,,,pass,
ct171-107-500w,CT171-107-500w,Heavy Duty Part | CT171-107-500w,67.00,yes,Undercarriage Parts,,,,pass,
ct171-107-600,CT171-107-600,Heavy Duty Part | CT171-107-600,94.00,yes,Undercarriage Parts,,,,pass,
ct175-86-500,CT175-86-500,Heavy Duty Part | CT175-86-500,78.00,yes,Undercarriage Parts,,,,pass,
ct175-86-600,CT175-86-600,Heavy Duty Part | CT175-86-600,75.00,yes,Undercarriage Parts,,,,pass,
ct300ks,CT300KS,Heavy Duty Part | CT300KS,15.00,yes,Undercarriage Parts,,,,pass,
fi03714-00000,FI03714-00000,Heavy Duty Part | FI03714-00000,330.00,yes,Undercarriage Parts,,,,pass,
fi04214-01200,FI04214-01200,Heavy Duty Part | FI04214-01200,333.00,yes,Undercarriage Parts,,,,pass,
fi04614-90010,FI04614-90010,Heavy Duty Part | FI04614-90010,436.00,yes,Undercarriage Parts,,,,pass,
fi05614-00600,FI05614-00600,Heavy Duty Part | FI05614-00600,669.00,yes,Undercarriage Parts,,,,pass,
fi05614-03100,FI05614-03100,Heavy Duty Part | FI05614-03100,550.00,yes,Undercarriage Parts,,,,pass,
fi06814-00019,FI06814-00019,Heavy Duty Part | FI06814-00019,490.00,yes,Undercarriage Parts,,,,pass,
fi08801-40000,FI08801-40000,Heavy Duty Part | FI08801-40000,431.00,yes,Undercarriage Parts,,,,pass,
fi08811-40300,FI08811-40300,Heavy Duty Part | FI08811-40300,383.00,yes,Undercarriage Parts,,,,pass,
fi1048166,FI1048166,Heavy Duty Part | FI1048166,521.00,yes,Undercarriage Parts,,,,pass,
fi172-2100,FI172-2100,Heavy Duty Part | FI172-2100,366.00,yes,Undercarriage Parts,,,,pass,
fi1r8938,FI1R8938,Heavy Duty Part | FI1R8938,497.00,yes,Undercarriage Parts,,,,pass,
fi226-4049,FI226-4049,Heavy Duty Part | FI226-4049,258.00,yes,Undercarriage Parts,,,,pass,
fi240-6304,FI240-6304,Heavy Duty Part | FI240-6304,386.00,yes,Undercarriage Parts,,,,pass,
fi241-5973,FI241-5973,Heavy Duty Part | FI241-5973,369.00,yes,Undercarriage Parts,,,,pass,
fi267-4813,FI267-4813,Heavy Duty Part | FI267-4813,552.00,yes,Undercarriage Parts,,,,pass,
fi267-4829,FI267-4829,Heavy Duty Part | FI267-4829,443.00,yes,Undercarriage Parts,,,,pass,
fi2674829,FI2674829,Heavy Duty Part | FI2674829,354.00,yes,Undercarriage Parts,,,,pass,
fi271005,FI271005,Heavy Duty Part | FI271005,521.00,yes,Undercarriage Parts,,,,pass,
fi304-1878,FI304-1878,Heavy Duty Part | FI304-1878,469.00,yes,Undercarriage Parts,,,,pass,
fi348-9647,FI348-9647,Heavy Duty Part | FI348-9647,801.00,yes,Undercarriage Parts,,,,pass,
fi420-9803,FI420-9803,Heavy Duty Part | FI420-9803,575.00,yes,Undercarriage Parts,,,,pass,
fi6698048,FI6698048,Heavy Duty Part | FI6698048,331.00,yes,Undercarriage Parts,,,,pass,
fi6732902,FI6732902,Heavy Duty Part | FI6732902,331.00,yes,Undercarriage Parts,,,,pass,
fi6815125,FI6815125,Heavy Duty Part | FI6815125,668.00,yes,Undercarriage Parts,,,,pass,
fi7109408,FI7109408,Heavy Duty Part | FI7109408,183.00,yes,Undercarriage Parts,,,,pass,
fi7199074,FI7199074,Heavy Duty Part | FI7199074,346.00,yes,Undercarriage Parts,,,,pass,
fi7202053,FI7202053,Heavy Duty Part | FI7202053,555.00,yes,Undercarriage Parts,,,,pass,
fi7229101,FI7229101,Heavy Duty Part | FI7229101,588.00,yes,Undercarriage Parts,,,,pass,
fi7240006,FI7240006,Heavy Duty Part | FI7240006,650.00,yes,Undercarriage Parts,,,,pass,
fi7276595,FI7276595,Heavy Duty Part | FI7276595,570.00,yes,Undercarriage Parts,,,,pass,
fi7355129,FI7355129,Heavy Duty Part | FI7355129,518.00,yes,Undercarriage Parts,,,,pass,
fi87535298,FI87535298,Heavy Duty Part | FI87535298,379.00,yes,Undercarriage Parts,,,,pass,
fi9132562,FI9132562,Heavy Duty Part | FI9132562,393.00,yes,Undercarriage Parts,,,,pass,
fi9237507,FI9237507,Heavy Duty Part | FI9237507,399.00,yes,Undercarriage Parts,,,,pass,
fi9269094,FI9269094,Heavy Duty Part | FI9269094,444.00,yes,Undercarriage Parts,,,,pass,
fi9312918,FI9312918,Heavy Duty Part | FI9312918,296.00,yes,Undercarriage Parts,,,,pass,
fi9318048,FI9318048,Heavy Duty Part | FI9318048,487.00,yes,Undercarriage Parts,,,,pass,
fica1379,FICA1379,Heavy Duty Part | FICA1379,441.00,yes,Undercarriage Parts,,,,pass,
fiid2076,FIID2076,Heavy Duty Part | FIID2076,491.00,yes,Undercarriage Parts,,,,pass,
fipx52d00028f1,FIPX52D00028F1,Heavy Duty Part | FIPX52D00028F1,430.00,yes,Undercarriage Parts,,,,pass,
fira231-21300,FIRA231-21300,Heavy Duty Part | FIRA231-21300,256.00,yes,Undercarriage Parts,,,,pass,
firc348-21302,FIRC348-21302,Heavy Duty Part | FIRC348-21302,383.00,yes,Undercarriage Parts,,,,pass,
firc461-21300,FIRC461-21300,Heavy Duty Part | FIRC461-21300,563.00,yes,Undercarriage Parts,,,,pass,
fird118-21300,FIRD118-21300,Heavy Duty Part | FIRD118-21300,419.00,yes,Undercarriage Parts,,,,pass,
fird411-22303,FIRD411-22303,Heavy Duty Part | FIRD411-22303,476.00,yes,Undercarriage Parts,,,,pass,
fiv0211-22102,FIV0211-22102,Heavy Duty Part | FIV0211-22102,536.00,yes,Undercarriage Parts,,,,pass,
fiv0611-22100,FIV0611-22100,Heavy Duty Part | FIV0611-22100,538.00,yes,Undercarriage Parts,,,,pass,
hk1417514,HK1417514,Heavy Duty Part | HK1417514,557.00,no,Undercarriage Parts,,,,review,missing_image
hl271050158,HL271050158,Heavy Duty Part | HL271050158,368.00,no,Undercarriage Parts,,,,review,missing_image
ht135-41-64-400-39l,HT135-41-64-400-39L,"16"" Extreme Duty Hybrid Track with Rubber Track Pads (400x72.5Nx74)",2057.00,yes,Rubber Tracks,400x72.5Nx74,,,review,missing_tread
ht135-53-80-400-36l,HT135-53-80-400-36L,"16"" Hybrid Track with Rubber Track Pads (400x72.5Wx67)",2171.00,yes,Rubber Tracks,400x72.5Wx67,,,review,missing_tread
ht135-53-80-400-39l,HT135-53-80-400-39L,"16"" Hybrid Track with Rubber Track Pads (400x72.5Wx74)",2343.00,yes,Rubber Tracks,400x72.5Wx74,,,review,missing_tread
ht154-45-73-450-39l,HT154-45-73-450-39L,"18"" Hybrid Track with Rubber Track Pads (450x83.5Kx74)",2714.00,yes,Rubber Tracks,450x83.5Kx74,,,review,missing_tread
ht154-45-73-450-40l,HT154-45-73-450-40L,"18"" Extreme Duty Hybrid Track with Rubber Track Pads (450x81Nx78)",2794.00,yes,Rubber Tracks,450x81Nx78,,,review,missing_tread
ht154-58-90-450-40l,HT154-58-90-450-40L,"18"" Extreme Duty Hybrid Track with Rubber Track Pads (450x81Wx76)",3090.00,yes,Rubber Tracks,450x81Wx76,,,review,missing_tread
oss39,OSS39,Heavy Duty Part | OSS39,14.00,no,Undercarriage Parts,,,,review,missing_image
otrta75016009,OTRTA75016009,Heavy Duty Part | OTRTA75016009,390.00,yes,Undercarriage Parts,,,,pass,
phg130028d,PHG130028D,Heavy Duty Part | PHG130028D,2860.00,no,Undercarriage Parts,,,,review,missing_image
phg130028nd,PHG130028ND,Heavy Duty Part | PHG130028ND,2863.00,no,Undercarriage Parts,,,,review,missing_image
phg140028d,PHG140028D,Heavy Duty Part | PHG140028D,3372.00,no,Undercarriage Parts,,,,review,missing_image
phg140028nd,PHG140028ND,Heavy Duty Part | PHG140028ND,3449.00,no,Undercarriage Parts,,,,review,missing_image
pin101-35,PIN101-35,PIN101-35,9.00,no,Undercarriage Parts,,,,review,missing_image
pin154-58,PIN154-58,PIN154-58,9.00,no,Undercarriage Parts,,,,review,missing_image
rr06813-00024,RR06813-00024,Heavy Duty Part | RR06813-00024,446.00,yes,Undercarriage Parts,,,,pass,
rr06914-00032,RR06914-00032,Heavy Duty Part | RR06914-00032,611.00,yes,Undercarriage Parts,,,,pass,
rr08801-33100,RR08801-33100,Heavy Duty Part | RR08801-33100,275.00,yes,Undercarriage Parts,,,,pass,
rr08801-35600,RR08801-35600,Heavy Duty Part | RR08801-35600,591.00,yes,Undercarriage Parts,,,,pass,
rr08811-31300,RR08811-31300,Heavy Duty Part | RR08811-31300,428.00,yes,Undercarriage Parts,,,,pass,
rr275574,RR275574,Heavy Duty Part | RR275574,592.00,yes,Undercarriage Parts,,,,pass,
rr304-1894,RR304-1894,Heavy Duty Part | RR304-1894,396.00,yes,Undercarriage Parts,,,,pass,
rr6697933,RR6697933,Heavy Duty Part | RR6697933,315.00,yes,Undercarriage Parts,,,,pass,
rr6698049,RR6698049,Heavy Duty Part | RR6698049,308.00,yes,Undercarriage Parts,,,,pass,
rr6732903,RR6732903,Heavy Duty Part | RR6732903,325.00,yes,Undercarriage Parts,,,,pass,
rr7233630,RR7233630,Heavy Duty Part | RR7233630,336.00,yes,Undercarriage Parts,,,,pass,
rr7276596,RR7276596,Heavy Duty Part | RR7276596,425.00,yes,Undercarriage Parts,,,,pass,
rr87535299,RR87535299,Heavy Duty Part | RR87535299,322.00,yes,Undercarriage Parts,,,,pass,
rrat493209,RRAT493209,Heavy Duty Part | RRAT493209,506.00,yes,Undercarriage Parts,,,,pass,
rrv0211-24100,RRV0211-24100,Heavy Duty Part | RRV0211-24100,350.00,yes,Undercarriage Parts,,,,pass,
rrv0511-24103,RRV0511-24103,Heavy Duty Part | RRV0511-24103,350.00,yes,Undercarriage Parts,,,,pass,
rrv0531-24103,RRV0531-24103,Heavy Duty Part | RRV0531-24103,348.00,yes,Undercarriage Parts,,,,pass,
sd30052588v1iwa,SD30052588V1IWA,"12"" Camso Heavy Duty MX Pattern Rubber Track (300x52.5Wx88)",767.00,yes,Rubber Tracks,300x52.5Wx88,MX,,pass,
sd30052590v1iwa,SD30052590V1IWA,"12"" Camso Heavy Duty MX Pattern Rubber Track (300x52.5Wx90)",849.00,yes,Rubber Tracks,300x52.5Wx90,MX,,pass,
sd3208648bjw,SD3208648BJW,"13"" Camso Heavy Duty Camso SD Pattern Rubber Track (320X86Tx48)",675.00,yes,Rubber Tracks,320X86Tx48,Camso SD,,pass,
sd4508652bbe,SD4508652BBE,"18"" Camso Heavy Duty Camso SD Pattern Rubber Track (450x86Bx52)",1252.00,yes,Rubber Tracks,450x86Bx52,Camso SD,,pass,
sd4508660bbe,SD4508660BBE,"18"" Camso Heavy Duty Camso SD Pattern Rubber Track (450x86Bx60)",1650.00,yes,Rubber Tracks,450x86Bx60,Camso SD,,pass,
sis39,SIS39,Heavy Duty Part | SIS39,14.00,no,Undercarriage Parts,,,,review,missing_image
sp02616-03100,SP02616-03100,Heavy Duty Part | SP02616-03100,231.00,yes,Undercarriage Parts,,,,pass,
sp03516-08210,SP03516-08210,Heavy Duty Part | SP03516-08210,164.00,yes,Undercarriage Parts,,,,pass,
sp04216-00100,SP04216-00100,Heavy Duty Part | SP04216-00100,114.00,yes,Undercarriage Parts,,,,pass,
sp04316-10100,SP04316-10100,Heavy Duty Part | SP04316-10100,164.00,yes,Undercarriage Parts,,,,pass,
sp04710-00600,SP04710-00600,Heavy Duty Part | SP04710-00600,164.00,yes,Undercarriage Parts,,,,pass,
sp05616-15100,SP05616-15100,Heavy Duty Part | SP05616-15100,476.00,yes,Undercarriage Parts,,,,pass,
sp06816-00009,SP06816-00009,Heavy Duty Part | SP06816-00009,297.00,yes,Undercarriage Parts,,,,pass,
sp06916-00011,SP06916-00011,Heavy Duty Part | SP06916-00011,333.00,yes,Undercarriage Parts,,,,pass,
sp08801-65010,SP08801-65010,Heavy Duty Part | SP08801-65010,192.00,yes,Undercarriage Parts,,,,pass,
sp08801-66210,SP08801-66210,Heavy Duty Part | SP08801-66210,192.00,yes,Undercarriage Parts,,,,pass,
sp08811-60110,SP08811-60110,Heavy Duty Part | SP08811-60110,209.00,yes,Undercarriage Parts,,,,pass,
sp08821-60010,SP08821-60010,Heavy Duty Part | SP08821-60010,215.00,yes,Undercarriage Parts,,,,pass,
sp099-0219,SP099-0219,Heavy Duty Part | SP099-0219,294.00,yes,Undercarriage Parts,,,,pass,
sp1032265,SP1032265,Heavy Duty Part | SP1032265,148.00,yes,Undercarriage Parts,,,,pass,
sp1033840,SP1033840,Heavy Duty Part | SP1033840,372.00,yes,Undercarriage Parts,,,,pass,
sp130-9326,SP130-9326,Heavy Duty Part | SP130-9326,220.00,yes,Undercarriage Parts,,,,pass,
sp158-4795,SP158-4795,Heavy Duty Part | SP158-4795,169.00,yes,Undercarriage Parts,,,,pass,
sp1r5440,SP1R5440,Heavy Duty Part | SP1R5440,382.00,yes,Undercarriage Parts,,,,pass,
sp2039666,SP2039666,Heavy Duty Part | SP2039666,184.00,yes,Undercarriage Parts,,,,pass,
sp2043505,SP2043505,Heavy Duty Part | SP2043505,173.00,yes,Undercarriage Parts,,,,pass,
sp2050708,SP2050708,Heavy Duty Part | SP2050708,117.00,yes,Undercarriage Parts,,,,pass,
sp2054155,SP2054155,Heavy Duty Part | SP2054155,297.00,yes,Undercarriage Parts,,,,pass,
sp2054262,SP2054262,Heavy Duty Part | SP2054262,116.00,yes,Undercarriage Parts,,,,pass,
sp2054978,SP2054978,Heavy Duty Part | SP2054978,184.00,yes,Undercarriage Parts,,,,pass,
sp2056268,SP2056268,Heavy Duty Part | SP2056268,110.00,yes,Undercarriage Parts,,,,pass,
sp20t-27-71111,SP20T-27-71111,Heavy Duty Part | SP20T-27-71111,164.00,yes,Undercarriage Parts,,,,pass,
sp21w-27-31112,SP21W-27-31112,Heavy Duty Part | SP21W-27-31112,227.00,yes,Undercarriage Parts,,,,pass,
sp2404n267,SP2404N267,Heavy Duty Part | SP2404N267,135.00,yes,Undercarriage Parts,,,,pass,
sp264-5371,SP264-5371,Heavy Duty Part | SP264-5371,254.00,yes,Undercarriage Parts,,,,pass,
sp304-1870,SP304-1870,Heavy Duty Part | SP304-1870,224.00,yes,Undercarriage Parts,,,,pass,
sp304-1916,SP304-1916,Heavy Duty Part | SP304-1916,247.00,yes,Undercarriage Parts,,,,pass,
sp6587308,SP6587308,Heavy Duty Part | SP6587308,123.00,yes,Undercarriage Parts,,,,pass,
sp6715821,SP6715821,Heavy Duty Part | SP6715821,318.00,yes,Undercarriage Parts,,,,pass,
sp6726052,SP6726052,Heavy Duty Part | SP6726052,278.00,yes,Undercarriage Parts,,,,pass,
sp6733211,SP6733211,Heavy Duty Part | SP6733211,167.00,yes,Undercarriage Parts,,,,pass,
sp6736308,SP6736308,Heavy Duty Part | SP6736308,291.00,yes,Undercarriage Parts,,,,pass,
sp6812134,SP6812134,Heavy Duty Part | SP6812134,253.00,yes,Undercarriage Parts,,,,pass,
sp6813372,SP6813372,Heavy Duty Part | SP6813372,134.00,yes,Undercarriage Parts,,,,pass,
sp6816203,SP6816203,Heavy Duty Part | SP6816203,92.00,yes,Undercarriage Parts,,,,pass,
sp6816209,SP6816209,Heavy Duty Part | SP6816209,223.00,yes,Undercarriage Parts,,,,pass,
sp68621-14430,SP68621-14430,Heavy Duty Part | SP68621-14430,123.00,yes,Undercarriage Parts,,,,pass,
sp7107228,SP7107228,Heavy Duty Part | SP7107228,115.00,yes,Undercarriage Parts,,,,pass,
sp7165109,SP7165109,Heavy Duty Part | SP7165109,328.00,yes,Undercarriage Parts,,,,pass,
sp7165111,SP7165111,Heavy Duty Part | SP7165111,334.00,yes,Undercarriage Parts,,,,pass,
sp7166679,SP7166679,Heavy Duty Part | SP7166679,307.00,yes,Undercarriage Parts,,,,pass,
sp7196807,SP7196807,Heavy Duty Part | SP7196807,330.00,yes,Undercarriage Parts,,,,pass,
sp7199006,SP7199006,Heavy Duty Part | SP7199006,134.00,yes,Undercarriage Parts,,,,pass,
sp7199007,SP7199007,Heavy Duty Part | SP7199007,143.00,yes,Undercarriage Parts,,,,pass,
sp7204050,SP7204050,Heavy Duty Part | SP7204050,204.00,yes,Undercarriage Parts,,,,pass,
sp7227421,SP7227421,Heavy Duty Part | SP7227421,307.00,yes,Undercarriage Parts,,,,pass,
sp7270159,SP7270159,Heavy Duty Part | SP7270159,248.00,yes,Undercarriage Parts,,,,pass,
sp87460888,SP87460888,Heavy Duty Part | SP87460888,247.00,yes,Undercarriage Parts,,,,pass,
spadaptert190,SPADAPTERT190,Heavy Duty Part | SPADAPTERT190,41.00,yes,Undercarriage Parts,,,,pass,
spid2641,SPID2641,Heavy Duty Part | SPID2641,243.00,yes,Undercarriage Parts,,,,pass,
spid2711,SPID2711,Heavy Duty Part | SPID2711,228.00,yes,Undercarriage Parts,,,,pass,
sppv51d01001p1,SPPV51D01001P1,Heavy Duty Part | SPPV51D01001P1,159.00,yes,Undercarriage Parts,,,,pass,
sppw53d01001p1,SPPW53D01001P1,Heavy Duty Part | SPPW53D01001P1,194.00,yes,Undercarriage Parts,,,,pass,
spra139-14430,SPRA139-14430,Heavy Duty Part | SPRA139-14430,123.00,yes,Undercarriage Parts,,,,pass,
sprb238-14430,SPRB238-14430,Heavy Duty Part | SPRB238-14430,106.00,yes,Undercarriage Parts,,,,pass,
sprb511-14432,SPRB511-14432,Heavy Duty Part | SPRB511-14432,132.00,yes,Undercarriage Parts,,,,pass,
sprc417-14430,SPRC417-14430,Heavy Duty Part | SPRC417-14430,138.00,yes,Undercarriage Parts,,,,pass,
sprd118-14433,SPRD118-14433,Heavy Duty Part | SPRD118-14433,148.00,yes,Undercarriage Parts,,,,pass,
sprd411-14432,SPRD411-14432,Heavy Duty Part | SPRD411-14432,184.00,yes,Undercarriage Parts,,,,pass,
sprd809-14433,SPRD809-14433,Heavy Duty Part | SPRD809-14433,292.00,yes,Undercarriage Parts,,,,pass,
spt244043,SPT244043,Heavy Duty Part | SPT244043,141.00,yes,Undercarriage Parts,,,,pass,
spt254141,SPT254141,Heavy Duty Part | SPT254141,247.00,yes,Undercarriage Parts,,,,pass,
spt349306,SPT349306,Heavy Duty Part | SPT349306,295.00,yes,Undercarriage Parts,,,,pass,
spv0511-21110,SPV0511-21110,Heavy Duty Part | SPV0511-21110,228.00,yes,Undercarriage Parts,,,,pass,
spv0611-21112,SPV0611-21112,Heavy Duty Part | SPV0611-21112,246.00,yes,Undercarriage Parts,,,,pass,
st101-35-57-300-41l,ST101-35-57-300-41L,"12"" Extreme Duty Steel Track CH101-35-57-41L (300x52.5Nx80)",1187.00,yes,Rubber Tracks,300x52.5Nx80,MX,,pass,
st101-35-57-300-45l,ST101-35-57-300-45L,Extreme Duty Steel Track CH101-35-57-45L,1269.00,no,Rubber Tracks,,MX,,review,missing_image;missing_track_size
st101-45-67-300-44l,ST101-45-67-300-44L,Extreme Duty Steel Track CH101-45-67-44L,1358.00,no,Rubber Tracks,,,,review,missing_image;missing_track_size;missing_tread
st101-45-67-300-45l,ST101-45-67-300-45L,"12"" Extreme Duty Steel Track CH101-45-67-45L (300x52.5x86)",1382.00,yes,Rubber Tracks,300x52.5x86,MX,,pass,
st101-45-67-300-46l,ST101-45-67-300-46L,"12"" Extreme Duty Steel Track CH101-45-67-46L (300x52.5Wx90)",1406.00,yes,Rubber Tracks,300x52.5Wx90,,,review,missing_tread
st101-45-67-350-45l,ST101-45-67-350-45L,"14"" Extreme Duty Steel Track CH101-45-67-45L (350x52.5x86)",1553.00,yes,Rubber Tracks,350x52.5x86,MX,,pass,
st101-45-67-350-46l,ST101-45-67-350-46L,Extreme Duty Steel Track CH101-45-67-46L,1583.00,no,Rubber Tracks,,,,review,missing_image;missing_track_size;missing_tread
st135-41-64-400-38l,ST135-41-64-400-38L,"16"" Extreme Duty Steel Track CH135-41-64-38L (400x72.5Nx72)",1696.00,yes,Rubber Tracks,400x72.5Nx72,MX,,pass,
st135-41-64-400-39l,ST135-41-64-400-39L,"16"" Extreme Duty Steel Track CH135-41-64-39L (400x72.5Nx74)",1737.00,yes,Rubber Tracks,400x72.5Nx74,MX,,pass,
st135-53-80-400-38l,ST135-53-80-400-38L,"16"" Extreme Duty Steel Track CH135-53-80-38L (400x72.5Wx72)",1800.00,yes,Rubber Tracks,400x72.5Wx72,,,review,missing_tread
st135-53-80-400-39l,ST135-53-80-400-39L,"16"" Extreme Duty Steel Track CH135-53-80-39L (400x72.5Wx74)",1846.00,yes,Rubber Tracks,400x72.5Wx74,MX,,pass,
st135-53-80-400-40l,ST135-53-80-400-40L,"16"" Standard Duty Steel Track (400x72.5Wx76)",1886.00,yes,Rubber Tracks,400x72.5Wx76,,,review,missing_tread
st154-45-73-450-1l,ST154-45-73-450-1L,"16"" Extreme Duty Hybrid Track with Rubber Track Pads (400x72.5Wx1)",64.00,yes,Rubber Tracks,400x72.5Wx1,,,review,missing_tread
st154-45-73-450-39l,ST154-45-73-450-39L,"18"" Extreme Duty Steel Track CH154-45-73-39L (450x83.5x72)",2430.00,yes,Rubber Tracks,450x83.5x72,,,review,missing_tread
st154-45-73-450-40l,ST154-45-73-450-40L,"18"" Extreme Duty Steel Track CH154-45-73-40L (450x81.5x76)",2488.00,yes,Rubber Tracks,450x81.5x76,,,review,missing_tread
st154-58-90-450-39l,ST154-58-90-450-39L,"18"" Extreme Duty Steel Track CH154-58-90-39L (450x81Wx76)",2545.00,yes,Rubber Tracks,450x81Wx76,MX,,pass,
st154-58-90-450-40l,ST154-58-90-450-40L,"18"" Extreme Duty Steel Track CH154-58-90-40L (450x81Wx78)",2602.00,yes,Rubber Tracks,450x81Wx78,MX,,pass,
t230x96x31nk,T230X96X31NK,"9"" Camso Heavy Duty MX Pattern Rubber Track (230x96x31)",264.00,yes,Rubber Tracks,230x96x31,MX,,pass,
t2631010165,T2631010165,Heavy Duty Part | T2631010165,327.00,no,Undercarriage Parts,,,,review,missing_image
t2631212165,T2631212165,Heavy Duty Part | T2631212165,362.00,yes,Undercarriage Parts,,,,pass,
ta1606063,TA1606063,Heavy Duty Part | TA1606063,865.00,no,Undercarriage Parts,,,,review,missing_image
ta160606301,TA160606301,Heavy Duty Part | TA160606301,867.00,no,Undercarriage Parts,,,,review,missing_image
ta160606302,TA160606302,Heavy Duty Part | TA160606302,867.00,no,Undercarriage Parts,,,,review,missing_image
ta2075115,TA2075115,Heavy Duty Part | TA2075115,1156.00,no,Undercarriage Parts,,,,review,missing_image
ta207511501,TA207511501,Heavy Duty Part | TA207511501,1058.00,no,Undercarriage Parts,,,,review,missing_image
ta207511502,TA207511502,Heavy Duty Part | TA207511502,1058.00,no,Undercarriage Parts,,,,review,missing_image
tb39,TB39,Heavy Duty Part | TB39,18.00,yes,Undercarriage Parts,,,,pass,
tb39x,TB39x,Heavy Duty Part | TB39x,16.00,no,Undercarriage Parts,,,,review,missing_image
tb43,TB43,Heavy Duty Part | TB43,15.00,yes,Undercarriage Parts,,,,pass,
tb56,TB56,Heavy Duty Part | TB56,22.00,yes,Undercarriage Parts,,,,pass,
tnt160876328xdnm,TNT160876328XDNM,"6"" Extreme Duty Rubber Track - Non Marking (160x87.63x28)",292.00,yes,Rubber Tracks,160x87.63x28,Multi-Bar,,pass,
tnt160876337xdnm,TNT160876337XDNM,"6"" Extreme Duty Multi-Bar Pattern Rubber Track (160x87.63x37)",391.00,no,Rubber Tracks,160x87.63x37,Multi-Bar,,review,missing_image
tnt1807239hd,TNT1807239HD,"7"" Heavy Duty DR Pattern Rubber Track (180x72x39)",181.00,yes,Rubber Tracks,180x72x39,Directional,,pass,
tnt1807239hdc,TNT1807239HDC,"7"" Heavy Duty C Pattern Rubber Track (180x72x39)",181.00,yes,Rubber Tracks,180x72x39,C-Block,,pass,
tnt240876337xd,TNT240876337XD,"9.5"" Extreme Duty Multi-Bar Pattern Rubber Track (240x87.63x37)",435.00,yes,Rubber Tracks,240x87.63x37,Multi-Bar,,pass,
tnt300525w76hd,TNT300525W76HD,"12"" Heavy Duty ND Pattern Rubber Track (300x52.5Wx76)",765.00,yes,Rubber Tracks,300x52.5Wx76,ND,,pass,
tnt300525w78hd,TNT300525W78HD,"12"" Heavy Duty ND Pattern Rubber Track (300x52.5Wx78)",715.00,yes,Rubber Tracks,300x52.5Wx78,ND,,pass,
tnt300525w84hd,TNT300525W84HD,"12"" Heavy Duty Block Pattern Rubber Track (300x52.5Wx84)",760.00,yes,Rubber Tracks,300x52.5Wx84,Staggered Block,,pass,
tnt300525w86hd,TNT300525W86HD,"12"" Heavy Duty ND Pattern Rubber Track (300x52.5Wx86)",775.00,yes,Rubber Tracks,300x52.5Wx86,ND,,pass,
tnt3005380hd,TNT3005380HD,"12"" Heavy Duty MX Pattern Rubber Track (300x53x80)",840.00,yes,Rubber Tracks,300x53x80,MX,,pass,
tnt3205472hd,TNT3205472HD,"13"" Heavy Duty BD Pattern Rubber Track (320x54x72)",745.00,yes,Rubber Tracks,320x54x72,All-Terrain,,pass,
tnt3208446hdbl,TNT3208446HDBL,"13"" Heavy Duty Block Pattern Rubber Track (320x84Bx46)",715.00,yes,Rubber Tracks,320x84Bx46,Staggered Block,,pass,
tnt3208649hdbl,TNT3208649HDBL,"13"" Heavy Duty Block Pattern Rubber Track (320x86Bx49)",725.00,yes,Rubber Tracks,320x86Bx49,Staggered Block,,pass,
tnt3208649hdc,TNT3208649HDC,"13"" Heavy Duty C Pattern Rubber Track (320x86Bx49)",770.00,yes,Rubber Tracks,320x86Bx49,C-Block,,pass,
tnt3208649hdz,TNT3208649HDZ,"13"" Heavy Duty Z Pattern Rubber Track (320x86Bx49)",790.00,yes,Rubber Tracks,320x86Bx49,Z-Max,,pass,
tnt3208650hdbd,TNT3208650HDBD,"13"" Heavy Duty BD Pattern Rubber Track (320x86Bx50)",875.00,yes,Rubber Tracks,320x86Bx50,All-Terrain,,pass,
tnt3208650hdbl,TNT3208650HDBL,"13"" Heavy Duty Block Pattern Rubber Track (320x86Bx50)",755.00,yes,Rubber Tracks,320x86Bx50,Staggered Block,,pass,
tnt3208650hdc,TNT3208650HDC,"13"" Heavy Duty C Pattern Rubber Track (320x86Bx50)",800.00,yes,Rubber Tracks,320x86Bx50,C-Block,,pass,
tnt3208650hdz,TNT3208650HDZ,"13"" Heavy Duty Z Pattern Rubber Track (320x86Bx50)",805.00,yes,Rubber Tracks,320x86Bx50,Z-Max,,pass,
tnt3208652hdc,TNT3208652HDC,"13"" Heavy Duty C Pattern Rubber Track (320x86Bx52)",785.00,yes,Rubber Tracks,320x86Bx52,C-Block,,pass,
tnt3208652hdmb,TNT3208652HDMB,"13"" Heavy Duty Multi-Bar Pattern Rubber Track (320x86Bx52)",785.00,yes,Rubber Tracks,320x86Bx52,Multi-Bar,,pass,
tnt3208652hdz,TNT3208652HDZ,"13"" Heavy Duty Z Pattern Rubber Track (320x86Bx52)",830.00,yes,Rubber Tracks,320x86Bx52,Z-Max,,pass,
tnt3208652hdzb,TNT3208652HDZB,"13"" Heavy Duty ZB Pattern Rubber Track (320x86Bx52)",780.00,yes,Rubber Tracks,320x86Bx52,Zig-Zag,,pass,
tnt3208652sdc,TNT3208652SDC,"13"" Standard Duty C Pattern Rubber Track (320x86Bx52)",775.00,yes,Rubber Tracks,320x86Bx52,C-Block,,pass,
tnt3208653hdbd,TNT3208653HDBD,"13"" Heavy Duty BD Pattern Rubber Track (320x86Bx53)",920.00,yes,Rubber Tracks,320x86Bx53,All-Terrain,,pass,
tnt3208653hdbl,TNT3208653HDBL,"13"" Heavy Duty Block Pattern Rubber Track (320x86Bx53)",775.00,yes,Rubber Tracks,320x86Bx53,Staggered Block,,pass,
tnt3208653hdz,TNT3208653HDZ,"13"" Heavy Duty Z Pattern Rubber Track (320x86Bx53)",840.00,yes,Rubber Tracks,320x86Bx53,Z-Max,,pass,
tnt32086t46hdbl,TNT32086T46HDBL,"13"" Heavy Duty Block Pattern Rubber Track (320x86Tx46)",775.00,yes,Rubber Tracks,320x86Tx46,Staggered Block,,pass,
tnt32086t46sdbl,TNT32086T46SDBL,"13"" Standard Duty Block Pattern Rubber Track (320x86Tx46)",740.00,yes,Rubber Tracks,320x86Tx46,Staggered Block,,pass,
tnt32086t46sdc,TNT32086T46SDC,"13"" Standard Duty C Pattern Rubber Track (320x86Tx46)",740.00,yes,Rubber Tracks,320x86Tx46,C-Block,,pass,
tnt32086t52hdbl,TNT32086T52HDBL,"13"" Heavy Duty Block Pattern Rubber Track (320x86Tx52)",855.00,yes,Rubber Tracks,320x86Tx52,Staggered Block,,pass,
tnt35075574hd,TNT35075574HD,"14"" Heavy Duty MX Pattern Rubber Track (350x75.5x74)",1360.00,yes,Rubber Tracks,350x75.5x74,MX,,pass,
tnt36x13-20hdtl,TNT36X13-20HDTL,14-17.5 Left Mounted Heavy Duty Solid Rubber Tire,1110.00,no,Rubber Tracks,,,,review,missing_image;missing_track_size;missing_tread
tnt36x13-20hdtlbc,TNT36X13-20HDTLBC,14-17.5 Left Mounted Heavy Duty Solid Rubber Tire,1110.00,no,Rubber Tracks,,,,review,missing_image;missing_track_size;missing_tread
tnt36x13-20hdtr,TNT36X13-20HDTR,14-17.5 Right Mounted Heavy Duty Solid Rubber Tire,1110.00,no,Rubber Tracks,,,,review,missing_image;missing_track_size;missing_tread
tnt36x13-20hdtrbc,TNT36X13-20HDTRBC,14-17.5 Right Mounted Heavy Duty Solid Rubber Tire,1110.00,no,Rubber Tracks,,,,review,missing_image;missing_track_size;missing_tread
tnt3808652hdmb,TNT3808652HDMB,"15"" Heavy Duty Multi-Bar Pattern Rubber Track (380x86Bx52)",1010.00,yes,Rubber Tracks,380x86Bx52,Multi-Bar,,pass,
tnt400725n72hd,TNT400725N72HD,"16"" Heavy Duty BD Pattern Rubber Track (400x72.5Nx72)",1280.00,yes,Rubber Tracks,400x72.5Nx72,All-Terrain,,pass,
tnt400725w70hd-a,TNT400725W70HD-A,"16"" Heavy Duty MX Pattern Rubber Track (400x72.5Wx70)",1305.00,yes,Rubber Tracks,400x72.5Wx70,MX,,pass,
tnt400725w72hd,TNT400725W72HD,"16"" Heavy Duty Block Pattern Rubber Track (400x72.5Wx72)",1320.00,yes,Rubber Tracks,400x72.5Wx72,Staggered Block,,pass,
tnt400725w72xd,TNT400725W72XD,"16"" Extreme Duty MX Pattern Rubber Track (400x72.5Wx72)",1510.00,yes,Rubber Tracks,400x72.5Wx72,MX,,pass,
tnt40073y76hd,TNT40073Y76HD,"16"" Heavy Duty DR Pattern Rubber Track (400x73x76)",1620.00,yes,Rubber Tracks,400x73x76,Directional,,pass,
tnt40075574hd,TNT40075574HD,"16"" Heavy Duty MX Pattern Rubber Track (400x75.5x74)",1605.00,yes,Rubber Tracks,400x75.5x74,MX,,pass,
tnt4008649hdbd,TNT4008649HDBD,"16"" Heavy Duty BD Pattern Rubber Track (400x86Bx49)",1030.00,yes,Rubber Tracks,400x86Bx49,All-Terrain,,pass,
tnt4008649hdbl,TNT4008649HDBL,"16"" Heavy Duty Block Pattern Rubber Track (400x86Bx49)",885.00,yes,Rubber Tracks,400x86Bx49,Staggered Block,,pass,
tnt4008649hdz,TNT4008649HDZ,"16"" Heavy Duty Z Pattern Rubber Track (400x86Bx49)",885.00,yes,Rubber Tracks,400x86Bx49,Z-Max,,pass,
tnt4008650hdc,TNT4008650HDC,"16"" Heavy Duty C Pattern Rubber Track (400x86Bx50)",855.00,yes,Rubber Tracks,400x86Bx50,C-Block,,pass,
tnt4008650hdtb,TNT4008650HDTB,"16"" Heavy Duty T-Bar Rubber Track (400x86Bx50)",1045.00,yes,Rubber Tracks,400x86Bx50,T-Bar,,pass,
tnt4008650hdz,TNT4008650HDZ,"16"" Heavy Duty Z Pattern Rubber Track (400x86Bx50)",900.00,yes,Rubber Tracks,400x86Bx50,Z-Max,,pass,
tnt4008652hdbd,TNT4008652HDBD,"16"" Heavy Duty BD Pattern Rubber Track (400x86Bx52)",1085.00,yes,Rubber Tracks,400x86Bx52,All-Terrain,,pass,
tnt4008652hdmb,TNT4008652HDMB,"16"" Heavy Duty Multi-Bar Pattern Rubber Track (400x86Bx52)",990.00,yes,Rubber Tracks,400x86Bx52,Multi-Bar,,pass,
tnt4008652hdtb,TNT4008652HDTB,"16"" Heavy Duty T-Bar Rubber Track (400x86Bx52)",985.00,yes,Rubber Tracks,400x86Bx52,T-Bar,,pass,
tnt4008652hdzb,TNT4008652HDZB,"16"" Heavy Duty ZB Pattern Rubber Track (400x86Bx52)",940.00,yes,Rubber Tracks,400x86Bx52,Zig-Zag,,pass,
tnt4008653hdbd,TNT4008653HDBD,"16"" Heavy Duty BD Pattern Rubber Track (400x86Bx53)",1105.00,yes,Rubber Tracks,400x86Bx53,All-Terrain,,pass,
tnt4008653hdz,TNT4008653HDZ,"16"" Heavy Duty Z Pattern Rubber Track (400x86Bx53)",945.00,yes,Rubber Tracks,400x86Bx53,Z-Max,,pass,
tnt4008654hdbl,TNT4008654HDBL,"16"" Heavy Duty Block Pattern Rubber Track (400x86Bx54)",895.00,yes,Rubber Tracks,400x86Bx54,Staggered Block,,pass,
tnt4008654hdz,TNT4008654HDZ,"16"" Heavy Duty Z Pattern Rubber Track (400x86Bx54)",960.00,yes,Rubber Tracks,400x86Bx54,Z-Max,,pass,
tnt4008655hdbl,TNT4008655HDBL,"16"" Heavy Duty Block Pattern Rubber Track (400x86Bx55)",905.00,yes,Rubber Tracks,400x86Bx55,Staggered Block,,pass,
tnt4008655hdc,TNT4008655HDC,"16"" Heavy Duty C Pattern Rubber Track (400x86Bx55)",930.00,yes,Rubber Tracks,400x86Bx55,C-Block,,pass,
tnt4008655hdmb,TNT4008655HDMB,"16"" Heavy Duty Multi-Bar Pattern Rubber Track (400x86Bx55)",1040.00,yes,Rubber Tracks,400x86Bx55,Multi-Bar,,pass,
tnt4008655hdz,TNT4008655HDZ,"16"" Heavy Duty Z Pattern Rubber Track (400x86Bx55)",975.00,yes,Rubber Tracks,400x86Bx55,Z-Max,,pass,
tnt4008656hdbl,TNT4008656HDBL,"16"" Heavy Duty Block Pattern Rubber Track (400x86Bx56)",920.00,yes,Rubber Tracks,400x86Bx56,Staggered Block,,pass,
tnt4008658hdbl,TNT4008658HDBL,"16"" Heavy Duty Block Pattern Rubber Track (400x86Bx58)",950.00,yes,Rubber Tracks,400x86Bx58,Staggered Block,,pass,
tnt4008660hdbl,TNT4008660HDBL,"16"" Heavy Duty Block Pattern Rubber Track (400x86Bx60)",975.00,yes,Rubber Tracks,400x86Bx60,Staggered Block,,pass,
tnt40086t52hdzb,TNT40086T52HDZB,"16"" Heavy Duty ZB Pattern Rubber Track (400x86Tx52)",990.00,yes,Rubber Tracks,400x86Tx52,Zig-Zag,,pass,
tnt45010048hdsb,TNT45010048HDSB,"18"" Heavy Duty Straight Bar Pattern Rubber Track (450x100x48)",1125.00,yes,Rubber Tracks,450x100x48,Straight Bar,,pass,
tnt45010048sdc,TNT45010048SDC,"18"" Standard Duty C Pattern Rubber Track (450x100x48)",1145.00,yes,Rubber Tracks,450x100x48,C-Block,,pass,
tnt45010050hdbl,TNT45010050HDBL,"18"" Heavy Duty Block Pattern Rubber Track (450x100x50)",1165.00,yes,Rubber Tracks,450x100x50,Staggered Block,,pass,
tnt45010050hdmb,TNT45010050HDMB,"18"" Heavy Duty Multi-Bar Pattern Rubber Track (450x100x50)",1225.00,yes,Rubber Tracks,450x100x50,Multi-Bar,,pass,
tnt45010050sdc,TNT45010050SDC,"18"" Standard Duty C Pattern Rubber Track (450x100x50)",1205.00,yes,Rubber Tracks,450x100x50,C-Block,,pass,
tnt45081w76hd,TNT45081W76HD,"18"" Heavy Duty Block Pattern Rubber Track (450x81Wx76)",1770.00,yes,Rubber Tracks,450x81Wx76,Staggered Block,,pass,
tnt450835y74hd,TNT450835Y74HD,"18"" Heavy Duty OS Pattern Rubber Track (450x83.5Yx74)",2200.00,yes,Rubber Tracks,450x83.5Yx74,OS,,pass,
tnt4508652hdbl,TNT4508652HDBL,"18"" Heavy Duty Block Pattern Rubber Track (450x86Bx52)",1070.00,yes,Rubber Tracks,450x86Bx52,Staggered Block,,pass,
tnt4508652hdc,TNT4508652HDC,"18"" Heavy Duty C Pattern Rubber Track (450x86Bx52)",1110.00,yes,Rubber Tracks,450x86Bx52,C-Block,,pass,
tnt4508652hdmb,TNT4508652HDMB,"18"" Heavy Duty Multi-Bar Pattern Rubber Track (450x86Bx52)",1065.00,yes,Rubber Tracks,450x86Bx52,Multi-Bar,,pass,
tnt4508652hdz,TNT4508652HDZ,"18"" Heavy Duty Z Pattern Rubber Track (450x86Bx52)",1105.00,yes,Rubber Tracks,450x86Bx52,Z-Max,,pass,
tnt4508652sdc,TNT4508652SDC,"18"" Standard Duty C Pattern Rubber Track (450x86Bx52)",1100.00,yes,Rubber Tracks,450x86Bx52,C-Block,,pass,
tnt4508653hdc,TNT4508653HDC,"18"" Heavy Duty C Pattern Rubber Track (450x86Bx53)",1115.00,yes,Rubber Tracks,450x86Bx53,C-Block,,pass,
tnt4508653hdz,TNT4508653HDZ,"18"" Heavy Duty Z Pattern Rubber Track (450x86Bx53)",1120.00,yes,Rubber Tracks,450x86Bx53,Z-Max,,pass,
tnt4508653hdzb,TNT4508653HDZB,"18"" Heavy Duty ZB Pattern Rubber Track (450x86Bx53)",1085.00,yes,Rubber Tracks,450x86Bx53,Zig-Zag,,pass,
tnt4508653sdc,TNT4508653SDC,"18"" Standard Duty C Pattern Rubber Track (450x86Bx53)",1120.00,yes,Rubber Tracks,450x86Bx53,C-Block,,pass,
tnt4508655hdbd,TNT4508655HDBD,"18"" Heavy Duty BD Pattern Rubber Track (450x86Bx55)",1280.00,yes,Rubber Tracks,450x86Bx55,All-Terrain,,pass,
tnt4508655hdbl,TNT4508655HDBL,"18"" Heavy Duty Block Pattern Rubber Track (450x86Bx55)",1120.00,yes,Rubber Tracks,450x86Bx55,Staggered Block,,pass,
tnt4508655hdc,TNT4508655HDC,"18"" Heavy Duty C Pattern Rubber Track (450x86Bx55)",1150.00,yes,Rubber Tracks,450x86Bx55,C-Block,,pass,
tnt4508655hdz,TNT4508655HDZ,"18"" Heavy Duty Z Pattern Rubber Track (450x86Bx55)",1160.00,yes,Rubber Tracks,450x86Bx55,Z-Max,,pass,
tnt4508656hdbd,TNT4508656HDBD,"18"" Heavy Duty BD Pattern Rubber Track (450x86Bx56)",1300.00,yes,Rubber Tracks,450x86Bx56,All-Terrain,,pass,
tnt4508656hdc,TNT4508656HDC,"18"" Heavy Duty C Pattern Rubber Track (450x86Bx56)",1165.00,yes,Rubber Tracks,450x86Bx56,C-Block,,pass,
tnt4508656hdmb,TNT4508656HDMB,"18"" Heavy Duty Multi-Bar Pattern Rubber Track (450x86Bx56)",1135.00,yes,Rubber Tracks,450x86Bx56,Multi-Bar,,pass,
tnt4508656hdxt,TNT4508656HDXT,"18"" Heavy Duty XT Pattern Rubber Track (450x86Bx56)",1165.00,yes,Rubber Tracks,450x86Bx56,X-Terrain,,pass,
tnt4508656sdbl,TNT4508656SDBL,"18"" Standard Duty Block Pattern Rubber Track (450x86Bx56)",1140.00,yes,Rubber Tracks,450x86Bx56,Staggered Block,,pass,
tnt4508656sdc,TNT4508656SDC,"18"" Standard Duty C Pattern Rubber Track (450x86Bx56)",1175.00,yes,Rubber Tracks,450x86Bx56,C-Block,,pass,
tnt4508658hdbd,TNT4508658HDBD,"18"" Heavy Duty BD Pattern Rubber Track (450x86Bx58)",1345.00,yes,Rubber Tracks,450x86Bx58,All-Terrain,,pass,
tnt4508658hdc,TNT4508658HDC,"18"" Heavy Duty C Pattern Rubber Track (450x86Bx58)",1235.00,yes,Rubber Tracks,450x86Bx58,C-Block,,pass,
tnt4508660hdbd,TNT4508660HDBD,"18"" Heavy Duty BD Pattern Rubber Track (450x86Bx60)",1385.00,yes,Rubber Tracks,450x86Bx60,All-Terrain,,pass,
tnt4508660hdbl,TNT4508660HDBL,"18"" Heavy Duty Block Pattern Rubber Track (450x86Bx60)",1210.00,yes,Rubber Tracks,450x86Bx60,Staggered Block,,pass,
tnt4508660hdz,TNT4508660HDZ,"18"" Heavy Duty Z Pattern Rubber Track (450x86Bx60)",1250.00,yes,Rubber Tracks,450x86Bx60,Z-Max,,pass,
tnt4508660sdc,TNT4508660SDC,"18"" Standard Duty C Pattern Rubber Track (450x86Bx60)",1225.00,yes,Rubber Tracks,450x86Bx60,C-Block,,pass,
tnt4508663hdz,TNT4508663HDZ,"18"" Heavy Duty Z Pattern Rubber Track (450x86Bx63)",1305.00,yes,Rubber Tracks,450x86Bx63,Z-Max,,pass,
tnt4508663hdzb,TNT4508663HDZB,"18"" Heavy Duty ZB Pattern Rubber Track (450x86Bx63)",1250.00,yes,Rubber Tracks,450x86Bx63,Zig-Zag,,pass,
tntpr1016512,TNTPR1016512,10x16.5 (10-16.5) 12-Ply Skid Steer Heavy Duty Tire,253.00,no,Rubber Tracks,,,,review,missing_image;missing_track_size;missing_tread
tntpr10165stdblkl,TNTPR10165STDBLKL,10x16.5 (10-16.5) 12-Ply Skid Steer Heavy Duty Tire Mounted on Rims,387.00,no,Rubber Tracks,,L5,,review,missing_image;missing_track_size
tntpr10165stdblkr,TNTPR10165STDBLKR,10x16.5 (10-16.5) 12-Ply Skid Steer Heavy Duty Tire Mounted on Rims,387.00,no,Rubber Tracks,,L5,,review,missing_image;missing_track_size
tntpr1216514,TNTPR1216514,12x16.5 (12-16.5) 14-Ply Skid Steer Heavy Duty Tire,304.00,no,Rubber Tracks,,,,review,missing_image;missing_track_size;missing_tread
tntpr12165stdblkl,TNTPR12165STDBLKL,12x16.5 (12-16.5) 14-Ply Skid Steer Heavy Duty Tire Mounted on Rims,445.00,no,Rubber Tracks,,L5,,review,missing_image;missing_track_size
tntpr12165stdblkr,TNTPR12165STDBLKR,12x16.5 (12-16.5) 14-Ply Skid Steer Heavy Duty Tire Mounted on Rims,445.00,no,Rubber Tracks,,L5,,review,missing_image;missing_track_size
tntpr12165wdblkl,TNTPR12165WDBLKL,12x16.5 (12-16.5) 14-Ply Skid Steer Heavy Duty Tire Mounted on Rims,445.00,no,Rubber Tracks,,L5,,review,missing_image;missing_track_size
tntpr12165wdblkr,TNTPR12165WDBLKR,12x16.5 (12-16.5) 14-Ply Skid Steer Heavy Duty Tire Mounted on Rims,445.00,no,Rubber Tracks,,L5,,review,missing_image;missing_track_size
tr03313-06100,TR03313-06100,Heavy Duty Part | TR03313-06100,113.00,yes,Undercarriage Parts,,,,pass,
tr03913-02100,TR03913-02100,Heavy Duty Part | TR03913-02100,132.00,yes,Undercarriage Parts,,,,pass,
tr04313-00500,TR04313-00500,Heavy Duty Part | TR04313-00500,123.00,yes,Undercarriage Parts,,,,pass,
tr04313-11100,TR04313-11100,Heavy Duty Part | TR04313-11100,132.00,yes,Undercarriage Parts,,,,pass,
tr05613-07100,TR05613-07100,Heavy Duty Part | TR05613-07100,189.00,yes,Undercarriage Parts,,,,pass,
tr06813-00027,TR06813-00027,Heavy Duty Part | TR06813-00027,324.00,yes,Undercarriage Parts,,,,pass,
tr06913-00016,TR06913-00016,Heavy Duty Part | TR06913-00016,415.00,yes,Undercarriage Parts,,,,pass,
tr08801-30000,TR08801-30000,Heavy Duty Part | TR08801-30000,263.00,yes,Undercarriage Parts,,,,pass,
tr08811-30500,TR08811-30500,Heavy Duty Part | TR08811-30500,266.00,yes,Undercarriage Parts,,,,pass,
tr127-3806,TR127-3806,Heavy Duty Part | TR127-3806,142.00,yes,Undercarriage Parts,,,,pass,
tr127-3807,TR127-3807,Heavy Duty Part | TR127-3807,156.00,yes,Undercarriage Parts,,,,pass,
tr139-6261,TR139-6261,Heavy Duty Part | TR139-6261,94.00,yes,Undercarriage Parts,,,,pass,
tr185-7280,TR185-7280,Heavy Duty Part | TR185-7280,106.00,yes,Undercarriage Parts,,,,pass,
tr201-30-00062,TR201-30-00062,Heavy Duty Part | TR201-30-00062,171.00,yes,Undercarriage Parts,,,,pass,
tr201-30-00291,TR201-30-00291,Heavy Duty Part | TR201-30-00291,164.00,yes,Undercarriage Parts,,,,pass,
tr20m-30-31301,TR20M-30-31301,Heavy Duty Part | TR20M-30-31301,150.00,yes,Undercarriage Parts,,,,pass,
tr20t-30-00070,TR20T-30-00070,Heavy Duty Part | TR20T-30-00070,142.00,yes,Undercarriage Parts,,,,pass,
tr20t-30-00071,TR20T-30-00071,Heavy Duty Part | TR20T-30-00071,129.00,yes,Undercarriage Parts,,,,pass,
tr21w-30-00021,TR21W-30-00021,Heavy Duty Part | TR21W-30-00021,148.00,yes,Undercarriage Parts,,,,pass,
tr265-7674,TR265-7674,Heavy Duty Part | TR265-7674,160.00,yes,Undercarriage Parts,,,,pass,
tr266-8793,TR266-8793,Heavy Duty Part | TR266-8793,98.00,yes,Undercarriage Parts,,,,pass,
tr304-1890,TR304-1890,Heavy Duty Part | TR304-1890,290.00,yes,Undercarriage Parts,,,,pass,
tr340-8957,TR340-8957,Heavy Duty Part | TR340-8957,108.00,yes,Undercarriage Parts,,,,pass,
tr37b-22-11860,TR37B-22-11860,Heavy Duty Part | TR37B-22-11860,205.00,yes,Undercarriage Parts,,,,pass,
tr420-9801,TR420-9801,Heavy Duty Part | TR420-9801,314.00,yes,Undercarriage Parts,,,,pass,
tr4340393,TR4340393,Heavy Duty Part | TR4340393,121.00,yes,Undercarriage Parts,,,,pass,
tr4340535,TR4340535,Heavy Duty Part | TR4340535,114.00,yes,Undercarriage Parts,,,,pass,
tr4357785,TR4357785,Heavy Duty Part | TR4357785,138.00,yes,Undercarriage Parts,,,,pass,
tr4671711,TR4671711,Heavy Duty Part | TR4671711,160.00,yes,Undercarriage Parts,,,,pass,
tr6689371,TR6689371,Heavy Duty Part | TR6689371,250.00,yes,Undercarriage Parts,,,,pass,
tr6693239,TR6693239,Heavy Duty Part | TR6693239,294.00,yes,Undercarriage Parts,,,,pass,
tr6698047,TR6698047,Heavy Duty Part | TR6698047,270.00,yes,Undercarriage Parts,,,,pass,
tr6732901b,TR6732901B,Heavy Duty Part | TR6732901B,250.00,yes,Undercarriage Parts,,,,pass,
tr6814886am,TR6814886AM,Heavy Duty Part | TR6814886AM,177.00,yes,Undercarriage Parts,,,,pass,
tr6814890,TR6814890,Heavy Duty Part | TR6814890,188.00,yes,Undercarriage Parts,,,,pass,
tr7004933,TR7004933,Heavy Duty Part | TR7004933,164.00,yes,Undercarriage Parts,,,,pass,
tr7013575,TR7013575,Heavy Duty Part | TR7013575,130.00,yes,Undercarriage Parts,,,,pass,
tr7013577,TR7013577,Heavy Duty Part | TR7013577,154.00,yes,Undercarriage Parts,,,,pass,
tr7013577s,TR7013577S,Heavy Duty Part | TR7013577S,206.00,yes,Undercarriage Parts,,,,pass,
tr7019167,TR7019167,Heavy Duty Part | TR7019167,122.00,yes,Undercarriage Parts,,,,pass,
tr7109409,TR7109409,Heavy Duty Part | TR7109409,90.00,yes,Undercarriage Parts,,,,pass,
tr7136983,TR7136983,Heavy Duty Part | TR7136983,176.00,yes,Undercarriage Parts,,,,pass,
tr7165324,TR7165324,Heavy Duty Part | TR7165324,178.00,yes,Undercarriage Parts,,,,pass,
tr7201400,TR7201400,Heavy Duty Part | TR7201400,235.00,yes,Undercarriage Parts,,,,pass,
tr7233399,TR7233399,Heavy Duty Part | TR7233399,286.00,yes,Undercarriage Parts,,,,pass,
tr7257870,TR7257870,Heavy Duty Part | TR7257870,142.00,yes,Undercarriage Parts,,,,pass,
tr7323310,TR7323310,Heavy Duty Part | TR7323310,266.00,yes,Undercarriage Parts,,,,pass,
tr772450-37300,TR772450-37300,Heavy Duty Part | TR772450-37300,102.00,yes,Undercarriage Parts,,,,pass,
tr87535297,TR87535297,Heavy Duty Part | TR87535297,282.00,yes,Undercarriage Parts,,,,pass,
tr9239528,TR9239528,Heavy Duty Part | TR9239528,138.00,yes,Undercarriage Parts,,,,pass,
tr9239528s,TR9239528S,Heavy Duty Part | TR9239528S,63.00,yes,Undercarriage Parts,,,,pass,
trid2802,TRID2802,Heavy Duty Part | TRID2802,286.00,yes,Undercarriage Parts,,,,pass,
trkm1273,TRKM1273,Heavy Duty Part | TRKM1273,110.00,yes,Undercarriage Parts,,,,pass,
trkm1690,TRKM1690,Heavy Duty Part | TRKM1690,133.00,yes,Undercarriage Parts,,,,pass,
trkm1690-a,TRKM1690-A,Heavy Duty Part | TRKM1690-A,126.00,yes,Undercarriage Parts,,,,pass,
trlk328,TRLK328,Heavy Duty Part | TRLK328,140.00,yes,Undercarriage Parts,,,,pass,
trmu5178,TRMU5178,Heavy Duty Part | TRMU5178,160.00,yes,Undercarriage Parts,,,,pass,
trpy64d00002f3,TRPY64D00002F3,Heavy Duty Part | TRPY64D00002F3,140.00,yes,Undercarriage Parts,,,,pass,
trra231-21700,TRRA231-21700,Heavy Duty Part | TRRA231-21700,118.00,yes,Undercarriage Parts,,,,pass,
trrb511-21702,TRRB511-21702,Heavy Duty Part | TRRB511-21702,142.00,yes,Undercarriage Parts,,,,pass,
trrc788-21700,TRRC788-21700,Heavy Duty Part | TRRC788-21700,142.00,yes,Undercarriage Parts,,,,pass,
trrd118-21700,TRRD118-21700,Heavy Duty Part | TRRD118-21700,130.00,yes,Undercarriage Parts,,,,pass,
trrd201-21700,TRRD201-21700,Heavy Duty Part | TRRD201-21700,136.00,yes,Undercarriage Parts,,,,pass,
trrd411-21700,TRRD411-21700,Heavy Duty Part | TRRD411-21700,130.00,yes,Undercarriage Parts,,,,pass,
trrd411-21703,TRRD411-21703,Heavy Duty Part | TRRD411-21703,120.00,yes,Undercarriage Parts,,,,pass,
trrd441-21702,TRRD441-21702,Heavy Duty Part | TRRD441-21702,95.00,yes,Undercarriage Parts,,,,pass,
trrd809-21703,TRRD809-21703,Heavy Duty Part | TRRD809-21703,152.00,yes,Undercarriage Parts,,,,pass,
trrg158-21700,TRRG158-21700,Heavy Duty Part | TRRG158-21700,126.00,yes,Undercarriage Parts,,,,pass,
trv0511-25104,TRV0511-25104,Heavy Duty Part | TRV0511-25104,282.00,yes,Undercarriage Parts,,,,pass,
trv0531-25102,TRV0531-25102,Heavy Duty Part | TRV0531-25102,282.00,yes,Undercarriage Parts,,,,pass,
v6587308v,V6587308V,Heavy Duty Part | V6587308V,146.00,yes,Undercarriage Parts,,,,pass,
xd1016510,XD1016510,Heavy Duty Part | XD1016510,204.00,no,Undercarriage Parts,,,,review,missing_image
xd1216512,XD1216512,Heavy Duty Part | XD1216512,269.00,no,Undercarriage Parts,,,,review,missing_image
xd1417514,XD1417514,Heavy Duty Part | XD1417514,446.00,no,Undercarriage Parts,,,,review,missing_image
xw700156,XW700156,Heavy Duty Part | XW700156,156.00,no,Undercarriage Parts,,,,review,missing_image
