source_url,detected_entity_type,detected_ref,reason,source_system
https://tcykyktvdlsbscrsbjyt.supabase.co/storage/v1/object/public/catalog-images/300x52.5Nx82-directional-01.webp,track_size,300x52.5Nx82,catalog_images row has no v2 track_size_id or product match,production.catalog_images
https://tcykyktvdlsbscrsbjyt.supabase.co/storage/v1/object/public/catalog-images/300x52.5Nx82-directional-02.webp,track_size,300x52.5Nx82,catalog_images row has no v2 track_size_id or product match,production.catalog_images
https://tcykyktvdlsbscrsbjyt.supabase.co/storage/v1/object/public/catalog-images/300x52.5Nx82-directional-03.webp,track_size,300x52.5Nx82,catalog_images row has no v2 track_size_id or product match,production.catalog_images
https://tcykyktvdlsbscrsbjyt.supabase.co/storage/v1/object/public/catalog-images/300x52.5Nx82-directional-04.webp,track_size,300x52.5Nx82,catalog_images row has no v2 track_size_id or product match,production.catalog_images
https://tcykyktvdlsbscrsbjyt.supabase.co/storage/v1/object/public/catalog-images/300x52.5Nx88-directional-01.webp,track_size,300x52.5Nx88,catalog_images row has no v2 track_size_id or product match,production.catalog_images
https://tcykyktvdlsbscrsbjyt.supabase.co/storage/v1/object/public/catalog-images/300x52.5Nx88-directional-02.webp,track_size,300x52.5Nx88,catalog_images row has no v2 track_size_id or product match,production.catalog_images
https://tcykyktvdlsbscrsbjyt.supabase.co/storage/v1/object/public/catalog-images/300x52.5Nx88-directional-03.webp,track_size,300x52.5Nx88,catalog_images row has no v2 track_size_id or product match,production.catalog_images
https://tcykyktvdlsbscrsbjyt.supabase.co/storage/v1/object/public/catalog-images/300x52.5KWx86-directional-03.webp,track_size,300x52.5KWx86,catalog_images row has no v2 track_size_id or product match,production.catalog_images
https://tcykyktvdlsbscrsbjyt.supabase.co/storage/v1/object/public/catalog-images/300x52.5Nx88-directional-04.webp,track_size,300x52.5Nx88,catalog_images row has no v2 track_size_id or product match,production.catalog_images
https://tcykyktvdlsbscrsbjyt.supabase.co/storage/v1/object/public/catalog-images/300x52.5Wx74-block-01.webp,track_size,300x52.5Wx74,catalog_images row has no v2 track_size_id or product match,production.catalog_images
https://tcykyktvdlsbscrsbjyt.supabase.co/storage/v1/object/public/catalog-images/300x52.5Wx74-block-02.webp,track_size,300x52.5Wx74,catalog_images row has no v2 track_size_id or product match,production.catalog_images
https://tcykyktvdlsbscrsbjyt.supabase.co/storage/v1/object/public/catalog-images/300x52.5Wx74-block-03.webp,track_size,300x52.5Wx74,catalog_images row has no v2 track_size_id or product match,production.catalog_images
https://tcykyktvdlsbscrsbjyt.supabase.co/storage/v1/object/public/catalog-images/300x52.5Wx74-block-04.webp,track_size,300x52.5Wx74,catalog_images row has no v2 track_size_id or product match,production.catalog_images
https://tcykyktvdlsbscrsbjyt.supabase.co/storage/v1/object/public/catalog-images/300x52.5x74-mx-01.webp,track_size,300x52.5x74,catalog_images row has no v2 track_size_id or product match,production.catalog_images
https://tcykyktvdlsbscrsbjyt.supabase.co/storage/v1/object/public/catalog-images/300x52.5x74-mx-02.webp,track_size,300x52.5x74,catalog_images row has no v2 track_size_id or product match,production.catalog_images
https://tcykyktvdlsbscrsbjyt.supabase.co/storage/v1/object/public/catalog-images/300x52.5x74-mx-03.webp,track_size,300x52.5x74,catalog_images row has no v2 track_size_id or product match,production.catalog_images
https://tcykyktvdlsbscrsbjyt.supabase.co/storage/v1/object/public/catalog-images/300x52.5x74-mx-04.webp,track_size,300x52.5x74,catalog_images row has no v2 track_size_id or product match,production.catalog_images
https://tcykyktvdlsbscrsbjyt.supabase.co/storage/v1/object/public/catalog-images/300x52.5x76-mx-01.webp,track_size,300x52.5x76,catalog_images row has no v2 track_size_id or product match,production.catalog_images
https://tcykyktvdlsbscrsbjyt.supabase.co/storage/v1/object/public/catalog-images/300x52.5x76-mx-02.webp,track_size,300x52.5x76,catalog_images row has no v2 track_size_id or product match,production.catalog_images
https://tcykyktvdlsbscrsbjyt.supabase.co/storage/v1/object/public/catalog-images/300x52.5x76-mx-03.webp,track_size,300x52.5x76,catalog_images row has no v2 track_size_id or product match,production.catalog_images
https://tcykyktvdlsbscrsbjyt.supabase.co/storage/v1/object/public/catalog-images/300x52.5x76-mx-04.webp,track_size,300x52.5x76,catalog_images row has no v2 track_size_id or product match,production.catalog_images
https://tcykyktvdlsbscrsbjyt.supabase.co/storage/v1/object/public/catalog-images/300x52.5x78-mx-01.webp,track_size,300x52.5x78,catalog_images row has no v2 track_size_id or product match,production.catalog_images
https://tcykyktvdlsbscrsbjyt.supabase.co/storage/v1/object/public/catalog-images/300x52.5x78-mx-02.webp,track_size,300x52.5x78,catalog_images row has no v2 track_size_id or product match,production.catalog_images
https://tcykyktvdlsbscrsbjyt.supabase.co/storage/v1/object/public/catalog-images/300x52.5x78-mx-03.webp,track_size,300x52.5x78,catalog_images row has no v2 track_size_id or product match,production.catalog_images
https://tcykyktvdlsbscrsbjyt.supabase.co/storage/v1/object/public/catalog-images/300x52.5x78-mx-04.webp,track_size,300x52.5x78,catalog_images row has no v2 track_size_id or product match,production.catalog_images
https://tcykyktvdlsbscrsbjyt.supabase.co/storage/v1/object/public/catalog-images/300x52.5x80-mx-01.webp,track_size,300x52.5x80,catalog_images row has no v2 track_size_id or product match,production.catalog_images
https://tcykyktvdlsbscrsbjyt.supabase.co/storage/v1/object/public/catalog-images/300x52.5x80-mx-02.webp,track_size,300x52.5x80,catalog_images row has no v2 track_size_id or product match,production.catalog_images
https://tcykyktvdlsbscrsbjyt.supabase.co/storage/v1/object/public/catalog-images/300x52.5x80-mx-03.webp,track_size,300x52.5x80,catalog_images row has no v2 track_size_id or product match,production.catalog_images
https://tcykyktvdlsbscrsbjyt.supabase.co/storage/v1/object/public/catalog-images/300x52.5x80-mx-04.webp,track_size,300x52.5x80,catalog_images row has no v2 track_size_id or product match,production.catalog_images
https://tcykyktvdlsbscrsbjyt.supabase.co/storage/v1/object/public/catalog-images/300x52.5x84-mx-01.webp,track_size,300x52.5x84,catalog_images row has no v2 track_size_id or product match,production.catalog_images
https://tcykyktvdlsbscrsbjyt.supabase.co/storage/v1/object/public/catalog-images/300x52.5x84-mx-02.webp,track_size,300x52.5x84,catalog_images row has no v2 track_size_id or product match,production.catalog_images
https://tcykyktvdlsbscrsbjyt.supabase.co/storage/v1/object/public/catalog-images/300x52.5x84-mx-03.webp,track_size,300x52.5x84,catalog_images row has no v2 track_size_id or product match,production.catalog_images
https://tcykyktvdlsbscrsbjyt.supabase.co/storage/v1/object/public/catalog-images/300x52.5x84-mx-04.webp,track_size,300x52.5x84,catalog_images row has no v2 track_size_id or product match,production.catalog_images
https://tcykyktvdlsbscrsbjyt.supabase.co/storage/v1/object/public/catalog-images/300x52.5x88-mx-01.webp,track_size,300x52.5x88,catalog_images row has no v2 track_size_id or product match,production.catalog_images
https://tcykyktvdlsbscrsbjyt.supabase.co/storage/v1/object/public/catalog-images/300x52.5x88-mx-02.webp,track_size,300x52.5x88,catalog_images row has no v2 track_size_id or product match,production.catalog_images
https://tcykyktvdlsbscrsbjyt.supabase.co/storage/v1/object/public/catalog-images/300x52.5x88-mx-03.webp,track_size,300x52.5x88,catalog_images row has no v2 track_size_id or product match,production.catalog_images
https://tcykyktvdlsbscrsbjyt.supabase.co/storage/v1/object/public/catalog-images/300x52.5x88-mx-04.webp,track_size,300x52.5x88,catalog_images row has no v2 track_size_id or product match,production.catalog_images
https://tcykyktvdlsbscrsbjyt.supabase.co/storage/v1/object/public/catalog-images/300x52.5x90-directional-01.webp,track_size,300x52.5x90,catalog_images row has no v2 track_size_id or product match,production.catalog_images
https://tcykyktvdlsbscrsbjyt.supabase.co/storage/v1/object/public/catalog-images/300x52.5x90-directional-02.webp,track_size,300x52.5x90,catalog_images row has no v2 track_size_id or product match,production.catalog_images
https://tcykyktvdlsbscrsbjyt.supabase.co/storage/v1/object/public/catalog-images/300x52.5x90-directional-03.webp,track_size,300x52.5x90,catalog_images row has no v2 track_size_id or product match,production.catalog_images
https://tcykyktvdlsbscrsbjyt.supabase.co/storage/v1/object/public/catalog-images/300x52.5x90-directional-04.webp,track_size,300x52.5x90,catalog_images row has no v2 track_size_id or product match,production.catalog_images
https://tcykyktvdlsbscrsbjyt.supabase.co/storage/v1/object/public/catalog-images/300x52.5x90-mx-01.webp,track_size,300x52.5x90,catalog_images row has no v2 track_size_id or product match,production.catalog_images
https://tcykyktvdlsbscrsbjyt.supabase.co/storage/v1/object/public/catalog-images/300x52.5x90-mx-02.webp,track_size,300x52.5x90,catalog_images row has no v2 track_size_id or product match,production.catalog_images
https://tcykyktvdlsbscrsbjyt.supabase.co/storage/v1/object/public/catalog-images/300x52.5x90-mx-03.webp,track_size,300x52.5x90,catalog_images row has no v2 track_size_id or product match,production.catalog_images
https://tcykyktvdlsbscrsbjyt.supabase.co/storage/v1/object/public/catalog-images/300x52.5x90-mx-04.webp,track_size,300x52.5x90,catalog_images row has no v2 track_size_id or product match,production.catalog_images
https://tcykyktvdlsbscrsbjyt.supabase.co/storage/v1/object/public/catalog-images/300x55x82-offset-block-01.webp,track_size,300x55x82,catalog_images row has no v2 track_size_id or product match,production.catalog_images
https://tcykyktvdlsbscrsbjyt.supabase.co/storage/v1/object/public/catalog-images/300x55x82-offset-block-02.webp,track_size,300x55x82,catalog_images row has no v2 track_size_id or product match,production.catalog_images
https://tcykyktvdlsbscrsbjyt.supabase.co/storage/v1/object/public/catalog-images/300x55x82-offset-block-03.webp,track_size,300x55x82,catalog_images row has no v2 track_size_id or product match,production.catalog_images
https://tcykyktvdlsbscrsbjyt.supabase.co/storage/v1/object/public/catalog-images/300x55x82-offset-block-04.webp,track_size,300x55x82,catalog_images row has no v2 track_size_id or product match,production.catalog_images
https://tcykyktvdlsbscrsbjyt.supabase.co/storage/v1/object/public/catalog-images/381x101.6x42-multi-bar-01.webp,track_size,381x101.6x42,catalog_images row has no v2 track_size_id or product match,production.catalog_images
https://tcykyktvdlsbscrsbjyt.supabase.co/storage/v1/object/public/catalog-images/381x101.6x42-multi-bar-02.webp,track_size,381x101.6x42,catalog_images row has no v2 track_size_id or product match,production.catalog_images
https://tcykyktvdlsbscrsbjyt.supabase.co/storage/v1/object/public/catalog-images/381x101.6x42-multi-bar-03.webp,track_size,381x101.6x42,catalog_images row has no v2 track_size_id or product match,production.catalog_images
https://tcykyktvdlsbscrsbjyt.supabase.co/storage/v1/object/public/catalog-images/400x72.5Wx67-directional-01.webp,track_size,400x72.5Wx67,catalog_images row has no v2 track_size_id or product match,production.catalog_images
https://tcykyktvdlsbscrsbjyt.supabase.co/storage/v1/object/public/catalog-images/400x72.5Wx67-directional-02.webp,track_size,400x72.5Wx67,catalog_images row has no v2 track_size_id or product match,production.catalog_images
https://tcykyktvdlsbscrsbjyt.supabase.co/storage/v1/object/public/catalog-images/400x72.5Wx67-directional-03.webp,track_size,400x72.5Wx67,catalog_images row has no v2 track_size_id or product match,production.catalog_images
https://tcykyktvdlsbscrsbjyt.supabase.co/storage/v1/object/public/catalog-images/400x72.5Wx67-directional-04.webp,track_size,400x72.5Wx67,catalog_images row has no v2 track_size_id or product match,production.catalog_images
https://tcykyktvdlsbscrsbjyt.supabase.co/storage/v1/object/public/catalog-images/400x72.5x70-mx-01.webp,track_size,400x72.5x70,catalog_images row has no v2 track_size_id or product match,production.catalog_images
https://tcykyktvdlsbscrsbjyt.supabase.co/storage/v1/object/public/catalog-images/400x72.5x70-mx-02.webp,track_size,400x72.5x70,catalog_images row has no v2 track_size_id or product match,production.catalog_images
https://tcykyktvdlsbscrsbjyt.supabase.co/storage/v1/object/public/catalog-images/400x72.5x70-mx-03.webp,track_size,400x72.5x70,catalog_images row has no v2 track_size_id or product match,production.catalog_images
https://tcykyktvdlsbscrsbjyt.supabase.co/storage/v1/object/public/catalog-images/400x72.5x70-mx-04.webp,track_size,400x72.5x70,catalog_images row has no v2 track_size_id or product match,production.catalog_images
https://tcykyktvdlsbscrsbjyt.supabase.co/storage/v1/object/public/catalog-images/400x72.5x72-mx-01.webp,track_size,400x72.5x72,catalog_images row has no v2 track_size_id or product match,production.catalog_images
https://tcykyktvdlsbscrsbjyt.supabase.co/storage/v1/object/public/catalog-images/400x72.5x72-mx-02.webp,track_size,400x72.5x72,catalog_images row has no v2 track_size_id or product match,production.catalog_images
https://tcykyktvdlsbscrsbjyt.supabase.co/storage/v1/object/public/catalog-images/400x72.5x72-mx-03.webp,track_size,400x72.5x72,catalog_images row has no v2 track_size_id or product match,production.catalog_images
https://tcykyktvdlsbscrsbjyt.supabase.co/storage/v1/object/public/catalog-images/400x72.5x72-mx-04.webp,track_size,400x72.5x72,catalog_images row has no v2 track_size_id or product match,production.catalog_images
https://tcykyktvdlsbscrsbjyt.supabase.co/storage/v1/object/public/catalog-images/400x72.5x74-mx-01.webp,track_size,400x72.5x74,catalog_images row has no v2 track_size_id or product match,production.catalog_images
https://tcykyktvdlsbscrsbjyt.supabase.co/storage/v1/object/public/catalog-images/400x72.5x74-mx-02.webp,track_size,400x72.5x74,catalog_images row has no v2 track_size_id or product match,production.catalog_images
https://tcykyktvdlsbscrsbjyt.supabase.co/storage/v1/object/public/catalog-images/400x72.5x74-mx-03.webp,track_size,400x72.5x74,catalog_images row has no v2 track_size_id or product match,production.catalog_images
https://tcykyktvdlsbscrsbjyt.supabase.co/storage/v1/object/public/catalog-images/400x72.5x74-mx-04.webp,track_size,400x72.5x74,catalog_images row has no v2 track_size_id or product match,production.catalog_images
https://tcykyktvdlsbscrsbjyt.supabase.co/storage/v1/object/public/catalog-images/400x72.5x76-directional-01.webp,track_size,400x72.5x76,catalog_images row has no v2 track_size_id or product match,production.catalog_images
https://tcykyktvdlsbscrsbjyt.supabase.co/storage/v1/object/public/catalog-images/400x72.5x76-directional-02.webp,track_size,400x72.5x76,catalog_images row has no v2 track_size_id or product match,production.catalog_images
https://tcykyktvdlsbscrsbjyt.supabase.co/storage/v1/object/public/catalog-images/400x72.5x76-directional-03.webp,track_size,400x72.5x76,catalog_images row has no v2 track_size_id or product match,production.catalog_images
https://tcykyktvdlsbscrsbjyt.supabase.co/storage/v1/object/public/catalog-images/400x72.5x76-directional-04.webp,track_size,400x72.5x76,catalog_images row has no v2 track_size_id or product match,production.catalog_images
https://tcykyktvdlsbscrsbjyt.supabase.co/storage/v1/object/public/catalog-images/450x81x76-directional-01.webp,track_size,450x81x76,catalog_images row has no v2 track_size_id or product match,production.catalog_images
https://tcykyktvdlsbscrsbjyt.supabase.co/storage/v1/object/public/catalog-images/450x81x76-directional-02.webp,track_size,450x81x76,catalog_images row has no v2 track_size_id or product match,production.catalog_images
https://tcykyktvdlsbscrsbjyt.supabase.co/storage/v1/object/public/catalog-images/450x81x76-directional-03.webp,track_size,450x81x76,catalog_images row has no v2 track_size_id or product match,production.catalog_images
https://tcykyktvdlsbscrsbjyt.supabase.co/storage/v1/object/public/catalog-images/450x81x76-directional-04.webp,track_size,450x81x76,catalog_images row has no v2 track_size_id or product match,production.catalog_images
https://tcykyktvdlsbscrsbjyt.supabase.co/storage/v1/object/public/catalog-images/450x81x76-mx-01.webp,track_size,450x81x76,catalog_images row has no v2 track_size_id or product match,production.catalog_images
https://tcykyktvdlsbscrsbjyt.supabase.co/storage/v1/object/public/catalog-images/450x81x76-mx-02.webp,track_size,450x81x76,catalog_images row has no v2 track_size_id or product match,production.catalog_images
https://tcykyktvdlsbscrsbjyt.supabase.co/storage/v1/object/public/catalog-images/450x81x76-mx-03.webp,track_size,450x81x76,catalog_images row has no v2 track_size_id or product match,production.catalog_images
https://tcykyktvdlsbscrsbjyt.supabase.co/storage/v1/object/public/catalog-images/450x81x76-mx-04.webp,track_size,450x81x76,catalog_images row has no v2 track_size_id or product match,production.catalog_images
https://tcykyktvdlsbscrsbjyt.supabase.co/storage/v1/object/public/catalog-images/450x81x78-mx-01.webp,track_size,450x81x78,catalog_images row has no v2 track_size_id or product match,production.catalog_images
https://tcykyktvdlsbscrsbjyt.supabase.co/storage/v1/object/public/catalog-images/450x81x78-mx-02.webp,track_size,450x81x78,catalog_images row has no v2 track_size_id or product match,production.catalog_images
https://tcykyktvdlsbscrsbjyt.supabase.co/storage/v1/object/public/catalog-images/450x81x78-mx-03.webp,track_size,450x81x78,catalog_images row has no v2 track_size_id or product match,production.catalog_images
https://tcykyktvdlsbscrsbjyt.supabase.co/storage/v1/object/public/catalog-images/450x81x78-mx-04.webp,track_size,450x81x78,catalog_images row has no v2 track_size_id or product match,production.catalog_images
https://tcykyktvdlsbscrsbjyt.supabase.co/storage/v1/object/public/catalog-images/750x150x77-bar-01.webp,track_size,750x150x77,catalog_images row has no v2 track_size_id or product match,production.catalog_images
https://tcykyktvdlsbscrsbjyt.supabase.co/storage/v1/object/public/catalog-images/750x150x77-bar-02.webp,track_size,750x150x77,catalog_images row has no v2 track_size_id or product match,production.catalog_images
https://tcykyktvdlsbscrsbjyt.supabase.co/storage/v1/object/public/catalog-images/750x150x77-bar-03.webp,track_size,750x150x77,catalog_images row has no v2 track_size_id or product match,production.catalog_images
https://tcykyktvdlsbscrsbjyt.supabase.co/storage/v1/object/public/catalog-images/750x150x77-bar-04.webp,track_size,750x150x77,catalog_images row has no v2 track_size_id or product match,production.catalog_images
https://tcykyktvdlsbscrsbjyt.supabase.co/storage/v1/object/public/catalog-images/800x150x77-bar-01.webp,track_size,800x150x77,catalog_images row has no v2 track_size_id or product match,production.catalog_images
https://tcykyktvdlsbscrsbjyt.supabase.co/storage/v1/object/public/catalog-images/800x150x77-bar-02.webp,track_size,800x150x77,catalog_images row has no v2 track_size_id or product match,production.catalog_images
https://tcykyktvdlsbscrsbjyt.supabase.co/storage/v1/object/public/catalog-images/800x150x77-bar-03.webp,track_size,800x150x77,catalog_images row has no v2 track_size_id or product match,production.catalog_images
https://tcykyktvdlsbscrsbjyt.supabase.co/storage/v1/object/public/catalog-images/800x150x77-bar-04.webp,track_size,800x150x77,catalog_images row has no v2 track_size_id or product match,production.catalog_images
https://tcykyktvdlsbscrsbjyt.supabase.co/storage/v1/object/public/catalog-images/sizes/1807244-mx-01.webp,track_size,1807244,catalog_images row has no v2 track_size_id or product match,production.catalog_images
https://tcykyktvdlsbscrsbjyt.supabase.co/storage/v1/object/public/catalog-images/sizes/1807244-mx-02.webp,track_size,1807244,catalog_images row has no v2 track_size_id or product match,production.catalog_images
https://tcykyktvdlsbscrsbjyt.supabase.co/storage/v1/object/public/catalog-images/sizes/1807244-mx-03.webp,track_size,1807244,catalog_images row has no v2 track_size_id or product match,production.catalog_images
https://tcykyktvdlsbscrsbjyt.supabase.co/storage/v1/object/public/catalog-images/sizes/1807244-mx-04.webp,track_size,1807244,catalog_images row has no v2 track_size_id or product match,production.catalog_images
https://tcykyktvdlsbscrsbjyt.supabase.co/storage/v1/object/public/catalog-images/sizes/1807245-mx-01.webp,track_size,1807245,catalog_images row has no v2 track_size_id or product match,production.catalog_images
https://tcykyktvdlsbscrsbjyt.supabase.co/storage/v1/object/public/catalog-images/sizes/1807245-mx-02.webp,track_size,1807245,catalog_images row has no v2 track_size_id or product match,production.catalog_images
https://tcykyktvdlsbscrsbjyt.supabase.co/storage/v1/object/public/catalog-images/sizes/1807245-mx-03.webp,track_size,1807245,catalog_images row has no v2 track_size_id or product match,production.catalog_images
https://tcykyktvdlsbscrsbjyt.supabase.co/storage/v1/object/public/catalog-images/sizes/1807245-mx-04.webp,track_size,1807245,catalog_images row has no v2 track_size_id or product match,production.catalog_images
https://tcykyktvdlsbscrsbjyt.supabase.co/storage/v1/object/public/catalog-images/sizes/180x72x45-directional-01.webp,track_size,180x72x45,catalog_images row has no v2 track_size_id or product match,production.catalog_images
https://tcykyktvdlsbscrsbjyt.supabase.co/storage/v1/object/public/catalog-images/sizes/180x72x45-directional-03.webp,track_size,180x72x45,catalog_images row has no v2 track_size_id or product match,production.catalog_images
https://tcykyktvdlsbscrsbjyt.supabase.co/storage/v1/object/public/catalog-images/sizes/180x72x45-directional-04.webp,track_size,180x72x45,catalog_images row has no v2 track_size_id or product match,production.catalog_images
https://tcykyktvdlsbscrsbjyt.supabase.co/storage/v1/object/public/catalog-images/sizes/2307244-mx-01.webp,track_size,2307244,catalog_images row has no v2 track_size_id or product match,production.catalog_images
https://tcykyktvdlsbscrsbjyt.supabase.co/storage/v1/object/public/catalog-images/sizes/2307244-mx-02.webp,track_size,2307244,catalog_images row has no v2 track_size_id or product match,production.catalog_images
https://tcykyktvdlsbscrsbjyt.supabase.co/storage/v1/object/public/catalog-images/sizes/2307244-mx-03.webp,track_size,2307244,catalog_images row has no v2 track_size_id or product match,production.catalog_images
https://tcykyktvdlsbscrsbjyt.supabase.co/storage/v1/object/public/catalog-images/sizes/2307244-mx-04.webp,track_size,2307244,catalog_images row has no v2 track_size_id or product match,production.catalog_images
https://tcykyktvdlsbscrsbjyt.supabase.co/storage/v1/object/public/catalog-images/sizes/2307245-mx-01.webp,track_size,2307245,catalog_images row has no v2 track_size_id or product match,production.catalog_images
https://tcykyktvdlsbscrsbjyt.supabase.co/storage/v1/object/public/catalog-images/sizes/2307245-mx-02.webp,track_size,2307245,catalog_images row has no v2 track_size_id or product match,production.catalog_images
https://tcykyktvdlsbscrsbjyt.supabase.co/storage/v1/object/public/catalog-images/sizes/2307245-mx-03.webp,track_size,2307245,catalog_images row has no v2 track_size_id or product match,production.catalog_images
https://tcykyktvdlsbscrsbjyt.supabase.co/storage/v1/object/public/catalog-images/sizes/2307245-mx-04.webp,track_size,2307245,catalog_images row has no v2 track_size_id or product match,production.catalog_images
https://tcykyktvdlsbscrsbjyt.supabase.co/storage/v1/object/public/catalog-images/sizes/230x48x66-directional-01.webp,track_size,230x48x66,catalog_images row has no v2 track_size_id or product match,production.catalog_images
https://tcykyktvdlsbscrsbjyt.supabase.co/storage/v1/object/public/catalog-images/sizes/230x48x66-directional-04.webp,track_size,230x48x66,catalog_images row has no v2 track_size_id or product match,production.catalog_images
https://tcykyktvdlsbscrsbjyt.supabase.co/storage/v1/object/public/catalog-images/sizes/230x72x45-c-block-01.webp,track_size,230x72x45,catalog_images row has no v2 track_size_id or product match,production.catalog_images
https://tcykyktvdlsbscrsbjyt.supabase.co/storage/v1/object/public/catalog-images/sizes/230x72x45-c-block-03.webp,track_size,230x72x45,catalog_images row has no v2 track_size_id or product match,production.catalog_images
https://tcykyktvdlsbscrsbjyt.supabase.co/storage/v1/object/public/catalog-images/sizes/230x72x45-c-block-04.webp,track_size,230x72x45,catalog_images row has no v2 track_size_id or product match,production.catalog_images
https://tcykyktvdlsbscrsbjyt.supabase.co/storage/v1/object/public/catalog-images/sizes/300x52.5K-Nx78-directional-01.webp,track_size,300x52.5K-Nx78,catalog_images row has no v2 track_size_id or product match,production.catalog_images
https://tcykyktvdlsbscrsbjyt.supabase.co/storage/v1/object/public/catalog-images/sizes/300x52.5K-Nx78-directional-02.webp,track_size,300x52.5K-Nx78,catalog_images row has no v2 track_size_id or product match,production.catalog_images
https://tcykyktvdlsbscrsbjyt.supabase.co/storage/v1/object/public/catalog-images/sizes/300x52.5K-Nx78-directional-03.webp,track_size,300x52.5K-Nx78,catalog_images row has no v2 track_size_id or product match,production.catalog_images
https://tcykyktvdlsbscrsbjyt.supabase.co/storage/v1/object/public/catalog-images/sizes/300x52.5K-Nx78-directional-04.webp,track_size,300x52.5K-Nx78,catalog_images row has no v2 track_size_id or product match,production.catalog_images
https://tcykyktvdlsbscrsbjyt.supabase.co/storage/v1/object/public/catalog-images/sizes/300x52.5KMx86-directional-01.webp,track_size,300x52.5KMx86,catalog_images row has no v2 track_size_id or product match,production.catalog_images
https://tcykyktvdlsbscrsbjyt.supabase.co/storage/v1/object/public/catalog-images/sizes/300x52.5KMx86-directional-02.webp,track_size,300x52.5KMx86,catalog_images row has no v2 track_size_id or product match,production.catalog_images
https://tcykyktvdlsbscrsbjyt.supabase.co/storage/v1/object/public/catalog-images/sizes/300x52.5KMx86-directional-03.webp,track_size,300x52.5KMx86,catalog_images row has no v2 track_size_id or product match,production.catalog_images
https://tcykyktvdlsbscrsbjyt.supabase.co/storage/v1/object/public/catalog-images/sizes/300x52.5KMx86-directional-04.webp,track_size,300x52.5KMx86,catalog_images row has no v2 track_size_id or product match,production.catalog_images
https://tcykyktvdlsbscrsbjyt.supabase.co/storage/v1/object/public/catalog-images/sizes/300x52.5KMx88-directional-01.webp,track_size,300x52.5KMx88,catalog_images row has no v2 track_size_id or product match,production.catalog_images
https://tcykyktvdlsbscrsbjyt.supabase.co/storage/v1/object/public/catalog-images/sizes/300x52.5KMx88-directional-02.webp,track_size,300x52.5KMx88,catalog_images row has no v2 track_size_id or product match,production.catalog_images
https://tcykyktvdlsbscrsbjyt.supabase.co/storage/v1/object/public/catalog-images/sizes/300x52.5KMx88-directional-03.webp,track_size,300x52.5KMx88,catalog_images row has no v2 track_size_id or product match,production.catalog_images
https://tcykyktvdlsbscrsbjyt.supabase.co/storage/v1/object/public/catalog-images/sizes/300x52.5KMx88-directional-04.webp,track_size,300x52.5KMx88,catalog_images row has no v2 track_size_id or product match,production.catalog_images
https://tcykyktvdlsbscrsbjyt.supabase.co/storage/v1/object/public/catalog-images/sizes/300x52.5KWx86-directional-01.webp,track_size,300x52.5KWx86,catalog_images row has no v2 track_size_id or product match,production.catalog_images
https://tcykyktvdlsbscrsbjyt.supabase.co/storage/v1/object/public/catalog-images/300x52.5KWx86-directional-02.webp,track_size,300x52.5KWx86,catalog_images row has no v2 track_size_id or product match,production.catalog_images
https://tcykyktvdlsbscrsbjyt.supabase.co/storage/v1/object/public/catalog-images/300x52.5KWx86-directional-04.webp,track_size,300x52.5KWx86,catalog_images row has no v2 track_size_id or product match,production.catalog_images
https://tcykyktvdlsbscrsbjyt.supabase.co/storage/v1/object/public/catalog-images/sizes/230x48x66-directional-03.webp,track_size,230x48x66,catalog_images row has no v2 track_size_id or product match,production.catalog_images
https://tcykyktvdlsbscrsbjyt.supabase.co/storage/v1/object/public/catalog-images/sizes/1807244/mx/1807244-mx-01.webp,track_size,1807244,no v2 track_size_id,hi_master_csv
https://tcykyktvdlsbscrsbjyt.supabase.co/storage/v1/object/public/catalog-images/sizes/1807244/mx/1807244-mx-02.webp,track_size,1807244,no v2 track_size_id,hi_master_csv
https://tcykyktvdlsbscrsbjyt.supabase.co/storage/v1/object/public/catalog-images/sizes/1807244/mx/1807244-mx-03.webp,track_size,1807244,no v2 track_size_id,hi_master_csv
https://tcykyktvdlsbscrsbjyt.supabase.co/storage/v1/object/public/catalog-images/sizes/1807244/mx/1807244-mx-04.webp,track_size,1807244,no v2 track_size_id,hi_master_csv
https://tcykyktvdlsbscrsbjyt.supabase.co/storage/v1/object/public/catalog-images/sizes/1807245/mx/1807245-mx-01.webp,track_size,1807245,no v2 track_size_id,hi_master_csv
https://tcykyktvdlsbscrsbjyt.supabase.co/storage/v1/object/public/catalog-images/sizes/1807245/mx/1807245-mx-02.webp,track_size,1807245,no v2 track_size_id,hi_master_csv
https://tcykyktvdlsbscrsbjyt.supabase.co/storage/v1/object/public/catalog-images/sizes/1807245/mx/1807245-mx-03.webp,track_size,1807245,no v2 track_size_id,hi_master_csv
https://tcykyktvdlsbscrsbjyt.supabase.co/storage/v1/object/public/catalog-images/sizes/1807245/mx/1807245-mx-04.webp,track_size,1807245,no v2 track_size_id,hi_master_csv
https://tcykyktvdlsbscrsbjyt.supabase.co/storage/v1/object/public/catalog-images/sizes/180x72x45/directional/180x72x45-directional-01.webp,track_size,180x72x45,no v2 track_size_id,hi_master_csv
https://tcykyktvdlsbscrsbjyt.supabase.co/storage/v1/object/public/catalog-images/sizes/180x72x45/directional/180x72x45-directional-03.webp,track_size,180x72x45,no v2 track_size_id,hi_master_csv
https://tcykyktvdlsbscrsbjyt.supabase.co/storage/v1/object/public/catalog-images/sizes/180x72x45/directional/180x72x45-directional-04.webp,track_size,180x72x45,no v2 track_size_id,hi_master_csv
https://tcykyktvdlsbscrsbjyt.supabase.co/storage/v1/object/public/catalog-images/sizes/2307244/mx/2307244-mx-01.webp,track_size,2307244,no v2 track_size_id,hi_master_csv
https://tcykyktvdlsbscrsbjyt.supabase.co/storage/v1/object/public/catalog-images/sizes/2307244/mx/2307244-mx-02.webp,track_size,2307244,no v2 track_size_id,hi_master_csv
https://tcykyktvdlsbscrsbjyt.supabase.co/storage/v1/object/public/catalog-images/sizes/2307244/mx/2307244-mx-03.webp,track_size,2307244,no v2 track_size_id,hi_master_csv
https://tcykyktvdlsbscrsbjyt.supabase.co/storage/v1/object/public/catalog-images/sizes/2307244/mx/2307244-mx-04.webp,track_size,2307244,no v2 track_size_id,hi_master_csv
https://tcykyktvdlsbscrsbjyt.supabase.co/storage/v1/object/public/catalog-images/sizes/2307245/mx/2307245-mx-01.webp,track_size,2307245,no v2 track_size_id,hi_master_csv
https://tcykyktvdlsbscrsbjyt.supabase.co/storage/v1/object/public/catalog-images/sizes/2307245/mx/2307245-mx-02.webp,track_size,2307245,no v2 track_size_id,hi_master_csv
https://tcykyktvdlsbscrsbjyt.supabase.co/storage/v1/object/public/catalog-images/sizes/2307245/mx/2307245-mx-03.webp,track_size,2307245,no v2 track_size_id,hi_master_csv
https://tcykyktvdlsbscrsbjyt.supabase.co/storage/v1/object/public/catalog-images/sizes/2307245/mx/2307245-mx-04.webp,track_size,2307245,no v2 track_size_id,hi_master_csv
https://tcykyktvdlsbscrsbjyt.supabase.co/storage/v1/object/public/catalog-images/sizes/230x48x66/directional/230x48x66-directional-01.webp,track_size,230x48x66,no v2 track_size_id,hi_master_csv
https://tcykyktvdlsbscrsbjyt.supabase.co/storage/v1/object/public/catalog-images/sizes/230x48x66/directional/230x48x66-directional-03.webp,track_size,230x48x66,no v2 track_size_id,hi_master_csv
https://tcykyktvdlsbscrsbjyt.supabase.co/storage/v1/object/public/catalog-images/sizes/230x48x66/directional/230x48x66-directional-04.webp,track_size,230x48x66,no v2 track_size_id,hi_master_csv
https://tcykyktvdlsbscrsbjyt.supabase.co/storage/v1/object/public/catalog-images/sizes/230x72x45/c-block/230x72x45-c-block-01.webp,track_size,230x72x45,no v2 track_size_id,hi_master_csv
https://tcykyktvdlsbscrsbjyt.supabase.co/storage/v1/object/public/catalog-images/sizes/230x72x45/c-block/230x72x45-c-block-03.webp,track_size,230x72x45,no v2 track_size_id,hi_master_csv
https://tcykyktvdlsbscrsbjyt.supabase.co/storage/v1/object/public/catalog-images/sizes/230x72x45/c-block/230x72x45-c-block-04.webp,track_size,230x72x45,no v2 track_size_id,hi_master_csv
https://tcykyktvdlsbscrsbjyt.supabase.co/storage/v1/object/public/catalog-images/sizes/300x52.5K-Nx78/directional/300x52.5K-Nx78-directional-01.webp,track_size,300x52.5K-Nx78,no v2 track_size_id,hi_master_csv
https://tcykyktvdlsbscrsbjyt.supabase.co/storage/v1/object/public/catalog-images/sizes/300x52.5K-Nx78/directional/300x52.5K-Nx78-directional-02.webp,track_size,300x52.5K-Nx78,no v2 track_size_id,hi_master_csv
https://tcykyktvdlsbscrsbjyt.supabase.co/storage/v1/object/public/catalog-images/sizes/300x52.5K-Nx78/directional/300x52.5K-Nx78-directional-03.webp,track_size,300x52.5K-Nx78,no v2 track_size_id,hi_master_csv
https://tcykyktvdlsbscrsbjyt.supabase.co/storage/v1/object/public/catalog-images/sizes/300x52.5K-Nx78/directional/300x52.5K-Nx78-directional-04.webp,track_size,300x52.5K-Nx78,no v2 track_size_id,hi_master_csv
https://tcykyktvdlsbscrsbjyt.supabase.co/storage/v1/object/public/catalog-images/sizes/300x52.5KMx86/directional/300x52.5KMx86-directional-01.webp,track_size,300x52.5KMx86,no v2 track_size_id,hi_master_csv
https://tcykyktvdlsbscrsbjyt.supabase.co/storage/v1/object/public/catalog-images/sizes/300x52.5KMx86/directional/300x52.5KMx86-directional-02.webp,track_size,300x52.5KMx86,no v2 track_size_id,hi_master_csv
https://tcykyktvdlsbscrsbjyt.supabase.co/storage/v1/object/public/catalog-images/sizes/300x52.5KMx86/directional/300x52.5KMx86-directional-03.webp,track_size,300x52.5KMx86,no v2 track_size_id,hi_master_csv
https://tcykyktvdlsbscrsbjyt.supabase.co/storage/v1/object/public/catalog-images/sizes/300x52.5KMx86/directional/300x52.5KMx86-directional-04.webp,track_size,300x52.5KMx86,no v2 track_size_id,hi_master_csv
https://tcykyktvdlsbscrsbjyt.supabase.co/storage/v1/object/public/catalog-images/sizes/300x52.5KMx88/directional/300x52.5KMx88-directional-01.webp,track_size,300x52.5KMx88,no v2 track_size_id,hi_master_csv
https://tcykyktvdlsbscrsbjyt.supabase.co/storage/v1/object/public/catalog-images/sizes/300x52.5KMx88/directional/300x52.5KMx88-directional-02.webp,track_size,300x52.5KMx88,no v2 track_size_id,hi_master_csv
https://tcykyktvdlsbscrsbjyt.supabase.co/storage/v1/object/public/catalog-images/sizes/300x52.5KMx88/directional/300x52.5KMx88-directional-03.webp,track_size,300x52.5KMx88,no v2 track_size_id,hi_master_csv
https://tcykyktvdlsbscrsbjyt.supabase.co/storage/v1/object/public/catalog-images/sizes/300x52.5KMx88/directional/300x52.5KMx88-directional-04.webp,track_size,300x52.5KMx88,no v2 track_size_id,hi_master_csv
https://tcykyktvdlsbscrsbjyt.supabase.co/storage/v1/object/public/catalog-images/sizes/300x52.5KWx86/directional/300x52.5KWx86-directional-01.webp,track_size,300x52.5KWx86,no v2 track_size_id,hi_master_csv
https://tcykyktvdlsbscrsbjyt.supabase.co/storage/v1/object/public/catalog-images/sizes/300x52.5KWx86/directional/300x52.5KWx86-directional-02.webp,track_size,300x52.5KWx86,no v2 track_size_id,hi_master_csv
https://tcykyktvdlsbscrsbjyt.supabase.co/storage/v1/object/public/catalog-images/sizes/300x52.5KWx86/directional/300x52.5KWx86-directional-03.webp,track_size,300x52.5KWx86,no v2 track_size_id,hi_master_csv
https://tcykyktvdlsbscrsbjyt.supabase.co/storage/v1/object/public/catalog-images/sizes/300x52.5KWx86/directional/300x52.5KWx86-directional-04.webp,track_size,300x52.5KWx86,no v2 track_size_id,hi_master_csv
https://tcykyktvdlsbscrsbjyt.supabase.co/storage/v1/object/public/catalog-images/sizes/300x52.5Nx82/directional/300x52.5Nx82-directional-01.webp,track_size,300x52.5Nx82,no v2 track_size_id,hi_master_csv
https://tcykyktvdlsbscrsbjyt.supabase.co/storage/v1/object/public/catalog-images/sizes/300x52.5Nx82/directional/300x52.5Nx82-directional-02.webp,track_size,300x52.5Nx82,no v2 track_size_id,hi_master_csv
https://tcykyktvdlsbscrsbjyt.supabase.co/storage/v1/object/public/catalog-images/sizes/300x52.5Nx82/directional/300x52.5Nx82-directional-03.webp,track_size,300x52.5Nx82,no v2 track_size_id,hi_master_csv
https://tcykyktvdlsbscrsbjyt.supabase.co/storage/v1/object/public/catalog-images/sizes/300x52.5Nx82/directional/300x52.5Nx82-directional-04.webp,track_size,300x52.5Nx82,no v2 track_size_id,hi_master_csv
https://tcykyktvdlsbscrsbjyt.supabase.co/storage/v1/object/public/catalog-images/sizes/300x52.5Nx88/directional/300x52.5Nx88-directional-01.webp,track_size,300x52.5Nx88,no v2 track_size_id,hi_master_csv
https://tcykyktvdlsbscrsbjyt.supabase.co/storage/v1/object/public/catalog-images/sizes/300x52.5Nx88/directional/300x52.5Nx88-directional-02.webp,track_size,300x52.5Nx88,no v2 track_size_id,hi_master_csv
https://tcykyktvdlsbscrsbjyt.supabase.co/storage/v1/object/public/catalog-images/sizes/300x52.5Nx88/directional/300x52.5Nx88-directional-03.webp,track_size,300x52.5Nx88,no v2 track_size_id,hi_master_csv
https://tcykyktvdlsbscrsbjyt.supabase.co/storage/v1/object/public/catalog-images/sizes/300x52.5Nx88/directional/300x52.5Nx88-directional-04.webp,track_size,300x52.5Nx88,no v2 track_size_id,hi_master_csv
https://tcykyktvdlsbscrsbjyt.supabase.co/storage/v1/object/public/catalog-images/sizes/300x52.5Wx74/block/300x52.5Wx74-block-01.webp,track_size,300x52.5Wx74,no v2 track_size_id,hi_master_csv
https://tcykyktvdlsbscrsbjyt.supabase.co/storage/v1/object/public/catalog-images/sizes/300x52.5Wx74/block/300x52.5Wx74-block-02.webp,track_size,300x52.5Wx74,no v2 track_size_id,hi_master_csv
https://tcykyktvdlsbscrsbjyt.supabase.co/storage/v1/object/public/catalog-images/sizes/300x52.5Wx74/block/300x52.5Wx74-block-03.webp,track_size,300x52.5Wx74,no v2 track_size_id,hi_master_csv
https://tcykyktvdlsbscrsbjyt.supabase.co/storage/v1/object/public/catalog-images/sizes/300x52.5Wx74/block/300x52.5Wx74-block-04.webp,track_size,300x52.5Wx74,no v2 track_size_id,hi_master_csv
https://tcykyktvdlsbscrsbjyt.supabase.co/storage/v1/object/public/catalog-images/sizes/300x52.5x74/mx/300x52.5x74-mx-01.webp,track_size,300x52.5x74,no v2 track_size_id,hi_master_csv
https://tcykyktvdlsbscrsbjyt.supabase.co/storage/v1/object/public/catalog-images/sizes/300x52.5x74/mx/300x52.5x74-mx-02.webp,track_size,300x52.5x74,no v2 track_size_id,hi_master_csv
https://tcykyktvdlsbscrsbjyt.supabase.co/storage/v1/object/public/catalog-images/sizes/300x52.5x74/mx/300x52.5x74-mx-03.webp,track_size,300x52.5x74,no v2 track_size_id,hi_master_csv
https://tcykyktvdlsbscrsbjyt.supabase.co/storage/v1/object/public/catalog-images/sizes/300x52.5x74/mx/300x52.5x74-mx-04.webp,track_size,300x52.5x74,no v2 track_size_id,hi_master_csv
https://tcykyktvdlsbscrsbjyt.supabase.co/storage/v1/object/public/catalog-images/sizes/300x52.5x76/mx/300x52.5x76-mx-01.webp,track_size,300x52.5x76,no v2 track_size_id,hi_master_csv
https://tcykyktvdlsbscrsbjyt.supabase.co/storage/v1/object/public/catalog-images/sizes/300x52.5x76/mx/300x52.5x76-mx-02.webp,track_size,300x52.5x76,no v2 track_size_id,hi_master_csv
https://tcykyktvdlsbscrsbjyt.supabase.co/storage/v1/object/public/catalog-images/sizes/300x52.5x76/mx/300x52.5x76-mx-03.webp,track_size,300x52.5x76,no v2 track_size_id,hi_master_csv
https://tcykyktvdlsbscrsbjyt.supabase.co/storage/v1/object/public/catalog-images/sizes/300x52.5x76/mx/300x52.5x76-mx-04.webp,track_size,300x52.5x76,no v2 track_size_id,hi_master_csv
https://tcykyktvdlsbscrsbjyt.supabase.co/storage/v1/object/public/catalog-images/sizes/300x52.5x78/mx/300x52.5x78-mx-01.webp,track_size,300x52.5x78,no v2 track_size_id,hi_master_csv
https://tcykyktvdlsbscrsbjyt.supabase.co/storage/v1/object/public/catalog-images/sizes/300x52.5x78/mx/300x52.5x78-mx-02.webp,track_size,300x52.5x78,no v2 track_size_id,hi_master_csv
https://tcykyktvdlsbscrsbjyt.supabase.co/storage/v1/object/public/catalog-images/sizes/300x52.5x78/mx/300x52.5x78-mx-03.webp,track_size,300x52.5x78,no v2 track_size_id,hi_master_csv
https://tcykyktvdlsbscrsbjyt.supabase.co/storage/v1/object/public/catalog-images/sizes/300x52.5x78/mx/300x52.5x78-mx-04.webp,track_size,300x52.5x78,no v2 track_size_id,hi_master_csv
https://tcykyktvdlsbscrsbjyt.supabase.co/storage/v1/object/public/catalog-images/sizes/300x52.5x80/mx/300x52.5x80-mx-01.webp,track_size,300x52.5x80,no v2 track_size_id,hi_master_csv
https://tcykyktvdlsbscrsbjyt.supabase.co/storage/v1/object/public/catalog-images/sizes/300x52.5x80/mx/300x52.5x80-mx-02.webp,track_size,300x52.5x80,no v2 track_size_id,hi_master_csv
https://tcykyktvdlsbscrsbjyt.supabase.co/storage/v1/object/public/catalog-images/sizes/300x52.5x80/mx/300x52.5x80-mx-03.webp,track_size,300x52.5x80,no v2 track_size_id,hi_master_csv
https://tcykyktvdlsbscrsbjyt.supabase.co/storage/v1/object/public/catalog-images/sizes/300x52.5x80/mx/300x52.5x80-mx-04.webp,track_size,300x52.5x80,no v2 track_size_id,hi_master_csv
https://tcykyktvdlsbscrsbjyt.supabase.co/storage/v1/object/public/catalog-images/sizes/300x52.5x84/mx/300x52.5x84-mx-01.webp,track_size,300x52.5x84,no v2 track_size_id,hi_master_csv
https://tcykyktvdlsbscrsbjyt.supabase.co/storage/v1/object/public/catalog-images/sizes/300x52.5x84/mx/300x52.5x84-mx-02.webp,track_size,300x52.5x84,no v2 track_size_id,hi_master_csv
https://tcykyktvdlsbscrsbjyt.supabase.co/storage/v1/object/public/catalog-images/sizes/300x52.5x84/mx/300x52.5x84-mx-03.webp,track_size,300x52.5x84,no v2 track_size_id,hi_master_csv
https://tcykyktvdlsbscrsbjyt.supabase.co/storage/v1/object/public/catalog-images/sizes/300x52.5x84/mx/300x52.5x84-mx-04.webp,track_size,300x52.5x84,no v2 track_size_id,hi_master_csv
https://tcykyktvdlsbscrsbjyt.supabase.co/storage/v1/object/public/catalog-images/sizes/300x52.5x88/mx/300x52.5x88-mx-01.webp,track_size,300x52.5x88,no v2 track_size_id,hi_master_csv
https://tcykyktvdlsbscrsbjyt.supabase.co/storage/v1/object/public/catalog-images/sizes/300x52.5x88/mx/300x52.5x88-mx-02.webp,track_size,300x52.5x88,no v2 track_size_id,hi_master_csv
https://tcykyktvdlsbscrsbjyt.supabase.co/storage/v1/object/public/catalog-images/sizes/300x52.5x88/mx/300x52.5x88-mx-03.webp,track_size,300x52.5x88,no v2 track_size_id,hi_master_csv
https://tcykyktvdlsbscrsbjyt.supabase.co/storage/v1/object/public/catalog-images/sizes/300x52.5x88/mx/300x52.5x88-mx-04.webp,track_size,300x52.5x88,no v2 track_size_id,hi_master_csv
https://tcykyktvdlsbscrsbjyt.supabase.co/storage/v1/object/public/catalog-images/sizes/300x52.5x90/directional/300x52.5x90-directional-01.webp,track_size,300x52.5x90,no v2 track_size_id,hi_master_csv
https://tcykyktvdlsbscrsbjyt.supabase.co/storage/v1/object/public/catalog-images/sizes/300x52.5x90/directional/300x52.5x90-directional-02.webp,track_size,300x52.5x90,no v2 track_size_id,hi_master_csv
https://tcykyktvdlsbscrsbjyt.supabase.co/storage/v1/object/public/catalog-images/sizes/300x52.5x90/directional/300x52.5x90-directional-03.webp,track_size,300x52.5x90,no v2 track_size_id,hi_master_csv
https://tcykyktvdlsbscrsbjyt.supabase.co/storage/v1/object/public/catalog-images/sizes/300x52.5x90/directional/300x52.5x90-directional-04.webp,track_size,300x52.5x90,no v2 track_size_id,hi_master_csv
https://tcykyktvdlsbscrsbjyt.supabase.co/storage/v1/object/public/catalog-images/sizes/300x52.5x90/mx/300x52.5x90-mx-01.webp,track_size,300x52.5x90,no v2 track_size_id,hi_master_csv
https://tcykyktvdlsbscrsbjyt.supabase.co/storage/v1/object/public/catalog-images/sizes/300x52.5x90/mx/300x52.5x90-mx-02.webp,track_size,300x52.5x90,no v2 track_size_id,hi_master_csv
https://tcykyktvdlsbscrsbjyt.supabase.co/storage/v1/object/public/catalog-images/sizes/300x52.5x90/mx/300x52.5x90-mx-03.webp,track_size,300x52.5x90,no v2 track_size_id,hi_master_csv
https://tcykyktvdlsbscrsbjyt.supabase.co/storage/v1/object/public/catalog-images/sizes/300x52.5x90/mx/300x52.5x90-mx-04.webp,track_size,300x52.5x90,no v2 track_size_id,hi_master_csv
https://tcykyktvdlsbscrsbjyt.supabase.co/storage/v1/object/public/catalog-images/sizes/300x55x82/offset-block/300x55x82-offset-block-01.webp,track_size,300x55x82,no v2 track_size_id,hi_master_csv
https://tcykyktvdlsbscrsbjyt.supabase.co/storage/v1/object/public/catalog-images/sizes/300x55x82/offset-block/300x55x82-offset-block-02.webp,track_size,300x55x82,no v2 track_size_id,hi_master_csv
https://tcykyktvdlsbscrsbjyt.supabase.co/storage/v1/object/public/catalog-images/sizes/300x55x82/offset-block/300x55x82-offset-block-03.webp,track_size,300x55x82,no v2 track_size_id,hi_master_csv
https://tcykyktvdlsbscrsbjyt.supabase.co/storage/v1/object/public/catalog-images/sizes/300x55x82/offset-block/300x55x82-offset-block-04.webp,track_size,300x55x82,no v2 track_size_id,hi_master_csv
https://tcykyktvdlsbscrsbjyt.supabase.co/storage/v1/object/public/catalog-images/sizes/350x52.5Wx86/directional/350x52.5Wx86-directional-01.webp,track_size,350x52.5Wx86,no v2 track_size_id,hi_master_csv
https://tcykyktvdlsbscrsbjyt.supabase.co/storage/v1/object/public/catalog-images/sizes/350x52.5Wx86/directional/350x52.5Wx86-directional-02.webp,track_size,350x52.5Wx86,no v2 track_size_id,hi_master_csv
https://tcykyktvdlsbscrsbjyt.supabase.co/storage/v1/object/public/catalog-images/sizes/350x52.5Wx86/directional/350x52.5Wx86-directional-03.webp,track_size,350x52.5Wx86,no v2 track_size_id,hi_master_csv
https://tcykyktvdlsbscrsbjyt.supabase.co/storage/v1/object/public/catalog-images/sizes/350x52.5Wx86/directional/350x52.5Wx86-directional-04.webp,track_size,350x52.5Wx86,no v2 track_size_id,hi_master_csv
https://tcykyktvdlsbscrsbjyt.supabase.co/storage/v1/object/public/catalog-images/sizes/381x101.6x42/multi-bar/381x101.6x42-multi-bar-01.webp,track_size,381x101.6x42,no v2 track_size_id,hi_master_csv
https://tcykyktvdlsbscrsbjyt.supabase.co/storage/v1/object/public/catalog-images/sizes/381x101.6x42/multi-bar/381x101.6x42-multi-bar-02.webp,track_size,381x101.6x42,no v2 track_size_id,hi_master_csv
https://tcykyktvdlsbscrsbjyt.supabase.co/storage/v1/object/public/catalog-images/sizes/381x101.6x42/multi-bar/381x101.6x42-multi-bar-03.webp,track_size,381x101.6x42,no v2 track_size_id,hi_master_csv
https://tcykyktvdlsbscrsbjyt.supabase.co/storage/v1/object/public/catalog-images/sizes/400x72.5Wx67/directional/400x72.5Wx67-directional-01.webp,track_size,400x72.5Wx67,no v2 track_size_id,hi_master_csv
https://tcykyktvdlsbscrsbjyt.supabase.co/storage/v1/object/public/catalog-images/sizes/400x72.5Wx67/directional/400x72.5Wx67-directional-02.webp,track_size,400x72.5Wx67,no v2 track_size_id,hi_master_csv
https://tcykyktvdlsbscrsbjyt.supabase.co/storage/v1/object/public/catalog-images/sizes/400x72.5Wx67/directional/400x72.5Wx67-directional-03.webp,track_size,400x72.5Wx67,no v2 track_size_id,hi_master_csv
https://tcykyktvdlsbscrsbjyt.supabase.co/storage/v1/object/public/catalog-images/sizes/400x72.5Wx67/directional/400x72.5Wx67-directional-04.webp,track_size,400x72.5Wx67,no v2 track_size_id,hi_master_csv
https://tcykyktvdlsbscrsbjyt.supabase.co/storage/v1/object/public/catalog-images/sizes/400x72.5x70/mx/400x72.5x70-mx-01.webp,track_size,400x72.5x70,no v2 track_size_id,hi_master_csv
https://tcykyktvdlsbscrsbjyt.supabase.co/storage/v1/object/public/catalog-images/sizes/400x72.5x70/mx/400x72.5x70-mx-02.webp,track_size,400x72.5x70,no v2 track_size_id,hi_master_csv
https://tcykyktvdlsbscrsbjyt.supabase.co/storage/v1/object/public/catalog-images/sizes/400x72.5x70/mx/400x72.5x70-mx-03.webp,track_size,400x72.5x70,no v2 track_size_id,hi_master_csv
https://tcykyktvdlsbscrsbjyt.supabase.co/storage/v1/object/public/catalog-images/sizes/400x72.5x70/mx/400x72.5x70-mx-04.webp,track_size,400x72.5x70,no v2 track_size_id,hi_master_csv
https://tcykyktvdlsbscrsbjyt.supabase.co/storage/v1/object/public/catalog-images/sizes/400x72.5x72/mx/400x72.5x72-mx-01.webp,track_size,400x72.5x72,no v2 track_size_id,hi_master_csv
https://tcykyktvdlsbscrsbjyt.supabase.co/storage/v1/object/public/catalog-images/sizes/400x72.5x72/mx/400x72.5x72-mx-02.webp,track_size,400x72.5x72,no v2 track_size_id,hi_master_csv
https://tcykyktvdlsbscrsbjyt.supabase.co/storage/v1/object/public/catalog-images/sizes/400x72.5x72/mx/400x72.5x72-mx-03.webp,track_size,400x72.5x72,no v2 track_size_id,hi_master_csv
https://tcykyktvdlsbscrsbjyt.supabase.co/storage/v1/object/public/catalog-images/sizes/400x72.5x72/mx/400x72.5x72-mx-04.webp,track_size,400x72.5x72,no v2 track_size_id,hi_master_csv
https://tcykyktvdlsbscrsbjyt.supabase.co/storage/v1/object/public/catalog-images/sizes/400x72.5x74/mx/400x72.5x74-mx-01.webp,track_size,400x72.5x74,no v2 track_size_id,hi_master_csv
https://tcykyktvdlsbscrsbjyt.supabase.co/storage/v1/object/public/catalog-images/sizes/400x72.5x74/mx/400x72.5x74-mx-02.webp,track_size,400x72.5x74,no v2 track_size_id,hi_master_csv
https://tcykyktvdlsbscrsbjyt.supabase.co/storage/v1/object/public/catalog-images/sizes/400x72.5x74/mx/400x72.5x74-mx-03.webp,track_size,400x72.5x74,no v2 track_size_id,hi_master_csv
https://tcykyktvdlsbscrsbjyt.supabase.co/storage/v1/object/public/catalog-images/sizes/400x72.5x74/mx/400x72.5x74-mx-04.webp,track_size,400x72.5x74,no v2 track_size_id,hi_master_csv
https://tcykyktvdlsbscrsbjyt.supabase.co/storage/v1/object/public/catalog-images/sizes/400x72.5x76/directional/400x72.5x76-directional-01.webp,track_size,400x72.5x76,no v2 track_size_id,hi_master_csv
https://tcykyktvdlsbscrsbjyt.supabase.co/storage/v1/object/public/catalog-images/sizes/400x72.5x76/directional/400x72.5x76-directional-02.webp,track_size,400x72.5x76,no v2 track_size_id,hi_master_csv
https://tcykyktvdlsbscrsbjyt.supabase.co/storage/v1/object/public/catalog-images/sizes/400x72.5x76/directional/400x72.5x76-directional-03.webp,track_size,400x72.5x76,no v2 track_size_id,hi_master_csv
https://tcykyktvdlsbscrsbjyt.supabase.co/storage/v1/object/public/catalog-images/sizes/400x72.5x76/directional/400x72.5x76-directional-04.webp,track_size,400x72.5x76,no v2 track_size_id,hi_master_csv
https://tcykyktvdlsbscrsbjyt.supabase.co/storage/v1/object/public/catalog-images/sizes/450x81x76/directional/450x81x76-directional-01.webp,track_size,450x81x76,no v2 track_size_id,hi_master_csv
https://tcykyktvdlsbscrsbjyt.supabase.co/storage/v1/object/public/catalog-images/sizes/450x81x76/directional/450x81x76-directional-02.webp,track_size,450x81x76,no v2 track_size_id,hi_master_csv
https://tcykyktvdlsbscrsbjyt.supabase.co/storage/v1/object/public/catalog-images/sizes/450x81x76/directional/450x81x76-directional-03.webp,track_size,450x81x76,no v2 track_size_id,hi_master_csv
https://tcykyktvdlsbscrsbjyt.supabase.co/storage/v1/object/public/catalog-images/sizes/450x81x76/directional/450x81x76-directional-04.webp,track_size,450x81x76,no v2 track_size_id,hi_master_csv
https://tcykyktvdlsbscrsbjyt.supabase.co/storage/v1/object/public/catalog-images/sizes/450x81x76/mx/450x81x76-mx-01.webp,track_size,450x81x76,no v2 track_size_id,hi_master_csv
https://tcykyktvdlsbscrsbjyt.supabase.co/storage/v1/object/public/catalog-images/sizes/450x81x76/mx/450x81x76-mx-02.webp,track_size,450x81x76,no v2 track_size_id,hi_master_csv
https://tcykyktvdlsbscrsbjyt.supabase.co/storage/v1/object/public/catalog-images/sizes/450x81x76/mx/450x81x76-mx-03.webp,track_size,450x81x76,no v2 track_size_id,hi_master_csv
https://tcykyktvdlsbscrsbjyt.supabase.co/storage/v1/object/public/catalog-images/sizes/450x81x76/mx/450x81x76-mx-04.webp,track_size,450x81x76,no v2 track_size_id,hi_master_csv
https://tcykyktvdlsbscrsbjyt.supabase.co/storage/v1/object/public/catalog-images/sizes/450x81x78/mx/450x81x78-mx-01.webp,track_size,450x81x78,no v2 track_size_id,hi_master_csv
https://tcykyktvdlsbscrsbjyt.supabase.co/storage/v1/object/public/catalog-images/sizes/450x81x78/mx/450x81x78-mx-02.webp,track_size,450x81x78,no v2 track_size_id,hi_master_csv
https://tcykyktvdlsbscrsbjyt.supabase.co/storage/v1/object/public/catalog-images/sizes/450x81x78/mx/450x81x78-mx-03.webp,track_size,450x81x78,no v2 track_size_id,hi_master_csv
https://tcykyktvdlsbscrsbjyt.supabase.co/storage/v1/object/public/catalog-images/sizes/450x81x78/mx/450x81x78-mx-04.webp,track_size,450x81x78,no v2 track_size_id,hi_master_csv
https://tcykyktvdlsbscrsbjyt.supabase.co/storage/v1/object/public/catalog-images/sizes/750x150x77/bar/750x150x77-bar-01.webp,track_size,750x150x77,no v2 track_size_id,hi_master_csv
https://tcykyktvdlsbscrsbjyt.supabase.co/storage/v1/object/public/catalog-images/sizes/750x150x77/bar/750x150x77-bar-02.webp,track_size,750x150x77,no v2 track_size_id,hi_master_csv
https://tcykyktvdlsbscrsbjyt.supabase.co/storage/v1/object/public/catalog-images/sizes/750x150x77/bar/750x150x77-bar-03.webp,track_size,750x150x77,no v2 track_size_id,hi_master_csv
https://tcykyktvdlsbscrsbjyt.supabase.co/storage/v1/object/public/catalog-images/sizes/750x150x77/bar/750x150x77-bar-04.webp,track_size,750x150x77,no v2 track_size_id,hi_master_csv
https://tcykyktvdlsbscrsbjyt.supabase.co/storage/v1/object/public/catalog-images/sizes/800x150x77/bar/800x150x77-bar-01.webp,track_size,800x150x77,no v2 track_size_id,hi_master_csv
https://tcykyktvdlsbscrsbjyt.supabase.co/storage/v1/object/public/catalog-images/sizes/800x150x77/bar/800x150x77-bar-02.webp,track_size,800x150x77,no v2 track_size_id,hi_master_csv
https://tcykyktvdlsbscrsbjyt.supabase.co/storage/v1/object/public/catalog-images/sizes/800x150x77/bar/800x150x77-bar-03.webp,track_size,800x150x77,no v2 track_size_id,hi_master_csv
https://tcykyktvdlsbscrsbjyt.supabase.co/storage/v1/object/public/catalog-images/sizes/800x150x77/bar/800x150x77-bar-04.webp,track_size,800x150x77,no v2 track_size_id,hi_master_csv
https://cdn.shopify.com/s/files/1/0950/3493/3560/files/fi7240006-585192_437a21ed-4cb8-4824-a8c8-9511a5fbd9d3.webp,product,,no core.product match,production.product
https://cdn.shopify.com/s/files/1/0950/3493/3560/files/toro-tx1000-240-87-37-rubber-track.jpg?v=1773525602,product,,no core.product match,production.product
https://cdn.shopify.com/s/files/1/0952/1977/7823/files/cr265-7675-585192_78c47a07-07dd-442e-9ee4-90f2f143cd54.webp,product,,no core.product match,production.product
https://tcykyktvdlsbscrsbjyt.supabase.co/storage/v1/object/public/catalog-images/sizes/381x101.6x42/multi-bar-nmc/hero.webp,product,TT-381-101-6-42,no core.product match,production.product
https://cdn.shopify.com/s/files/1/0950/3493/3560/files/rr7233630-585192_46fa4841-c6e9-445f-833d-cde39a7c7065.webp,product,,no core.product match,production.product
https://cdn.shopify.com/s/files/1/0952/1977/7823/files/tr7109409-585192_1e4eac86-a159-4270-b709-33e4cc2d7c4c.webp,product,,no core.product match,production.product
https://cdn.shopify.com/s/files/1/0950/3493/3560/files/rr08801-35600-585192_13d23fe0-a7a7-403b-ac37-e4f554097411.webp,product,,no core.product match,production.product
https://cdn.shopify.com/s/files/1/0950/3493/3560/files/fi08801-40000-585192_a5d01200-29d9-436b-a881-0aeba725ef2d.webp,product,,no core.product match,production.product
https://cdn.shopify.com/s/files/1/0950/3493/3560/files/sp08801-66210-585192_e7a888a9-b0f6-4fff-90dd-c6844db63248.webp,product,,no core.product match,production.product
https://cdn.shopify.com/s/files/1/0950/3493/3560/files/sp2039666-585192_f2f7056f-8246-46e8-808e-d73ff70909e0.webp,product,,no core.product match,production.product
https://cdn.shopify.com/s/files/1/0950/3493/3560/files/sp2054978-585192_c62af4f4-a8a1-42d3-9d41-5095638f7626.webp,product,,no core.product match,production.product
https://cdn.shopify.com/s/files/1/0950/3493/3560/files/cr7020867-585192_22505778-cee2-43f6-ae99-972156ae5304.webp,product,,no core.product match,production.product
https://cdn.shopify.com/s/files/1/0950/3493/3560/files/sp7166679-585192_b49b6e41-c2d0-49a5-9d98-4ab2951483ba.webp,product,,no core.product match,production.product
https://cdn.shopify.com/s/files/1/0950/3493/3560/files/fi7276595-585192_cb489c9c-7be9-487e-8896-edae62fa16dc.webp,product,,no core.product match,production.product
https://cdn.shopify.com/s/files/1/0950/3493/3560/files/rr7276596-585192_4d85f35d-55e9-4e65-96c9-146cd5fc73ce.webp,product,,no core.product match,production.product
https://cdn.shopify.com/s/files/1/0950/3493/3560/files/tr7323310-585192_971358fe-83eb-4062-9d8f-a6173371afe7.webp,product,,no core.product match,production.product
https://cdn.shopify.com/s/files/1/0950/3493/3560/files/cr9237948-585192_5dd94c66-1057-4bfc-8673-384f04dc5d95.webp,product,,no core.product match,production.product
https://cdn.shopify.com/s/files/1/0952/1977/7823/files/tr9239528-585192_a554f643-3b12-4f7d-8b7d-d1672a826db8.webp,product,,no core.product match,production.product
https://cdn.shopify.com/s/files/1/0952/1977/7823/files/cid-track-loader-bucket-industrial_5d40d3ba-e829-4a5e-9edf-e157b7ea31d8.webp?v=1782092041,product,ITAKB78T,no core.product match,production.product
https://tcykyktvdlsbscrsbjyt.supabase.co/storage/v1/object/public/catalog-images/sizes/180x72x37/directional/hero.webp,product,KT1807245,no core.product match,production.product
https://www.mwedealers.com/product-images/mwe300x525nj-hd-tnt_1.jpg,product,TT-300-52-5-78w,no core.product match,production.product
https://tcykyktvdlsbscrsbjyt.supabase.co/storage/v1/object/public/catalog-images/sizes/230x48x72/directional/hero.webp,product,TT-230-72-45,no core.product match,production.product
https://www.mwedealers.com/product-images/mwe400x86ba-hd-tnt_1.jpg,product,,no core.product match,production.product
https://cdn.shopify.com/s/files/1/0952/1977/7823/files/cid-4-in-1-bucket-standard_13560beb-19d0-4a75-a901-ae2d89cd7e7d.webp?v=1782092041,product,HD4N1-78,no core.product match,production.product
https://cdn.shopify.com/s/files/1/0952/1977/7823/files/cid-bucket-low-profile_a056cd1c-c024-48be-8cb6-d6810e38a3d5.webp?v=1782092041,product,MB1544D,no core.product match,production.product
https://tcykyktvdlsbscrsbjyt.supabase.co/storage/v1/object/public/catalog-images/sizes/230x48x68-mx-01.webp,product,TT-230X48X68-MX,no core.product match,production.product
https://www.mwedealers.com/product-images/mwe400x725nj-hd-tnt_1.jpg,product,TT-400-72-5-74N-LT,no core.product match,production.product
https://cdn.shopify.com/s/files/1/0952/1977/7823/files/cid-tractor-bucket-heavy-duty_3a32a743-3367-4017-bdfe-e47ac60501fe.webp?v=1782092041,product,33,no core.product match,production.product
https://cdn.shopify.com/s/files/1/0952/1977/7823/files/cid-4-in-1-bucket-mini_4eaf161a-1004-4a29-ab87-c8299a960952.webp?v=1782091346,product,MINI4N1-48T,no core.product match,production.product
https://tcykyktvdlsbscrsbjyt.supabase.co/storage/v1/object/public/catalog-images/450x86x60-z-max-01.webp,product,TT-320X86BX53-ZM,no core.product match,production.product
https://cdn.shopify.com/s/files/1/0952/1977/7823/files/cid-bucket-long-bottom_ace1ccd3-2a61-41aa-a096-03a0ae05c8ed.webp?v=1782092041,product,LBB54,no core.product match,production.product
https://www.mwedealers.com/product-images/tnt1504867hdv-tnt_1.jpg,product,TT-150-48-67-MB,no core.product match,production.product
https://cdn.shopify.com/s/files/1/0950/3493/3560/files/250-72-56-tracks.webp?v=1773618544,product,TT-250-72-56,no core.product match,production.product
https://cdn.shopify.com/s/files/1/0952/1977/7823/files/cid-turkey-litter-bucket_ee627ebe-698d-47e3-8b8b-2c17e6dc84bb.webp?v=1782092041,product,TLB72,no core.product match,production.product
https://cdn.shopify.com/s/files/1/0952/1977/7823/files/cid-track-loader-bucket-xtreme_1c2fefc6-ff71-4b57-ac77-f770abd59ef8.webp?v=1782092041,product,TAKB84T,no core.product match,production.product
https://cdn.shopify.com/s/files/1/0952/1977/7823/files/cid-rock-bucket-xtreme_f12e5191-b7ad-4e69-a47b-0bc68aae9d40.webp?v=1782092041,product,XDRB78,no core.product match,production.product
https://cdn.shopify.com/s/files/1/0952/1977/7823/files/tr340-8957-585192_40bf8bba-c4d4-48b2-91bb-5a97addf8e09.webp,product,,no core.product match,production.product
https://cdn.shopify.com/s/files/1/0950/3493/3560/files/tr37b-22-11860-585192_ab6b1188-3eea-4376-b9c4-61a0e103b11e.webp,product,,no core.product match,production.product
https://cdn.shopify.com/s/files/1/0950/3493/3560/files/rr304-1894-585192_e35f84b9-aa01-47ff-9e87-29081b18c25d.webp,product,,no core.product match,production.product
https://cdn.shopify.com/s/files/1/0950/3493/3560/files/sp7227421-585192_ca96db0e-90d5-46bb-bdb3-9dfe36f012b1.webp,product,,no core.product match,production.product
https://cdn.shopify.com/s/files/1/0950/3493/3560/files/sp06916-00011-585192_372465fb-8ddc-4c0c-bd78-842088ef3260.webp,product,,no core.product match,production.product
https://cdn.shopify.com/s/files/1/0950/3493/3560/files/cr4718355-585192_1e51f69b-7f98-4901-94c2-d3b5b3825e62.webp,product,,no core.product match,production.product
https://cdn.shopify.com/s/files/1/0950/3493/3560/files/tr6689371-585192_cf1762dd-88f7-495b-8f18-a00978b97867.webp,product,,no core.product match,production.product
https://cdn.shopify.com/s/files/1/0950/3493/3560/files/rr6732903-585192_aa9f578e-6f36-426d-8229-3f9ab3049132.webp,product,,no core.product match,production.product
https://cdn.shopify.com/s/files/1/0950/3493/3560/files/tr7233399-585192_8455829e-fb88-407d-81dc-b4c4692fdc0d.webp,product,,no core.product match,production.product
https://cdn.shopify.com/s/files/1/0950/3493/3560/files/rr6697933-585192_ec1d4309-c681-4932-9f85-eaecc369a008.webp,product,,no core.product match,production.product
https://cdn.shopify.com/s/files/1/0950/3493/3560/files/rr6698049-585192_168e8f3c-4444-4033-9b0f-3c4dd403ff41.webp,product,,no core.product match,production.product
https://cdn.shopify.com/s/files/1/0952/1977/7823/files/tr7013575-585192_cf13fa88-4e02-4529-aee6-7b26be572f57.webp,product,,no core.product match,production.product
https://cdn.shopify.com/s/files/1/0950/3493/3560/files/fi7109408-585192_886f7490-f3f4-463f-ae25-5f9adcfd4d8e.webp,product,,no core.product match,production.product
https://cdn.shopify.com/s/files/1/0950/3493/3560/files/sp7199006-585192_ab218a03-b02d-49d5-95eb-af32021e9df8.webp,product,,no core.product match,production.product
https://cdn.shopify.com/s/files/1/0950/3493/3560/files/sp7199007-585192_7fac496a-92ab-4885-ae24-ac856bf3d120.webp,product,,no core.product match,production.product
https://cdn.shopify.com/s/files/1/0950/3493/3560/files/tr772450-37300-585192_1165f500-9e19-43f7-9066-9559d8090aa5.webp,product,,no core.product match,production.product
https://www.mwedealers.com/product-images/mwe300x525wj-hd-tnt_1.jpg,product,TT-WACKER-EZ26-300-52-5W-82-LT,no core.product match,production.product
https://cdn.shopify.com/s/files/1/0950/3493/3560/files/sp1032265-585192_4630ffb7-ed5a-4581-b8cc-b9ef4f59ca0c.webp,product,,no core.product match,production.product
https://cdn.shopify.com/s/files/1/0950/3493/3560/files/sp03516-08210-585192_ba69cd5c-9918-4736-babf-5a4d366cb487.webp,product,,no core.product match,production.product
https://www.mwedealers.com/product-images/mwe230x48j-hd-tnt_1.jpg,product,TT-230-48-70,no core.product match,production.product
https://tcykyktvdlsbscrsbjyt.supabase.co/storage/v1/object/public/catalog-images/sizes/457x101.6x56/multi-bar-nmc/hero.webp,product,TT-457-101-6-56asv2,no core.product match,production.product
https://cdn.shopify.com/s/files/1/0950/3493/3560/files/fi6698048-585192_fe355564-e369-459f-8d85-c3143ca56f94.webp,product,,no core.product match,production.product
https://tcykyktvdlsbscrsbjyt.supabase.co/storage/v1/object/public/catalog-images/450x86x56-c-block-01.webp,product,TT-320X84BX46-CB,no core.product match,production.product
https://cdn.shopify.com/s/files/1/0950/3493/3560/files/fi7229101-585192_7fa16574-e1fc-47a5-aad4-9d4f5693e968.webp,product,,no core.product match,production.product
https://www.mwedealers.com/product-images/st154-assembly-xd-tnt_1.jpg,product,TT-450-81-5-76n,no core.product match,production.product
https://tcykyktvdlsbscrsbjyt.supabase.co/storage/v1/object/public/catalog-images/sizes/450x86x56/c-block/hero.webp,product,TT-450-81-76w-CB,no core.product match,production.product
https://tcykyktvdlsbscrsbjyt.supabase.co/storage/v1/object/public/catalog-images/400x86x56-multi-bar-01.webp,product,TT-400-86-56-MB,no core.product match,production.product
https://www.mwedealers.com/product-images/mwe400x725wj-hd-tnt_1.jpg,product,TT-400-72-5-76W-LT,no core.product match,production.product
https://tcykyktvdlsbscrsbjyt.supabase.co/storage/v1/object/public/catalog-images/sizes/300x52.5Wx84/directional/hero.webp,product,TT-300-52-5-86kw,no core.product match,production.product
https://cdn.shopify.com/s/files/1/0950/3493/3560/files/fi304-1878-585192_285c17a5-bd29-43e8-9cc6-59759cf15034.webp,product,,no core.product match,production.product
https://cdn.shopify.com/s/files/1/0950/3493/3560/files/sp304-1870-585192_9c1ca373-4f1a-431e-94d8-afb11b3bfc3a.webp,product,,no core.product match,production.product
https://cdn.shopify.com/s/files/1/0950/3493/3560/files/sp05616-15100-585192_d33f72b8-4130-46c1-b8c7-09a871d39b6b.webp,product,,no core.product match,production.product
https://cdn.shopify.com/s/files/1/0950/3493/3560/files/fi9269094-585192_d1a5e49c-56d8-4e9b-803e-5e2fe0f62f21.webp,product,,no core.product match,production.product
https://tcykyktvdlsbscrsbjyt.supabase.co/storage/v1/object/public/catalog-images/sizes/320x86x52T/zig-zag/hero.webp,product,TT-320-86-52t-ZZ,no core.product match,production.product
https://tcykyktvdlsbscrsbjyt.supabase.co/storage/v1/object/public/catalog-images/sizes/400x86x52T/zig-zag/hero.webp,product,TT-400-86-52t-ZZ,no core.product match,production.product
https://tcykyktvdlsbscrsbjyt.supabase.co/storage/v1/object/public/catalog-images/sizes/450x100x50T/c-block/hero.webp,product,TT-450-100-50t-CB,no core.product match,production.product
https://tcykyktvdlsbscrsbjyt.supabase.co/storage/v1/object/public/catalog-images/sizes/400x86x52/zig-zag/hero.webp,product,TT-400-86-52-ZZ,no core.product match,production.product
https://cdn.shopify.com/s/files/1/0952/1977/7823/files/cid-rock-bucket-standard_c45a066b-56f8-4304-bc19-48d71c6d0073.webp?v=1782092041,product,SDVTRB72,no core.product match,production.product
https://cdn.shopify.com/s/files/1/0950/3493/3560/files/160x87x37-rubber-track.webp?v=1773552946,product,,no core.product match,production.product
https://cdn.shopify.com/s/files/1/0952/1977/7823/files/cid-stump-bucket-heavy-duty_9e9c8bc9-727c-4250-8bd2-75712e90bab9.webp?v=1782092041,product,XSB,no core.product match,production.product
https://tcykyktvdlsbscrsbjyt.supabase.co/storage/v1/object/public/catalog-images/sizes/160x87.63x28-multi-bar-01.webp,product,TT-160X87-63X28-MB,no core.product match,production.product
https://tcykyktvdlsbscrsbjyt.supabase.co/storage/v1/object/public/catalog-images/sizes/230x48x62-mx-01.webp,product,TT-230X48X62-MX,no core.product match,production.product
https://cdn.shopify.com/s/files/1/0952/1977/7823/files/cid-tractor-bucket-xtreme_eca2048a-ea4a-4616-97ad-3d1fe93fca7d.webp?v=1782092041,product,XTRAC108,no core.product match,production.product
https://tcykyktvdlsbscrsbjyt.supabase.co/storage/v1/object/public/catalog-images/sizes/230x72x39-c-block-01.webp,product,TT-230X72X39-CB,no core.product match,production.product
https://tcykyktvdlsbscrsbjyt.supabase.co/storage/v1/object/public/catalog-images/450x86x58-multi-bar-01.webp,product,TT-280-101.6-37AV-MB,no core.product match,production.product
https://tcykyktvdlsbscrsbjyt.supabase.co/storage/v1/object/public/catalog-images/350x52.5x86-mx-01.webp,product,TT-350X52-5X86-MX,no core.product match,production.product
https://tcykyktvdlsbscrsbjyt.supabase.co/storage/v1/object/public/catalog-images/450x86x60-all-terrain-01.webp,product,TT-320X54X82-AT,no core.product match,production.product
https://cdn.shopify.com/s/files/1/0952/1977/7823/files/cid-snow-litter-bucket-xtreme_784cfb24-57f1-4bf1-a73b-11e5504c24a2.webp?v=1782092041,product,SNLB102,no core.product match,production.product
https://tcykyktvdlsbscrsbjyt.supabase.co/storage/v1/object/public/catalog-images/sizes/320x86x52/c-block/hero.webp,product,TT-320-86-50,no core.product match,production.product
https://www.mwedealers.com/product-images/mwe180x72ka-hd-tnt_1.jpg,product,TT-180-72-45,no core.product match,production.product
https://tcykyktvdlsbscrsbjyt.supabase.co/storage/v1/object/public/catalog-images/sizes/400x72.5Nx74/directional/hero.webp,product,,no core.product match,production.product
https://cdn.shopify.com/s/files/1/0950/3493/3560/files/fi06814-00019-585192_79b18b98-0677-46cc-89ad-8a8c493057ab.webp,product,,no core.product match,production.product
https://cdn.shopify.com/s/files/1/0950/3493/3560/files/sp304-1916-585192_9022035b-8a6a-4afa-84de-27be8bd35cb1.webp,product,,no core.product match,production.product
https://cdn.shopify.com/s/files/1/0952/1977/7823/files/tr08801-30000-585192_c5640168-2f0c-4a42-a166-000e2d514a78.webp,product,,no core.product match,production.product
https://cdn.shopify.com/s/files/1/0952/1977/7823/files/tr6698047-585192_ad0c966c-f63b-4a21-b1dc-741f62b12447.webp,product,,no core.product match,production.product
https://cdn.shopify.com/s/files/1/0952/1977/7823/files/tr304-1890-585192_c6730faa-c9bc-479c-9ad6-7c2b4155ebfc.webp,product,,no core.product match,production.product
https://www.mwedealers.com/product-images/mwe450x81nj-hd-tnt_1.jpg,product,TT-450-81-5-78n,no core.product match,production.product
https://cdn.shopify.com/s/files/1/0950/3493/3560/files/toro-tx1000-240-87-37-rubber-track_1.webp?v=1773618929,product,,no core.product match,production.product
https://tcykyktvdlsbscrsbjyt.supabase.co/storage/v1/object/public/catalog-images/sizes/450x81Nx74/directional/hero.webp,product,TT-450-81-74n,no core.product match,production.product
https://cdn.shopify.com/s/files/1/0950/3493/3560/files/160x87x28_-rubber-track.webp?v=1773552903,product,,no core.product match,production.product
https://tcykyktvdlsbscrsbjyt.supabase.co/storage/v1/object/public/catalog-images/sizes/457x101.6x51-3/multi-bar-nmc/hero.webp,product,TT-457-101-6-51-3-MB,no core.product match,production.product
https://tcykyktvdlsbscrsbjyt.supabase.co/storage/v1/object/public/catalog-images/sizes/457x101.6x51-2/multi-bar-nmc/hero.webp,product,TT-457-101-6-51-2-MB,no core.product match,production.product
https://www.mwedealers.com/product-images/mwe600x100a-hd-tnt_1.jpg,product,,no core.product match,production.product
https://tcykyktvdlsbscrsbjyt.supabase.co/storage/v1/object/public/catalog-images/sizes/230x48x70-mx-01.webp,product,TT-230X48X70-MX,no core.product match,production.product
https://tcykyktvdlsbscrsbjyt.supabase.co/storage/v1/object/public/catalog-images/450x86x60-staggered-block-01.webp,product,TT-320X86BX50-SB,no core.product match,production.product
https://tcykyktvdlsbscrsbjyt.supabase.co/storage/v1/object/public/catalog-images/450x86x60-x-terrain-01.webp,product,TT-320X86BX53-XT,no core.product match,production.product
https://tcykyktvdlsbscrsbjyt.supabase.co/storage/v1/object/public/catalog-images/sizes/450x100x48T/c-block/hero.webp,product,TT-450-100-48t-CB,no core.product match,production.product
https://tcykyktvdlsbscrsbjyt.supabase.co/storage/v1/object/public/catalog-images/sizes/320x86x52T/c-block/hero.webp,product,TT-320-86-52t-CB,no core.product match,production.product
https://tcykyktvdlsbscrsbjyt.supabase.co/storage/v1/object/public/catalog-images/350x54.5x86-directional-01.webp,product,TT-350-54-5-86,no core.product match,production.product
https://www.mwedealers.com/product-images/tnt32086bl-hd-tnt_1.jpg,product,,no core.product match,production.product
https://tcykyktvdlsbscrsbjyt.supabase.co/storage/v1/object/public/catalog-images/sizes/300x52.5Wx86/directional/hero.webp,product,TT-300-52.5W-86-MB,no core.product match,production.product
https://tcykyktvdlsbscrsbjyt.supabase.co/storage/v1/object/public/catalog-images/320x86x48-multi-bar-01.webp,product,TT-320-86-48-MB,no core.product match,production.product
https://www.mwedealers.com/product-images/tnt240876328xdnm-tnt_1.jpg,product,TT-240-87-63-37-MB,no core.product match,production.product
https://tcykyktvdlsbscrsbjyt.supabase.co/storage/v1/object/public/catalog-images/sizes/450x86x55/c-block/hero.webp,product,TT-450-86-55-CB,no core.product match,production.product
https://tcykyktvdlsbscrsbjyt.supabase.co/storage/v1/object/public/catalog-images/sizes/320x86x49/c-block/hero.webp,product,TT-320-86-49-CB,no core.product match,production.product
https://tcykyktvdlsbscrsbjyt.supabase.co/storage/v1/object/public/catalog-images/sizes/320x86x52/multi-bar/hero.webp,product,TT-JOHNDEERE-325G-32086B52-HDMB,no core.product match,production.product
https://tcykyktvdlsbscrsbjyt.supabase.co/storage/v1/object/public/catalog-images/sizes/320x86x52/zig-zag/hero.webp,product,TT-320-86-52-ZZ,no core.product match,production.product
https://tcykyktvdlsbscrsbjyt.supabase.co/storage/v1/object/public/catalog-images/sizes/450x86x53/c-block/hero.webp,product,TT-450-86-53-CB,no core.product match,production.product
https://tcykyktvdlsbscrsbjyt.supabase.co/storage/v1/object/public/catalog-images/sizes/450x86x52/c-block/hero.webp,product,TT-450-86-52-CB,no core.product match,production.product
https://tcykyktvdlsbscrsbjyt.supabase.co/storage/v1/object/public/catalog-images/450x100x48-zig-zag-01.webp,product,TT-450X100X48-ZZ,no core.product match,production.product
https://tcykyktvdlsbscrsbjyt.supabase.co/storage/v1/object/public/catalog-images/450x100x50-zig-zag-01.webp,product,TT-450X100X50-ZZ,no core.product match,production.product
https://tcykyktvdlsbscrsbjyt.supabase.co/storage/v1/object/public/catalog-images/450x81.5x76-mx-01.webp,product,TT-450X81-5X76-MX,no core.product match,production.product
https://www.mwedealers.com/product-images/tnt160876328xd-tnt_1.jpg,product,TT-160-87-63-37-MB,no core.product match,production.product
https://tcykyktvdlsbscrsbjyt.supabase.co/storage/v1/object/public/catalog-images/sizes/230x96x31-mx-01.webp,product,TT-230X96X31-MX,no core.product match,production.product
https://tcykyktvdlsbscrsbjyt.supabase.co/storage/v1/object/public/catalog-images/sizes/230x96x36-mx-01.webp,product,TT-230X96X36-MX,no core.product match,production.product
https://tcykyktvdlsbscrsbjyt.supabase.co/storage/v1/object/public/catalog-images/sizes/240x87.63x28-mx-01.webp,product,TT-240X87-63X28-MX,no core.product match,production.product
https://tcykyktvdlsbscrsbjyt.supabase.co/storage/v1/object/public/catalog-images/300x53x80-mx-01.webp,product,TT-300X53X80-MX,no core.product match,production.product
https://tcykyktvdlsbscrsbjyt.supabase.co/storage/v1/object/public/catalog-images/300x53x84-mx-01.webp,product,TT-300X53X84-MX,no core.product match,production.product
https://tcykyktvdlsbscrsbjyt.supabase.co/storage/v1/object/public/catalog-images/300x55.5x82-mx-01.webp,product,TT-300X55-5X82-MX,no core.product match,production.product
https://tcykyktvdlsbscrsbjyt.supabase.co/storage/v1/object/public/catalog-images/400x74x72-mx-01.webp,product,TT-400X74X72-MX,no core.product match,production.product
https://tcykyktvdlsbscrsbjyt.supabase.co/storage/v1/object/public/catalog-images/400x75.5x74-mx-01.webp,product,TT-400X75-5X74-MX,no core.product match,production.product
https://tcykyktvdlsbscrsbjyt.supabase.co/storage/v1/object/public/catalog-images/450x86x52-zig-zag-01.webp,product,TT-450X86BX52-ZZ,no core.product match,production.product
https://tcykyktvdlsbscrsbjyt.supabase.co/storage/v1/object/public/catalog-images/450x86x53-zig-zag-01.webp,product,TT-450X86BX53-ZZ,no core.product match,production.product
https://tcykyktvdlsbscrsbjyt.supabase.co/storage/v1/object/public/catalog-images/450x86x56-zig-zag-01.webp,product,TT-450X81WX74-ZZ,no core.product match,production.product
https://www.mwedealers.com/product-images/tnt18072-sd-tnt_1.jpg,product,TT-180-72-36,no core.product match,production.product
https://tcykyktvdlsbscrsbjyt.supabase.co/storage/v1/object/public/catalog-images/sizes/230x96x31/directional/hero.webp,product,TT-230-96-31-MB,no core.product match,production.product
https://www.mwedealers.com/product-images/tnt23072j-hd-tnt_1.jpg,product,TT-250-72-39-MB,no core.product match,production.product
https://www.mwedealers.com/product-images/tnt23072j-sd-tnt_1.jpg,product,TT-250-72-52,no core.product match,production.product
https://tcykyktvdlsbscrsbjyt.supabase.co/storage/v1/object/public/catalog-images/320x86x50-x-terrain-01.webp,product,TT-320X86BX50-XT,no core.product match,production.product
https://www.mwedealers.com/product-images/mwe230x48j-hd-tnt_2.jpg,product,TNT2304866HD,no core.product match,production.supplier_master
https://www.mwedealers.com/product-images/mwe230x48j-hd-tnt_3.jpg,product,TNT2304866HD,no core.product match,production.supplier_master
https://www.mwedealers.com/product-images/mwe230x48j-hd-tnt_4.jpg,product,TNT2304866HD,no core.product match,production.supplier_master
https://www.mwedealers.com/product-images/mwe230x48j-hd-tnt_5.jpg,product,TNT2304866HD,no core.product match,production.supplier_master
https://www.mwedealers.com/product-images/mwe230x48j-hd-tnt_6.jpg,product,TNT2304866HD,no core.product match,production.supplier_master
https://tcykyktvdlsbscrsbjyt.supabase.co/storage/v1/object/public/machine-images/cat-255-hero.webp,model,cat-255,no core.model shopify_handle match,production.model
https://tcykyktvdlsbscrsbjyt.supabase.co/storage/v1/object/public/machine-images/asv-rt65-hero.webp,model,asv-rt65,no core.model shopify_handle match,production.model
https://tcykyktvdlsbscrsbjyt.supabase.co/storage/v1/object/public/machine-images/cat-249d3-hero.webp,model,cat-249d3,no core.model shopify_handle match,production.model
https://tcykyktvdlsbscrsbjyt.supabase.co/storage/v1/object/public/machine-images/kubota-u55-5-hero.webp,model,kubota-u55-5,no core.model shopify_handle match,production.model
https://tcykyktvdlsbscrsbjyt.supabase.co/storage/v1/object/public/machine-images/cat-289d3-hero.webp,model,cat-289d3,no core.model shopify_handle match,production.model
https://tcykyktvdlsbscrsbjyt.supabase.co/storage/v1/object/public/machine-images/cat-299d3-hero.webp,model,cat-299d3,no core.model shopify_handle match,production.model
https://tcykyktvdlsbscrsbjyt.supabase.co/storage/v1/object/public/machine-images/cat-304cr-hero.webp,model,cat-304cr,no core.model shopify_handle match,production.model
https://tcykyktvdlsbscrsbjyt.supabase.co/storage/v1/object/public/machine-images/cat-306cr-hero.webp,model,cat-306cr,no core.model shopify_handle match,production.model
https://tcykyktvdlsbscrsbjyt.supabase.co/storage/v1/object/public/machine-images/ditch-witch-sk650-hero.webp,model,ditch-witch-sk650,no core.model shopify_handle match,production.model
https://tcykyktvdlsbscrsbjyt.supabase.co/storage/v1/object/public/machine-images/cat-259d3-hero.webp,model,cat-259d3,no core.model shopify_handle match,production.model
https://tcykyktvdlsbscrsbjyt.supabase.co/storage/v1/object/public/machine-images/cat-299d3-xe-hero.webp,model,cat-299d3-xe,no core.model shopify_handle match,production.model
https://tcykyktvdlsbscrsbjyt.supabase.co/storage/v1/object/public/machine-images/cat-305-5-hero.webp,model,cat-305-5,no core.model shopify_handle match,production.model
https://tcykyktvdlsbscrsbjyt.supabase.co/storage/v1/object/public/machine-images/ditch-witch-sk600-hero.webp,model,ditch-witch-sk600,no core.model shopify_handle match,production.model
https://tcykyktvdlsbscrsbjyt.supabase.co/storage/v1/object/public/machine-images/volvo-ecr40d-hero.webp,model,volvo-ecr40d,no core.model shopify_handle match,production.model
https://tcykyktvdlsbscrsbjyt.supabase.co/storage/v1/object/public/machine-images/cat-239d3-hero.webp,model,cat-239d3,no core.model shopify_handle match,production.model
https://tcykyktvdlsbscrsbjyt.supabase.co/storage/v1/object/public/machine-images/takeuchi-tb215r-hero.webp,model,takeuchi-tb215r,no core.model shopify_handle match,production.model
https://tcykyktvdlsbscrsbjyt.supabase.co/storage/v1/object/public/machine-images/cat-301-7-hero.webp,model,cat-301-7,no core.model shopify_handle match,production.model
https://tcykyktvdlsbscrsbjyt.supabase.co/storage/v1/object/public/machine-images/wacker-neuson-ez26-hero.webp,model,wacker-neuson-ez26,no core.model shopify_handle match,production.model
https://tcykyktvdlsbscrsbjyt.supabase.co/storage/v1/object/public/machine-images/wacker-st50-hero.webp,model,wacker-st50,no core.model shopify_handle match,production.model
https://tcykyktvdlsbscrsbjyt.supabase.co/storage/v1/object/public/machine-images/cat-305e2-hero.webp,model,cat-305e2,no core.model shopify_handle match,production.model
https://tcykyktvdlsbscrsbjyt.supabase.co/storage/v1/object/public/machine-images/cat-303-5ccr-hero.webp,model,cat-303-5ccr,no core.model shopify_handle match,production.model
https://tcykyktvdlsbscrsbjyt.supabase.co/storage/v1/object/public/machine-images/takeuchi-tb219-hero.webp,model,takeuchi-tb219,no core.model shopify_handle match,production.model
https://tcykyktvdlsbscrsbjyt.supabase.co/storage/v1/object/public/machine-images/jcb-8080ts-hero.webp,model,jcb-8080ts,no core.model shopify_handle match,production.model
https://tcykyktvdlsbscrsbjyt.supabase.co/storage/v1/object/public/machine-images/hitachi-zx19u-5-hero.webp,model,hitachi-zx19u-5,no core.model shopify_handle match,production.model
https://tcykyktvdlsbscrsbjyt.supabase.co/storage/v1/object/public/machine-images/yanmar-vio55-6a-hero.webp,model,yanmar-vio55-6a,no core.model shopify_handle match,production.model
https://tcykyktvdlsbscrsbjyt.supabase.co/storage/v1/object/public/machine-images/takeuchi-tb45-hero.webp,model,takeuchi-tb45,no core.model shopify_handle match,production.model
https://tcykyktvdlsbscrsbjyt.supabase.co/storage/v1/object/public/machine-images/case-cx36c-hero.webp,model,case-cx36c,no core.model shopify_handle match,production.model
https://tcykyktvdlsbscrsbjyt.supabase.co/storage/v1/object/public/machine-images/wacker-neuson-ez36-hero.webp,model,wacker-neuson-ez36,no core.model shopify_handle match,production.model
https://tcykyktvdlsbscrsbjyt.supabase.co/storage/v1/object/public/machine-images/volvo-ec20d-hero.webp,model,volvo-ec20d,no core.model shopify_handle match,production.model
https://tcykyktvdlsbscrsbjyt.supabase.co/storage/v1/object/public/machine-images/yanmar-vio45-5-hero.webp,model,yanmar-vio45-5,no core.model shopify_handle match,production.model
https://tcykyktvdlsbscrsbjyt.supabase.co/storage/v1/object/public/machine-images/komatsu-pc78-hero.webp,model,komatsu-pc78,no core.model shopify_handle match,production.model
https://tcykyktvdlsbscrsbjyt.supabase.co/storage/v1/object/public/machine-images/komatsu-pc55mr-hero.webp,model,komatsu-pc55mr,no core.model shopify_handle match,production.model
https://tcykyktvdlsbscrsbjyt.supabase.co/storage/v1/object/public/machine-images/cat-300-9d-hero.webp,model,cat-300-9d,no core.model shopify_handle match,production.model
https://tcykyktvdlsbscrsbjyt.supabase.co/storage/v1/object/public/machine-images/cat-307e-hero.webp,model,cat-307e,no core.model shopify_handle match,production.model
https://tcykyktvdlsbscrsbjyt.supabase.co/storage/v1/object/public/machine-images/komatsu-pc60mr-hero.webp,model,komatsu-pc60mr,no core.model shopify_handle match,production.model
https://tcykyktvdlsbscrsbjyt.supabase.co/storage/v1/object/public/machine-images/case-cx31c-hero.webp,model,case-cx31c,no core.model shopify_handle match,production.model
https://tcykyktvdlsbscrsbjyt.supabase.co/storage/v1/object/public/machine-images/kubota-u17-3-hero.webp,model,kubota-u17-3,no core.model shopify_handle match,production.model
https://tcykyktvdlsbscrsbjyt.supabase.co/storage/v1/object/public/machine-images/wacker-st45-hero.webp,model,wacker-st45,no core.model shopify_handle match,production.model
https://tcykyktvdlsbscrsbjyt.supabase.co/storage/v1/object/public/machine-images/asv-rt50-hero.webp,model,asv-rt50,no core.model shopify_handle match,production.model
https://tcykyktvdlsbscrsbjyt.supabase.co/storage/v1/object/public/machine-images/terex-pt60-hero.webp,model,terex-pt60,no core.model shopify_handle match,production.model
https://tcykyktvdlsbscrsbjyt.supabase.co/storage/v1/object/public/machine-images/asv-vt70-hero.webp,model,asv-vt70,no core.model shopify_handle match,production.model
https://tcykyktvdlsbscrsbjyt.supabase.co/storage/v1/object/public/machine-images/terex-pt50-hero.webp,model,terex-pt50,no core.model shopify_handle match,production.model
https://tcykyktvdlsbscrsbjyt.supabase.co/storage/v1/object/public/machine-images/bobcat-e19-hero.webp,model,bobcat-e19,no core.model shopify_handle match,production.model
https://tcykyktvdlsbscrsbjyt.supabase.co/storage/v1/object/public/machine-images/wacker-st31-hero.webp,model,wacker-st31,no core.model shopify_handle match,production.model
https://tcykyktvdlsbscrsbjyt.supabase.co/storage/v1/object/public/machine-images/jcb-2ts-7t-hero.webp,model,jcb-2ts-7t,no core.model shopify_handle match,production.model
https://tcykyktvdlsbscrsbjyt.supabase.co/storage/v1/object/public/machine-images/komatsu-pc45mr-hero.webp,model,komatsu-pc45mr,no core.model shopify_handle match,production.model
https://tcykyktvdlsbscrsbjyt.supabase.co/storage/v1/object/public/machine-images/kubota-kx008-hero.webp,model,kubota-kx008,no core.model shopify_handle match,production.model
https://tcykyktvdlsbscrsbjyt.supabase.co/storage/v1/object/public/machine-images/takeuchi-tb216-hero.webp,model,takeuchi-tb216,no core.model shopify_handle match,production.model
https://tcykyktvdlsbscrsbjyt.supabase.co/storage/v1/object/public/machine-images/takeuchi-tb210r-hero.webp,model,takeuchi-tb210r,no core.model shopify_handle match,production.model
https://tcykyktvdlsbscrsbjyt.supabase.co/storage/v1/object/public/machine-images/sany-sy16c-hero.webp,model,sany-sy16c,no core.model shopify_handle match,production.model
https://tcykyktvdlsbscrsbjyt.supabase.co/storage/v1/object/public/machine-images/gehl-rt105-hero.webp,model,gehl-rt105,no core.model shopify_handle match,production.model
https://tcykyktvdlsbscrsbjyt.supabase.co/storage/v1/object/public/machine-images/bobcat-e17-hero.webp,model,bobcat-e17,no core.model shopify_handle match,production.model
https://tcykyktvdlsbscrsbjyt.supabase.co/storage/v1/object/public/machine-images/cat-257d-hero.webp,model,cat-257d,no core.model shopify_handle match,production.model
https://tcykyktvdlsbscrsbjyt.supabase.co/storage/v1/object/public/machine-images/takeuchi-tb53fr-hero.webp,model,takeuchi-tb53fr,no core.model shopify_handle match,production.model
https://tcykyktvdlsbscrsbjyt.supabase.co/storage/v1/object/public/machine-images/komatsu-pc50mr-hero.webp,model,komatsu-pc50mr,no core.model shopify_handle match,production.model
https://tcykyktvdlsbscrsbjyt.supabase.co/storage/v1/object/public/machine-images/cat-247-hero.webp,model,cat-247,no core.model shopify_handle match,production.model
https://tcykyktvdlsbscrsbjyt.supabase.co/storage/v1/object/public/machine-images/takeuchi-tl220-hero.webp,model,takeuchi-tl220,no core.model shopify_handle match,production.model
https://tcykyktvdlsbscrsbjyt.supabase.co/storage/v1/object/public/machine-images/komatsu-pc35mr-hero.webp,model,komatsu-pc35mr,no core.model shopify_handle match,production.model
https://tcykyktvdlsbscrsbjyt.supabase.co/storage/v1/object/public/machine-images/wacker-neuson-50z3-hero.webp,model,wacker-neuson-50z3,no core.model shopify_handle match,production.model
https://tcykyktvdlsbscrsbjyt.supabase.co/storage/v1/object/public/machine-images/cat-277-hero.webp,model,cat-277,no core.model shopify_handle match,production.model
https://tcykyktvdlsbscrsbjyt.supabase.co/storage/v1/object/public/machine-images/terex-pt100-hero.webp,model,terex-pt100,no core.model shopify_handle match,production.model
https://tcykyktvdlsbscrsbjyt.supabase.co/storage/v1/object/public/machine-images/cat-279d-hero.webp,model,cat-279d,no core.model shopify_handle match,production.model
https://tcykyktvdlsbscrsbjyt.supabase.co/storage/v1/object/public/machine-images/cat-299c-hero.webp,model,cat-299c,no core.model shopify_handle match,production.model
https://tcykyktvdlsbscrsbjyt.supabase.co/storage/v1/object/public/machine-images/cat-259d-hero.webp,model,cat-259d,no core.model shopify_handle match,production.model
https://tcykyktvdlsbscrsbjyt.supabase.co/storage/v1/object/public/machine-images/cat-299d2-xhp-hero.webp,model,cat-299d2-xhp,no core.model shopify_handle match,production.model
https://tcykyktvdlsbscrsbjyt.supabase.co/storage/v1/object/public/machine-images/cat-289c-hero.webp,model,cat-289c,no core.model shopify_handle match,production.model
https://tcykyktvdlsbscrsbjyt.supabase.co/storage/v1/object/public/machine-images/cat-299d-hero.webp,model,cat-299d,no core.model shopify_handle match,production.model
https://tcykyktvdlsbscrsbjyt.supabase.co/storage/v1/object/public/machine-images/cat-289d-hero.webp,model,cat-289d,no core.model shopify_handle match,production.model
https://tcykyktvdlsbscrsbjyt.supabase.co/storage/v1/object/public/machine-images/cat-279c-hero.webp,model,cat-279c,no core.model shopify_handle match,production.model
https://tcykyktvdlsbscrsbjyt.supabase.co/storage/v1/object/public/machine-images/cat-289c2-hero.webp,model,cat-289c2,no core.model shopify_handle match,production.model
https://tcykyktvdlsbscrsbjyt.supabase.co/storage/v1/object/public/machine-images/cat-279c2-hero.webp,model,cat-279c2,no core.model shopify_handle match,production.model
https://tcykyktvdlsbscrsbjyt.supabase.co/storage/v1/object/public/machine-images/cat-305-cr-hero.webp,model,cat-305-cr,no core.model shopify_handle match,production.model
https://tcykyktvdlsbscrsbjyt.supabase.co/storage/v1/object/public/machine-images/hitachi-zx17u-5-hero.webp,model,hitachi-zx17u-5,no core.model shopify_handle match,production.model
https://tcykyktvdlsbscrsbjyt.supabase.co/storage/v1/object/public/machine-images/hitachi-zx35u-5-hero.webp,model,hitachi-zx35u-5,no core.model shopify_handle match,production.model
https://tcykyktvdlsbscrsbjyt.supabase.co/storage/v1/object/public/machine-images/kubota-svl90-hero.webp,model,kubota-svl90,no core.model shopify_handle match,production.model
https://tcykyktvdlsbscrsbjyt.supabase.co/storage/v1/object/public/machine-images/gehl-rt185-hero.webp,model,gehl-rt185,no core.model shopify_handle match,production.model
https://tcykyktvdlsbscrsbjyt.supabase.co/storage/v1/object/public/machine-images/gehl-rt175-hero.webp,model,gehl-rt175,no core.model shopify_handle match,production.model
https://tcykyktvdlsbscrsbjyt.supabase.co/storage/v1/object/public/machine-images/cat-257-hero.webp,model,cat-257,no core.model shopify_handle match,production.model
https://tcykyktvdlsbscrsbjyt.supabase.co/storage/v1/object/public/machine-images/komatsu-pc20mr-hero.webp,model,komatsu-pc20mr,no core.model shopify_handle match,production.model
https://tcykyktvdlsbscrsbjyt.supabase.co/storage/v1/object/public/machine-images/hitachi-zx30u-5-hero.webp,model,hitachi-zx30u-5,no core.model shopify_handle match,production.model
https://tcykyktvdlsbscrsbjyt.supabase.co/storage/v1/object/public/machine-images/cat-303-5-hero.webp,model,cat-303-5,no core.model shopify_handle match,production.model
https://tcykyktvdlsbscrsbjyt.supabase.co/storage/v1/object/public/machine-images/cat-303-cr-hero.webp,model,cat-303-cr,no core.model shopify_handle match,production.model
https://cdn.shopify.com/s/files/1/0952/1977/7823/files/bobcat-skid-steer-hero.webp?v=1773971451,model,bobcat-t7x,manifest handle not in core.model,model_hero_manifest
https://cdn.shopify.com/s/files/1/0952/1977/7823/files/cat-skid-steer-hero.webp?v=1773971451,model,cat-304,manifest handle not in core.model,model_hero_manifest
https://cdn.shopify.com/s/files/1/0952/1977/7823/files/bobcat-excavator-hero.webp?v=1773973926,model,bobcat-e14,manifest handle not in core.model,model_hero_manifest
https://cdn.shopify.com/s/files/1/0952/1977/7823/files/kubota-excavator-hero.webp?v=1773971452,model,kubota-k008-5,manifest handle not in core.model,model_hero_manifest
https://cdn.shopify.com/s/files/1/0952/1977/7823/files/ASV-multi-terrain-loader-hero.webp?v=1773971451,model,asv-rt-120,manifest handle not in core.model,model_hero_manifest
https://cdn.shopify.com/s/files/1/0952/1977/7823/files/takeuchi-excavator-hero.webp?v=1773971535,model,takeuchi-tb335,manifest handle not in core.model,model_hero_manifest
https://cdn.shopify.com/s/files/1/0952/1977/7823/files/takeuchi-skid-steer-hero.webp?v=1773971452,model,takeuchi-tl230-legacy,manifest handle not in core.model,model_hero_manifest
https://cdn.shopify.com/s/files/1/0952/1977/7823/files/case-skid-steer-hero.webp?v=1773971451,model,case-tr370b,manifest handle not in core.model,model_hero_manifest
https://cdn.shopify.com/s/files/1/0952/1977/7823/files/case-excavator-hero.webp?v=1773973926,model,case-cx55c,manifest handle not in core.model,model_hero_manifest
https://cdn.shopify.com/s/files/1/0952/1977/7823/files/john-deere-excavator-hero.webp?v=1773971529,model,john-deere-26p,manifest handle not in core.model,model_hero_manifest
https://cdn.shopify.com/s/files/1/0952/1977/7823/files/jcb-excavator-hero.webp?v=1773971530,model,jcb-8040zts,manifest handle not in core.model,model_hero_manifest
https://cdn.shopify.com/s/files/1/0952/1977/7823/files/new-holland-excavator-hero.webp?v=1773971532,model,new-holland-e55c,manifest handle not in core.model,model_hero_manifest
https://cdn.shopify.com/s/files/1/0952/1977/7823/files/wacker-skid-steer-hero.webp?v=1773971452,model,wacker-neuson-ez19,manifest handle not in core.model,model_hero_manifest
https://cdn.shopify.com/s/files/1/0952/1977/7823/files/new-holland-skid-steer-hero.webp?v=1773971452,model,new-holland-c233,manifest handle not in core.model,model_hero_manifest
https://cdn.shopify.com/s/files/1/0952/1977/7823/files/volvo-skid-steer-hero.webp?v=1773971452,model,volvo-ec60c,manifest handle not in core.model,model_hero_manifest
https://cdn.shopify.com/s/files/1/0952/1977/7823/files/ditchwitch-stand-on-track-loader.webp?v=1774293676,model,ditch-witch-sk3000,manifest handle not in core.model,model_hero_manifest
https://cdn.shopify.com/s/files/1/0952/1977/7823/files/vermeer-stand-on-track-loader.webp?v=1774293795,model,vermeer-s450tx,manifest handle not in core.model,model_hero_manifest
https://cdn.shopify.com/s/files/1/0952/1977/7823/files/kobelco-excavator-hero.webp?v=1774293477,model,kobelco-sk30sr,manifest handle not in core.model,model_hero_manifest
https://cdn.shopify.com/s/files/1/0952/1977/7823/files/kubota-skid-steer-hero.webp?v=1773971452,model,develon-dtl35,manifest handle not in core.model,model_hero_manifest
https://cdn.shopify.com/s/files/1/0952/1977/7823/files/jcb-skid-steer-hero.webp?v=1773971451,model,jcb-325t,manifest handle not in core.model,model_hero_manifest
https://cdn.shopify.com/s/files/1/0952/1977/7823/files/komatsu-excavator-hero.webp?v=1773971530,model,komatsu-pc18mr,manifest handle not in core.model,model_hero_manifest
https://cdn.shopify.com/s/files/1/0952/1977/7823/files/sany-excavator-hero.webp?v=1773971535,model,sany-sy55u,manifest handle not in core.model,model_hero_manifest
