track_size_id,canonical_size,base_size,width_mm,pitch,guide,links,source_count,source
ts_150x48bx67,150x48Bx67,150x48Bx67,150.0,48.0,B,67,1,tracktech_spec_export
ts_160x8763x28,160x87.63x28,160x87.63x28,160.0,87.63,,28,2,tracktech_spec_export
ts_160x8763x37,160x87.63x37,160x87.63x37,160.0,87.63,,37,2,tracktech_spec_export
ts_180x60x39,180x60x39,180x60x39,180.0,60.0,,39,1,tracktech_spec_export
ts_180x72x33,180x72x33,180x72x33,180.0,72.0,,33,1,tracktech_spec_export
ts_180x72x36,180x72x36,180x72x36,180.0,72.0,,36,1,tracktech_spec_export
ts_180x72x37,180x72x37,180x72x37,180.0,72.0,,37,1,tracktech_spec_export
ts_180x72x39,180x72x39,180x72x39,180.0,72.0,,39,3,tracktech_spec_export
ts_180x72x40,180x72x40,180x72x40,180.0,72.0,,40,1,tracktech_spec_export
ts_180x72x41,180x72x41,180x72x41,180.0,72.0,,41,1,tracktech_spec_export
ts_180x72x42,180x72x42,180x72x42,180.0,72.0,,42,1,tracktech_spec_export
ts_180x72kx44,180x72Kx44,180x72Kx44,180.0,72.0,K,44,1,tracktech_spec_export
ts_180x72kx45,180x72Kx45,180x72Kx45,180.0,72.0,K,45,2,tracktech_spec_export
ts_230x48x60,230x48x60,230x48x60,230.0,48.0,,60,1,tracktech_spec_export
ts_230x48x62,230x48x62,230x48x62,230.0,48.0,,62,1,tracktech_spec_export
ts_230x48x64,230x48x64,230x48x64,230.0,48.0,,64,1,tracktech_spec_export
ts_230x48x68,230x48x68,230x48x68,230.0,48.0,,68,1,tracktech_spec_export
ts_230x48x70,230x48x70,230x48x70,230.0,48.0,,70,2,tracktech_spec_export
ts_230x48x72,230x48x72,230x48x72,230.0,48.0,,72,1,tracktech_spec_export
ts_230x72x39,230x72x39,230x72x39,230.0,72.0,,39,1,tracktech_spec_export
ts_230x72x42,230x72x42,230x72x42,230.0,72.0,,42,1,tracktech_spec_export
ts_230x72x43,230x72x43,230x72x43,230.0,72.0,,43,1,tracktech_spec_export
ts_230x72kx44,230x72Kx44,230x72Kx44,230.0,72.0,K,44,1,tracktech_spec_export
ts_230x72kx45,230x72Kx45,230x72Kx45,230.0,72.0,K,45,1,tracktech_spec_export
ts_230x96x31,230x96x31,230x96x31,230.0,96.0,,31,1,tracktech_spec_export
ts_230x96x36,230x96x36,230x96x36,230.0,96.0,,36,1,tracktech_spec_export
ts_240x8763x28,240x87.63x28,240x87.63x28,240.0,87.63,,28,2,tracktech_spec_export
ts_240x8763x37,240x87.63x37,240x87.63x37,240.0,87.63,,37,2,tracktech_spec_export
ts_250x48bx67,250x48Bx67,250x48Bx67,250.0,48.0,B,67,1,tracktech_spec_export
ts_250x72x39,250x72x39,250x72x39,250.0,72.0,,39,2,tracktech_spec_export
ts_250x72x45,250x72x45,250x72x45,250.0,72.0,,45,1,tracktech_spec_export
ts_250x72x52,250x72x52,250x72x52,250.0,72.0,,52,2,tracktech_spec_export
ts_300x525x86,300x52.5x86,300x52.5x86,300.0,52.5,,86,1,tracktech_spec_export
ts_300x525kx86,300x52.5Kx86,300x52.5Kx86,300.0,52.5,K,86,1,tracktech_spec_export
ts_300x525kx88,300x52.5Kx88,300x52.5Kx88,300.0,52.5,K,88,1,tracktech_spec_export
ts_300x525nx74,300x52.5Nx74,300x52.5Nx74,300.0,52.5,N,74,1,tracktech_spec_export
ts_300x525nx76,300x52.5Nx76,300x52.5Nx76,300.0,52.5,N,76,1,tracktech_spec_export
ts_300x525nx78,300x52.5Nx78,300x52.5Nx78,300.0,52.5,N,78,1,tracktech_spec_export
ts_300x525nx80,300x52.5Nx80,300x52.5Nx80,300.0,52.5,N,80,3,tracktech_spec_export
ts_300x525nx84,300x52.5Nx84,300x52.5Nx84,300.0,52.5,N,84,1,tracktech_spec_export
ts_300x525nx86,300x52.5Nx86,300x52.5Nx86,300.0,52.5,N,86,2,tracktech_spec_export
ts_300x525nx92,300x52.5Nx92,300x52.5Nx92,300.0,52.5,N,92,1,tracktech_spec_export
ts_300x525wx76,300x52.5Wx76,300x52.5Wx76,300.0,52.5,W,76,1,tracktech_spec_export
ts_300x525wx78,300x52.5Wx78,300x52.5Wx78,300.0,52.5,W,78,2,tracktech_spec_export
ts_300x525wx82,300x52.5Wx82,300x52.5Wx82,300.0,52.5,W,82,1,tracktech_spec_export
ts_300x525wx84,300x52.5Wx84,300x52.5Wx84,300.0,52.5,W,84,2,tracktech_spec_export
ts_300x525wx86,300x52.5Wx86,300x52.5Wx86,300.0,52.5,W,86,2,tracktech_spec_export
ts_300x525wx88,300x52.5Wx88,300x52.5Wx88,300.0,52.5,W,88,1,tracktech_spec_export
ts_300x525wx90,300x52.5Wx90,300x52.5Wx90,300.0,52.5,W,90,3,tracktech_spec_export
ts_300x53x80,300x53x80,300x53x80,300.0,53.0,,80,2,tracktech_spec_export
ts_300x53x84,300x53x84,300x53x84,300.0,53.0,,84,1,tracktech_spec_export
ts_300x555x82,300x55.5x82,300x55.5x82,300.0,55.5,,82,1,tracktech_spec_export
ts_300x84x46,300x84x46,300x84x46,300.0,84.0,,46,1,tracktech_spec_export
ts_300x86bx48,300x86Bx48,300x86Bx48,300.0,86.0,B,48,1,tracktech_spec_export
ts_320x54x72,320x54x72,320x54x72,320.0,54.0,,72,1,tracktech_spec_export
ts_320x54x82,320x54x82,320x54x82,320.0,54.0,,82,1,tracktech_spec_export
ts_320x54x90,320x54x90,320x54x90,320.0,54.0,,90,1,tracktech_spec_export
ts_320x84bx46,320x84Bx46,320x84Bx46,320.0,84.0,B,46,2,tracktech_spec_export
ts_320x86x46,320x86x46,320x86x46,320.0,86.0,,46,3,tracktech_spec_export
ts_320x86x48,320x86x48,320x86x48,320.0,86.0,,48,2,tracktech_spec_export
ts_320x86x52,320x86x52,320x86x52,320.0,86.0,,52,4,tracktech_spec_export
ts_320x86bx49,320x86Bx49,320x86Bx49,320.0,86.0,B,49,10,tracktech_spec_export
ts_320x86bx50,320x86Bx50,320x86Bx50,320.0,86.0,B,50,11,tracktech_spec_export
ts_320x86bx52,320x86Bx52,320x86Bx52,320.0,86.0,B,52,10,tracktech_spec_export
ts_320x86bx53,320x86Bx53,320x86Bx53,320.0,86.0,B,53,9,tracktech_spec_export
ts_320x86bx54,320x86Bx54,320x86Bx54,320.0,86.0,B,54,2,tracktech_spec_export
ts_320x100x40,320x100x40,320x100x40,320.0,100.0,,40,1,tracktech_spec_export
ts_320x100x43,320x100x43,320x100x43,320.0,100.0,,43,1,tracktech_spec_export
ts_350x525x86,350x52.5x86,350x52.5x86,350.0,52.5,,86,3,tracktech_spec_export
ts_350x525x90,350x52.5x90,350x52.5x90,350.0,52.5,,90,1,tracktech_spec_export
ts_350x525x92,350x52.5x92,350x52.5x92,350.0,52.5,,92,1,tracktech_spec_export
ts_350x545x86,350x54.5x86,350x54.5x86,350.0,54.5,,86,1,tracktech_spec_export
ts_350x755x74,350x75.5x74,350x75.5x74,350.0,75.5,,74,1,tracktech_spec_export
ts_380x86bx52,380x86Bx52,380x86Bx52,380.0,86.0,B,52,2,tracktech_spec_export
ts_381x1005x42,381x100.5x42,381x100.5x42,381.0,100.5,,42,1,tracktech_spec_export
ts_400x725kx72,400x72.5Kx72,400x72.5Kx72,400.0,72.5,K,72,1,tracktech_spec_export
ts_400x725kx74,400x72.5Kx74,400x72.5Kx74,400.0,72.5,K,74,1,tracktech_spec_export
ts_400x725nx70,400x72.5Nx70,400x72.5Nx70,400.0,72.5,N,70,1,tracktech_spec_export
ts_400x725nx72,400x72.5Nx72,400x72.5Nx72,400.0,72.5,N,72,2,tracktech_spec_export
ts_400x725nx74,400x72.5Nx74,400x72.5Nx74,400.0,72.5,N,74,4,tracktech_spec_export
ts_400x725wx1,400x72.5Wx1,400x72.5Wx1,400.0,72.5,W,1,1,tracktech_spec_export
ts_400x725wx70,400x72.5Wx70,400x72.5Wx70,400.0,72.5,W,70,1,tracktech_spec_export
ts_400x725wx72,400x72.5Wx72,400x72.5Wx72,400.0,72.5,W,72,4,tracktech_spec_export
ts_400x725wx74,400x72.5Wx74,400x72.5Wx74,400.0,72.5,W,74,4,tracktech_spec_export
ts_400x725wx76,400x72.5Wx76,400x72.5Wx76,400.0,72.5,W,76,2,tracktech_spec_export
ts_400x73x76,400x73x76,400x73x76,400.0,73.0,,76,1,tracktech_spec_export
ts_400x74x72,400x74x72,400x74x72,400.0,74.0,,72,1,tracktech_spec_export
ts_400x755x74,400x75.5x74,400x75.5x74,400.0,75.5,,74,1,tracktech_spec_export
ts_400x86x52,400x86x52,400x86x52,400.0,86.0,,52,3,tracktech_spec_export
ts_400x86bx49,400x86Bx49,400x86Bx49,400.0,86.0,B,49,7,tracktech_spec_export
ts_400x86bx50,400x86Bx50,400x86Bx50,400.0,86.0,B,50,8,tracktech_spec_export
ts_400x86bx52,400x86Bx52,400x86Bx52,400.0,86.0,B,52,9,tracktech_spec_export
ts_400x86bx53,400x86Bx53,400x86Bx53,400.0,86.0,B,53,8,tracktech_spec_export
ts_400x86bx54,400x86Bx54,400x86Bx54,400.0,86.0,B,54,4,tracktech_spec_export
ts_400x86bx55,400x86Bx55,400x86Bx55,400.0,86.0,B,55,4,tracktech_spec_export
ts_400x86bx56,400x86Bx56,400x86Bx56,400.0,86.0,B,56,2,tracktech_spec_export
ts_400x86bx58,400x86Bx58,400x86Bx58,400.0,86.0,B,58,1,tracktech_spec_export
ts_400x86bx60,400x86Bx60,400x86Bx60,400.0,86.0,B,60,1,tracktech_spec_export
ts_406x1524x53,406x152.4x53,406x152.4x53,406.0,152.4,,53,1,tracktech_spec_export
ts_450x71x82,450x71x82,450x71x82,450.0,71.0,,82,1,tracktech_spec_export
ts_450x71x84,450x71x84,450x71x84,450.0,71.0,,84,1,tracktech_spec_export
ts_450x71x86,450x71x86,450x71x86,450.0,71.0,,86,1,tracktech_spec_export
ts_450x76x80,450x76x80,450x76x80,450.0,76.0,,80,1,tracktech_spec_export
ts_450x81nx76,450x81Nx76,450x81Nx76,450.0,81.0,N,76,1,tracktech_spec_export
ts_450x81nx78,450x81Nx78,450x81Nx78,450.0,81.0,N,78,2,tracktech_spec_export
ts_450x81wx74,450x81Wx74,450x81Wx74,450.0,81.0,W,74,1,tracktech_spec_export
ts_450x81wx76,450x81Wx76,450x81Wx76,450.0,81.0,W,76,4,tracktech_spec_export
ts_450x81wx78,450x81Wx78,450x81Wx78,450.0,81.0,W,78,1,tracktech_spec_export
ts_450x815x76,450x81.5x76,450x81.5x76,450.0,81.5,,76,2,tracktech_spec_export
ts_450x835x72,450x83.5x72,450x83.5x72,450.0,83.5,,72,1,tracktech_spec_export
ts_450x835kx74,450x83.5Kx74,450x83.5Kx74,450.0,83.5,K,74,2,tracktech_spec_export
ts_450x835yx74,450x83.5Yx74,450x83.5Yx74,450.0,83.5,Y,74,1,tracktech_spec_export
ts_450x86bx52,450x86Bx52,450x86Bx52,450.0,86.0,B,52,10,tracktech_spec_export
ts_450x86bx53,450x86Bx53,450x86Bx53,450.0,86.0,B,53,7,tracktech_spec_export
ts_450x86bx55,450x86Bx55,450x86Bx55,450.0,86.0,B,55,12,tracktech_spec_export
ts_450x86bx56,450x86Bx56,450x86Bx56,450.0,86.0,B,56,13,tracktech_spec_export
ts_450x86bx58,450x86Bx58,450x86Bx58,450.0,86.0,B,58,13,tracktech_spec_export
ts_450x86bx60,450x86Bx60,450x86Bx60,450.0,86.0,B,60,14,tracktech_spec_export
ts_450x86bx63,450x86Bx63,450x86Bx63,450.0,86.0,B,63,5,tracktech_spec_export
ts_450x100x48,450x100x48,450x100x48,450.0,100.0,,48,6,tracktech_spec_export
ts_450x100x50,450x100x50,450x100x50,450.0,100.0,,50,6,tracktech_spec_export
ts_457x1016x50,457x101.6x50,457x101.6x50,457.0,101.6,,50,1,tracktech_spec_export
ts_457x1016x51,457x101.6x51,457x101.6x51,457.0,101.6,,51,2,tracktech_spec_export
ts_457x1016x56,457x101.6x56,457x101.6x56,457.0,101.6,,56,1,tracktech_spec_export
ts_457x1524x55,457x152.4x55,457x152.4x55,457.0,152.4,,55,1,tracktech_spec_export
ts_500x92x84,500x92x84,500x92x84,500.0,92.0,,84,1,tracktech_spec_export
ts_700x100x98,700x100x98,700x100x98,700.0,100.0,,98,1,tracktech_spec_export
ts_750x150x66,750x150x66,750x150x66,750.0,150.0,,66,1,tracktech_spec_export
