Handle,Command,Field: seo_title,Field: seo_description
bobcat-t650,MERGE,"Bobcat T650 Parts, Rubber Tracks & Attachments | Heavy Iron Supply Co","Shop Bobcat T650 rubber tracks, undercarriage parts, buckets, root grapples, pallet forks, and brush cutters from Heavy Iron Supply."
cat-255,MERGE,CAT 255 Rubber Track & Parts | Heavy Iron Supply Co,"Shop CAT 255 Compact Track Loader rubber tracks (450x86x56), undercarriage parts & attachments. Fleet pricing. Ships to contiguous US."
bobcat-t630,MERGE,"Bobcat T630 Parts, Rubber Tracks & Attachments | Heavy Iron Supply Co","Shop Bobcat T630 rubber tracks, undercarriage parts, buckets, root grapples, pallet forks, and brush cutters from Heavy Iron Supply."
kubota-svl75-3,MERGE,Kubota SVL75-3 Rubber Track & Parts | Heavy Iron Supply Co,"Shop Kubota SVL75-3 Compact Track Loader rubber tracks (400x86x55), undercarriage parts & attachments. Fleet pricing. Ships to contiguous US."
bobcat-t200,MERGE,Bobcat T200 Parts & Rubber Tracks (320x86x52) | Heavy Iron Supply,"Shop Bobcat T200 rubber tracks (320x86x52), undercarriage parts, and skid-steer attachments. OEM-spec fitment, 24-month warranty, free freight on most orders."
kubota-svl75-2,MERGE,"Kubota SVL75-2 Parts, Rubber Tracks & Attachments | Heavy Iron Supply","Shop Kubota SVL75-2 rubber tracks, undercarriage parts, buckets, grapples, pallet forks, and brush cutters. Compare tread options, track sizes, and machine-ready upgrades."
kubota-svl65-2,MERGE,Kubota SVL65-2 Parts & Rubber Tracks (320x86x50) | Heavy Iron Supply,"Shop Kubota SVL65-2 rubber tracks (320x86x50), undercarriage parts, and skid-steer attachments. OEM-spec fitment, 24-month warranty, free freight on most orders"
gehl-rt185,MERGE,Gehl RT185 Rubber Track & Parts | Heavy Iron Supply Co,"Shop Gehl RT185 Compact Track Loader rubber tracks (320x86x49), undercarriage parts & attachments. Fleet pricing. Ships to contiguous US."
jcb-190t,MERGE,Jcb 190T Rubber Track & Parts | Heavy Iron Supply Co,"Shop Jcb 190T rubber tracks, undercarriage parts & attachments. Fleet pricing. Ships to contiguous US."
john-deere-325g,MERGE,John Deere 325G Rubber Track & Parts | Heavy Iron Supply Co,"Shop John Deere 325G Compact Track Loader rubber tracks (400x86x56), undercarriage parts & attachments. Fleet pricing. Ships to contiguous US."
gehl-rt175,MERGE,Gehl RT175 Rubber Track & Parts | Heavy Iron Supply Co,"Shop Gehl RT175 Compact Track Loader rubber tracks (320x86x49), undercarriage parts & attachments. Fleet pricing. Ships to contiguous US."
takeuchi-tl8,MERGE,Takeuchi TL8 Rubber Track & Parts | Heavy Iron Supply Co,"Shop Takeuchi TL8 rubber tracks, undercarriage parts & attachments. Fleet pricing. Ships to contiguous US."
kubota-svl75,MERGE,Kubota SVL75 Rubber Track & Parts | Heavy Iron Supply Co,"Shop Kubota SVL75 rubber tracks, undercarriage parts & attachments. Fleet pricing. Ships to contiguous US."
takeuchi-tl130,MERGE,Takeuchi TL130 Parts & Rubber Tracks (320x86x52) | Heavy Iron Supply,"Shop Takeuchi TL130 rubber tracks (320x86x52), undercarriage parts, and skid-steer attachments. OEM-spec fitment, 24-month warranty, free freight on most orders"
takeuchi-tl230,MERGE,Takeuchi TL230 Rubber Track & Parts | Heavy Iron Supply Co,"Shop Takeuchi TL230 rubber tracks, undercarriage parts & attachments. Fleet pricing. Ships to contiguous US."
bobcat-t870,MERGE,"Bobcat T870 Parts, Rubber Tracks & Attachments | Heavy Iron Supply Co","Shop Bobcat T870 rubber tracks, undercarriage parts, buckets, root grapples, pallet forks, and brush cutters from Heavy Iron Supply."
john-deere-323d,MERGE,John Deere 323D Rubber Track & Parts | Heavy Iron Supply Co,"Shop John Deere 323D Compact Track Loader rubber tracks (320x86x52), undercarriage parts & attachments. Fleet pricing. Ships to contiguous US."
case-tr310b,MERGE,Case TR310B Rubber Track & Parts | Heavy Iron Supply Co,"Shop Case TR310B Compact Track Loader rubber tracks (400x86x55), undercarriage parts & attachments. Fleet pricing. Ships to contiguous US."
takeuchi-tl10v2,MERGE,Takeuchi TL10V2 Rubber Track & Parts | Heavy Iron Supply Co,"Shop Takeuchi TL10V2 Compact Track Loader rubber tracks (400x86x56), undercarriage parts & attachments. Fleet pricing. Ships to contiguous US."
john-deere-323e,MERGE,John Deere 323E Rubber Track & Parts | Heavy Iron Supply Co,"Shop John Deere 323E Compact Track Loader rubber tracks (400x86x56), undercarriage parts & attachments. Fleet pricing. Ships to contiguous US."
john-deere-ct322,MERGE,John Deere CT322 Rubber Track & Parts | Heavy Iron Supply Co,"Shop John Deere CT322 Compact Track Loader rubber tracks (320x86x52), undercarriage parts & attachments. Fleet pricing. Ships to contiguous US."
bobcat-t180,MERGE,Bobcat T180 Rubber Track & Parts | Heavy Iron Supply Co,"Shop Bobcat T180 Compact Track Loader rubber tracks (230x72x43), undercarriage parts & attachments. Fleet pricing. Ships to contiguous US."
takeuchi-tl8r2,MERGE,Takeuchi TL8R2 Rubber Track & Parts | Heavy Iron Supply Co,"Shop Takeuchi TL8R2 Compact Track Loader rubber tracks (320x86x52), undercarriage parts & attachments. Fleet pricing. Ships to contiguous US."
case-tr340b,MERGE,Case TR340B Rubber Track & Parts | Heavy Iron Supply Co,"Shop Case TR340B Compact Track Loader rubber tracks (450x86x56), undercarriage parts & attachments. Fleet pricing. Ships to contiguous US."
john-deere-319e,MERGE,John Deere 319E Rubber Track & Parts | Heavy Iron Supply Co,"Shop John Deere 319E Compact Track Loader rubber tracks (320x86x52), undercarriage parts & attachments. Fleet pricing. Ships to contiguous US."
cat-259d3,MERGE,CAT 259D3 Rubber Track & Parts | Heavy Iron Supply Co,"Shop CAT 259D3 Compact Track Loader rubber tracks (400x86x53), undercarriage parts & attachments. Fleet pricing. Ships to contiguous US."
mustang-1650rt,MERGE,"Mustang 1650RT Rubber Tracks, Parts & Attachments | Heavy Iron Supply Co","Shop OEM-spec rubber tracks, undercarriage parts, and attachments for the Mustang 1650RT. Free LTL freight, 24-month warranty, same-day shipping before 12PM CT."
case-tv450b,MERGE,Case TV450B Rubber Track & Parts | Heavy Iron Supply Co,"Shop Case TV450B Compact Track Loader rubber tracks (450x86x58), undercarriage parts & attachments. Fleet pricing. Ships to contiguous US."
volvo-mct85c,MERGE,Volvo MCT85C Rubber Track & Parts | Heavy Iron Supply Co,"Shop Volvo MCT85C rubber tracks, undercarriage parts & attachments. Fleet pricing. Ships to contiguous US."
bobcat-t76,MERGE,Bobcat T76 Rubber Track & Parts | Heavy Iron Supply Co,"Shop Bobcat T76 Compact Track Loader rubber tracks (400x86x55), undercarriage parts & attachments. Fleet pricing. Ships to contiguous US."
mustang-1650-rt,MERGE,Mustang 1650RT Rubber Track & Parts | Heavy Iron Supply Co,"Shop Mustang 1650RT rubber tracks, undercarriage parts & attachments. Fleet pricing. Ships to contiguous US."
cat-259d,MERGE,CAT 259D Rubber Track & Parts | Heavy Iron Supply Co,"Shop CAT 259D Compact Track Loader rubber tracks (400x86x53), undercarriage parts & attachments. Fleet pricing. Ships to contiguous US."
case-tv380,MERGE,Case TV380 Rubber Track & Parts | Heavy Iron Supply Co,"Shop Case TV380 Compact Track Loader rubber tracks (450x86x55), undercarriage parts & attachments. Fleet pricing. Ships to contiguous US."
case-tr340,MERGE,Case TR340 Rubber Track & Parts | Heavy Iron Supply Co,"Shop Case TR340 Compact Track Loader rubber tracks (400x86x55), undercarriage parts & attachments. Fleet pricing. Ships to contiguous US."
new-holland-c232,MERGE,New Holland C232 Rubber Track & Parts | Heavy Iron Supply Co,"Shop New Holland C232 Compact Track Loader rubber tracks (320x86x52), undercarriage parts & attachments. Fleet pricing. Ships to contiguous US."
bobcat-t595,MERGE,"Bobcat T595 Parts, Rubber Tracks & Attachments | Heavy Iron Supply Co","Shop Bobcat T595 rubber tracks, undercarriage parts, buckets, root grapples, pallet forks, and brush cutters from Heavy Iron Supply."
new-holland-c190,MERGE,New Holland C190 Rubber Track & Parts | Heavy Iron Supply Co,"Shop New Holland C190 Compact Track Loader rubber tracks (450x86x55), undercarriage parts & attachments. Fleet pricing. Ships to contiguous US."
bobcat-t190,MERGE,Bobcat T190 Rubber Track & Parts | Heavy Iron Supply Co,"Shop Bobcat T190 Compact Track Loader rubber tracks (320x86x49), undercarriage parts & attachments. Fleet pricing. Ships to contiguous US."
new-holland-c185,MERGE,New Holland C185 Rubber Track & Parts | Heavy Iron Supply Co,"Shop New Holland C185 Compact Track Loader rubber tracks (320x86x52), undercarriage parts & attachments. Fleet pricing. Ships to contiguous US."
gehl-rt165,MERGE,Gehl RT165 Rubber Track & Parts | Heavy Iron Supply Co,"Shop Gehl RT165 Compact Track Loader rubber tracks (320x86x49), undercarriage parts & attachments. Fleet pricing. Ships to contiguous US."
new-holland-lt190b,MERGE,New Holland LT190B Rubber Track & Parts | Heavy Iron Supply Co,"Shop New Holland LT190B rubber tracks, undercarriage parts & attachments. Fleet pricing. Ships to contiguous US."
bobcat-t590,MERGE,"Bobcat T590 Parts, Rubber Tracks & Attachments | Heavy Iron Supply Co","Shop Bobcat T590 rubber tracks, undercarriage parts, buckets, root grapples, pallet forks, and brush cutters from Heavy Iron Supply."
bobcat-t550,MERGE,"Bobcat T550 Parts, Rubber Tracks & Attachments | Heavy Iron Supply Co","Shop Bobcat T550 rubber tracks, undercarriage parts, buckets, root grapples, pallet forks, and brush cutters from Heavy Iron Supply."
new-holland-lt185b,MERGE,New Holland LT185B Rubber Track & Parts | Heavy Iron Supply Co,"Shop New Holland LT185B rubber tracks, undercarriage parts & attachments. Fleet pricing. Ships to contiguous US."
takeuchi-tl12v2,MERGE,Takeuchi TL12V2 Rubber Track & Parts | Heavy Iron Supply Co,"Shop Takeuchi TL12V2 Compact Track Loader rubber tracks (450x86x60), undercarriage parts & attachments. Fleet pricing. Ships to contiguous US."
new-holland-c238,MERGE,New Holland C238 Rubber Track & Parts | Heavy Iron Supply Co,"Shop New Holland C238 Compact Track Loader rubber tracks (400x86x55), undercarriage parts & attachments. Fleet pricing. Ships to contiguous US."
case-tr320,MERGE,Case TR320 Rubber Track & Parts | Heavy Iron Supply Co,"Shop Case TR320 Compact Track Loader rubber tracks (400x86x52), undercarriage parts & attachments. Fleet pricing. Ships to contiguous US."
cat-249d,MERGE,"CAT 249D Rubber Tracks, Parts & Attachments | Heavy Iron Supply Co","Shop CAT 249D compact track loader rubber tracks, undercarriage parts, and attachments. OEM-cross-referenced fitment, free freight to 48 states."
cat-239d,MERGE,"CAT 239D Rubber Tracks, Parts & Attachments | Heavy Iron Supply Co","Shop CAT 239D compact track loader rubber tracks, undercarriage parts, and attachments. OEM-cross-referenced fitment, free freight to 48 states."
cat-259b3,MERGE,"CAT 259B3 Rubber Tracks, Parts & Attachments | Heavy Iron Supply Co","Shop CAT 259B3 compact track loader rubber tracks, undercarriage parts, and attachments. OEM-cross-referenced fitment, free freight to 48 states."
