Handle,Command,Top Row,Variant SKU,Metafield: custom.fits_equipment_models [list.metaobject_reference]
cr03712-00100,MERGE,TRUE,CR03712-00100,"model.takeuchi-tb025, model.takeuchi-tb035, model.takeuchi-tb125, model.takeuchi-tb135, model.takeuchi-tb138fr, model.takeuchi-tb225, model.takeuchi-tb228, model.takeuchi-tb230, model.takeuchi-tb235, model.takeuchi-tb240"
cr03912-00100,MERGE,TRUE,CR03912-00100,"model.takeuchi-tb045, model.takeuchi-tb145, model.takeuchi-tb153fr, model.takeuchi-tb250, model.takeuchi-tb53fr"
cr05612-04080,MERGE,TRUE,CR05612-04080,"model.takeuchi-tb175, model.takeuchi-tb180fr"
cr1180-9221,MERGE,TRUE,CR1180-9221,"model.hitachi-zx40u-2, model.hitachi-zx50u, model.hitachi-zx50u-2, model.volvo-ec-35, model.volvo-ec27c, model.volvo-ec27d, model.volvo-ec35c, model.volvo-ec35d, model.volvo-ecr28, model.volvo-ecr38"
cr1181-00430,MERGE,TRUE,CR1181-00430,"model.volvo-ec55, model.volvo-ec55b, model.volvo-ecr58"
cr146-6064,MERGE,TRUE,CR146-6064,"model.cat-302-5, model.cat-302-5c, model.cat-303-5"
cr193-7070,MERGE,TRUE,CR193-7070,model.cat-303-cr
cr20t-30-00050,MERGE,TRUE,CR20T-30-00050,"model.komatsu-pc25-1, model.komatsu-pc78mr-6"
cr20t-30-00060,MERGE,TRUE,CR20T-30-00060,"model.komatsu-pc25-1, model.komatsu-pc30-7"
cr265-7675,MERGE,TRUE,CR265-7675,"model.cat-304c-cr, model.cat-305-5d-cr, model.cat-305-5e-cr, model.cat-305-5e2-cr, model.cat-305c-cr, model.cat-305dcr, model.cat-305e-cr"
cr266-8794,MERGE,TRUE,CR266-8794,"model.cat-303-5-cr, model.cat-303-5ccr, model.cat-303-5d-cr, model.cat-303-5e-cr, model.cat-303c-cr, model.cat-303ecr, model.cat-304d-cr, model.cat-304e-cr"
cr277-8576,MERGE,TRUE,CR277-8576,"model.cat-304, model.cat-304cr, model.cat-306cr, model.cat-307, model.cat-308, model.cat-308-cr, model.cat-308c-sr, model.cat-308e2-cr"
cr4392416,MERGE,TRUE,CR4392416,"model.hitachi-ex35-1, model.hitachi-ex50u, model.hitachi-ex58mu, model.hitachi-zx35u, model.hitachi-zx50u, model.john-deere-35zts, model.john-deere-50zts, model.john-deere-60d, model.john-deere-60g, model.kubota-kx161-3, model.kubota-u-45-3, model.kubota-u45s, model.kubota-u48-5"
cr4718355,MERGE,TRUE,CR4718355,"model.hitachi-zx27u-3, model.hitachi-zx35u-5, model.hitachi-zx50u-3, model.hitachi-zx50u-5, model.john-deere-26g, model.john-deere-27d, model.john-deere-30g, model.john-deere-35d, model.john-deere-35g, model.john-deere-50d, model.john-deere-50g"
cr7012275,MERGE,TRUE,CR7012275,model.bobcat-e80
cr7020867,MERGE,TRUE,CR7020867,"model.bobcat-e32, model.bobcat-e35, model.bobcat-e35i, model.bobcat-e42, model.bobcat-e45, model.bobcat-e50, model.bobcat-e55, model.doosan-dx35-5"
cr7257873,MERGE,TRUE,CR7257873,"model.bobcat-e26, model.volvo-ec-35, model.volvo-ec25, model.volvo-ec27c, model.volvo-ec30"
cr9237948,MERGE,TRUE,CR9237948,"model.hitachi-zx27u-3, model.john-deere-27d, model.john-deere-35d, model.komatsu-pc27mr-2, model.komatsu-pc27mr-3, model.komatsu-pc30mr-3, model.komatsu-pc35mr-2, model.komatsu-pc35mr-3"
cr9239529,MERGE,TRUE,CR9239529,"model.hitachi-zx40u-2, model.hitachi-zx50u-2, model.hitachi-zx50u-3, model.john-deere-50d, model.komatsu-pc-45mr-1, model.komatsu-pc30, model.komatsu-pc30r-8, model.komatsu-pc35mr-1, model.komatsu-pc35r-8, model.komatsu-pc45mr-3, model.komatsu-pc50mr-2, model.komatsu-pc55mr-3"
crlk327,MERGE,TRUE,CRLK327,"model.john-deere-75g, model.john-deere-75p, model.john-deere-85g, model.john-deere-85p"
crps64d01001f1,MERGE,TRUE,CRPS64D01001F1,"model.case-cx55b, model.new-holland-e55bx"
crpv64d00001f1,MERGE,TRUE,CRPV64D00001F1,"model.case-ck28, model.case-cx27b, model.case-cx31, model.case-cx31b, model.case-cx35, model.case-cx36b, model.new-holland-e-35sr, model.new-holland-e-40sr"
crpw64d01017f2,MERGE,TRUE,CRPW64D01017F2,"model.case-cx36, model.kobelco-sk35sr, model.new-holland-e30c"
crrc411-21903,MERGE,TRUE,CRRC411-21903,"model.kubota-k-030-3, model.kubota-k-035-3, model.kubota-kx-101-3, model.kubota-kx-61-3, model.kubota-kx033-4, model.kubota-kx71-3, model.kubota-kx71-3s, model.kubota-kx91-3, model.kubota-u-25-3, model.kubota-u-30-3, model.kubota-u25, model.kubota-u27-4, model.kubota-u35, model.kubota-u35-4"
crrd411-22900,MERGE,TRUE,CRRD411-22900,"model.bobcat-e26, model.jcb-8040zts, model.jcb-8045zts, model.jcb-805-2, model.jcb-8060, model.john-deere-35zts, model.john-deere-50zts, model.john-deere-60g, model.komatsu-pc35r-8, model.kubota-kx040-4, model.kubota-kx057-4, model.kubota-kx057-5, model.kubota-kx121-3, model.kubota-kx161-3, model.kubota-kx161-3s, model.kubota-u-30-3, model.kubota-u-45-3, model.kubota-u-48-4, model.kubota-u45s, model.kubota-u48-5, model.kubota-u55, model.kubota-u55-4, model.kubota-u55-5, model.volvo-ec25, model.volvo-ec30"
crrd809-21900,MERGE,TRUE,CRRD809-21900,"model.bobcat-e50, model.kubota-kx080-3"
crt006m027,MERGE,TRUE,CRT006M027,"model.gehl-802, model.jcb-803, model.jcb-804"
cryt64d01001f1,MERGE,TRUE,CRYT64D01001F1,"model.case-cx47, model.case-cx50b, model.case-cx55b, model.kobelco-sk45sr-2, model.kobelco-sk55srx, model.kobelco-sk85cs, model.new-holland-e-50b, model.new-holland-e50sr, model.new-holland-eh-50b, model.new-holland-eh45"
fi03714-00000,MERGE,TRUE,FI03714-00000,"model.kobelco-sk024, model.kobelco-sk025, model.kobelco-sk025-2, model.kobelco-sk025sr, model.takeuchi-tb025, model.takeuchi-tb035, model.takeuchi-tb125, model.takeuchi-tb135, model.takeuchi-tb138fr, model.takeuchi-tb228, model.takeuchi-tb230, model.takeuchi-tb235, model.takeuchi-tb240"
fi04214-01200,MERGE,TRUE,FI04214-01200,model.takeuchi-tb216
fi04614-90010,MERGE,TRUE,FI04614-90010,"model.takeuchi-tb045, model.takeuchi-tb145, model.takeuchi-tb153fr, model.takeuchi-tb250, model.takeuchi-tb53fr"
fi05614-00600,MERGE,TRUE,FI05614-00600,"model.takeuchi-tb175, model.takeuchi-tb180fr, model.takeuchi-tb290, model.takeuchi-tb80fr"
fi05614-03100,MERGE,TRUE,FI05614-03100,"model.takeuchi-tb280fr, model.takeuchi-tb285, model.takeuchi-tb290"
fi06814-00019,MERGE,TRUE,FI06814-00019,"model.takeuchi-tl10v2, model.takeuchi-tl8r2"
fi08801-40000,MERGE,TRUE,FI08801-40000,"model.gehl-ctl60, model.gehl-ctl65, model.mustang-mtl16, model.mustang-mtl316, model.takeuchi-tl130, model.takeuchi-tl230, model.takeuchi-tl230-2, model.takeuchi-tl8"
fi08811-40300,MERGE,TRUE,FI08811-40300,"model.gehl-ctl70, model.gehl-ctl75, model.gehl-ctl80, model.gehl-ctl85, model.mustang-mtl20, model.mustang-mtl25, model.mustang-mtl320, model.mustang-mtl325, model.takeuchi-tl10, model.takeuchi-tl12, model.takeuchi-tl12v2, model.takeuchi-tl140, model.takeuchi-tl150, model.takeuchi-tl240, model.takeuchi-tl250"
fi172-2100,MERGE,TRUE,FI172-2100,"model.cat-303-5, model.cat-303-cr"
fi226-4049,MERGE,TRUE,FI226-4049,"model.cat-301-5, model.cat-301-8"
fi240-6304,MERGE,TRUE,FI240-6304,model.cat-304-5
fi241-5973,MERGE,TRUE,FI241-5973,"model.cat-304, model.cat-304-5, model.cat-304cr, model.cat-305-5, model.cat-305-cr, model.cat-306cr"
fi267-4813,MERGE,TRUE,FI267-4813,"model.cat-304c-cr, model.cat-305-5d-cr, model.cat-305-5e-cr, model.cat-305-5e2-cr, model.cat-305c-cr, model.cat-305e-cr"
fi267-4829,MERGE,TRUE,FI267-4829,"model.cat-303-5-cr, model.cat-303-5ccr, model.cat-303-5d-cr, model.cat-303c-cr, model.cat-304e-cr"
fi2674829,MERGE,TRUE,FI2674829,"model.cat-303-5ccr, model.cat-303-5d-cr, model.cat-303-5e-cr, model.cat-303c-cr, model.cat-304d-cr, model.cat-304e-cr"
fi271005,MERGE,TRUE,FI271005,"model.gehl-rt165, model.gehl-rt175, model.gehl-rt185, model.gehl-rt210, model.gehl-rt215, model.gehl-rt250, model.gehl-rt255, model.gehl-vt320, model.mustang-1650rt, model.mustang-1750-rt, model.mustang-2100rt, model.mustang-2150rt, model.mustang-2500rt, model.yanmar-t175, model.yanmar-t210"
fi304-1878,MERGE,TRUE,FI304-1878,"model.cat-255, model.cat-259b3, model.cat-259d, model.cat-259d3, model.cat-269c, model.cat-279c, model.cat-279c2, model.cat-279d, model.cat-289c, model.cat-289c2, model.cat-289d, model.cat-289d3, model.cat-299c, model.cat-299d, model.cat-299d-xhp, model.cat-299d2, model.cat-299d2-xhp, model.cat-299d3, model.cat-299d3-xe"
fi348-9647,MERGE,TRUE,FI348-9647,"model.cat-259b3, model.cat-259d, model.cat-259d3, model.cat-279d, model.cat-289c, model.cat-289d, model.cat-289d3, model.cat-299c, model.cat-299d, model.cat-299d-xhp, model.cat-299d2, model.cat-299d2-xhp, model.cat-299d3, model.cat-299d3-xe"
fi420-9803,MERGE,TRUE,FI420-9803,"model.cat-239d, model.cat-239d3, model.cat-249d, model.cat-249d3"
fi6698048,MERGE,TRUE,FI6698048,"model.bobcat-t750, model.bobcat-t770, model.bobcat-t870"
fi6732902,MERGE,TRUE,FI6732902,"model.bobcat-864, model.bobcat-864g, model.bobcat-t140, model.bobcat-t180, model.bobcat-t190, model.bobcat-t200, model.bobcat-t250, model.bobcat-t300, model.bobcat-t320, model.bobcat-t550, model.bobcat-t590, model.bobcat-t630, model.bobcat-t650, model.bobcat-t750, model.bobcat-t770, model.bobcat-t870"
fi6815125,MERGE,TRUE,FI6815125,"model.bobcat-337, model.bobcat-341, model.bobcat-435, model.bobcat-e45, model.bobcat-e50, model.bobcat-e55"
fi7109408,MERGE,TRUE,FI7109408,"model.bobcat-mt50, model.bobcat-mt52, model.bobcat-mt55, model.bobcat-mt85"
fi7199074,MERGE,TRUE,FI7199074,"model.bobcat-325, model.bobcat-329, model.bobcat-331, model.bobcat-331e, model.bobcat-334, model.bobcat-425, model.bobcat-428, model.bobcat-e32, model.bobcat-e32i, model.bobcat-e35, model.bobcat-e35i, model.bobcat-e35z, model.bobcat-e42, model.doosan-dx35-5"
fi7202053,MERGE,TRUE,FI7202053,"model.bobcat-e45, model.bobcat-e50, model.bobcat-e55"
fi7229101,MERGE,TRUE,FI7229101,"model.bobcat-t590, model.bobcat-t595, model.bobcat-t62, model.bobcat-t64, model.bobcat-t66"
fi7240006,MERGE,TRUE,FI7240006,"model.bobcat-t630, model.bobcat-t650, model.bobcat-t740, model.bobcat-t750, model.bobcat-t76, model.bobcat-t770, model.bobcat-t86"
fi7276595,MERGE,TRUE,FI7276595,"model.bobcat-t870, model.case-tv620b, model.new-holland-c362"
fi7355129,MERGE,TRUE,FI7355129,model.bobcat-t870
fi87535298,MERGE,TRUE,FI87535298,"model.case-420ct, model.case-440ct, model.case-445ct, model.case-450ct, model.case-tr270, model.case-tr270b, model.case-tr310, model.case-tr310b, model.case-tr320, model.case-tr340, model.case-tr340b, model.case-tv370b, model.case-tv380, model.case-tv450, model.case-tv450b, model.new-holland-c175, model.new-holland-c180, model.new-holland-c185, model.new-holland-c190, model.new-holland-c227, model.new-holland-c232, model.new-holland-c234, model.new-holland-c237, model.new-holland-c238, model.new-holland-c245, model.new-holland-c327, model.new-holland-c332, model.new-holland-c334, model.new-holland-c337, model.new-holland-c345, model.new-holland-lt175b, model.new-holland-lt185b, model.new-holland-lt190b"
fi9132562,MERGE,TRUE,FI9132562,model.john-deere-26g
fi9237507,MERGE,TRUE,FI9237507,"model.hitachi-zx40u-2, model.hitachi-zx50u-2, model.hitachi-zx50u-3, model.john-deere-50d, model.komatsu-pc-45mr-1, model.komatsu-pc-58uu-3, model.komatsu-pc45mr-3, model.komatsu-pc50mr-2, model.komatsu-pc55mr-3"
fi9269094,MERGE,TRUE,FI9269094,"model.hitachi-zx35u-5, model.john-deere-27d, model.john-deere-30g, model.john-deere-35d, model.john-deere-35g"
fi9312918,MERGE,TRUE,FI9312918,"model.hitachi-zx17u, model.john-deere-17d, model.john-deere-17g"
fi9318048,MERGE,TRUE,FI9318048,"model.hitachi-zx50u-3, model.hitachi-zx50u-5, model.john-deere-50d, model.john-deere-50g, model.john-deere-50p"
fica1379,MERGE,TRUE,FICA1379,"model.case-tr270, model.case-tr270b, model.case-tr310, model.case-tr310b, model.case-tr320, model.case-tr340, model.case-tr340b, model.case-tv370, model.case-tv370b, model.case-tv380, model.case-tv450, model.case-tv450b, model.new-holland-c185, model.new-holland-c227, model.new-holland-c232, model.new-holland-c234, model.new-holland-c237, model.new-holland-c238, model.new-holland-c245, model.new-holland-c327, model.new-holland-c332, model.new-holland-c334, model.new-holland-c337, model.new-holland-c345"
fiid2076,MERGE,TRUE,FIID2076,"model.jcb-150t, model.jcb-205t, model.jcb-215t, model.jcb-225t-eco, model.jcb-260t, model.jcb-260t-eco, model.jcb-270t-eco, model.jcb-300t, model.jcb-320t-eco, model.jcb-3ts-8t, model.john-deere-317g, model.john-deere-319d, model.john-deere-319e, model.john-deere-323d, model.john-deere-323e, model.john-deere-325g, model.john-deere-329d, model.john-deere-329e, model.john-deere-333d, model.john-deere-333e, model.john-deere-ct322, model.john-deere-ct332, model.volvo-mct110c, model.volvo-mct125c, model.volvo-mct135c, model.volvo-mct145c, model.volvo-mct85c"
fipx52d00028f1,MERGE,TRUE,FIPX52D00028F1,"model.case-cx31b, model.case-cx36b, model.new-holland-e-35sr"
fira231-21300,MERGE,TRUE,FIRA231-21300,"model.kubota-kx018-4, model.kubota-kx41-3, model.kubota-u-15, model.kubota-u17"
firc348-21302,MERGE,TRUE,FIRC348-21302,"model.kubota-kx-61-2, model.kubota-kx-61-3, model.kubota-kx-71-2, model.kubota-kx030-4, model.kubota-kx71-3, model.kubota-kx71-3s, model.kubota-kx91-2, model.kubota-u-25-3, model.kubota-u25, model.kubota-u27-4"
firc461-21300,MERGE,TRUE,FIRC461-21300,"model.kubota-kx-101-3, model.kubota-kx91-3, model.kubota-u-30-3, model.kubota-u-35-3, model.kubota-u35-4"
fird118-21300,MERGE,TRUE,FIRD118-21300,"model.kubota-kx033-4, model.kubota-kx040-4, model.kubota-kx121-3"
fird411-22303,MERGE,TRUE,FIRD411-22303,"model.kubota-kx057-4, model.kubota-kx161-3, model.kubota-kx161-3s, model.kubota-u-45-3, model.kubota-u55-4"
fiv0211-22102,MERGE,TRUE,FIV0211-22102,"model.kubota-svl65-2, model.kubota-svl75-3"
fiv0611-22100,MERGE,TRUE,FIV0611-22100,"model.kubota-svl75, model.kubota-svl75-2, model.kubota-svl90, model.kubota-svl90-2, model.kubota-svl95-2, model.kubota-svl95-2s, model.kubota-svl97-2"
rr06813-00024,MERGE,TRUE,RR06813-00024,"model.takeuchi-tl10v2, model.takeuchi-tl6r, model.takeuchi-tl8r2"
rr06914-00032,MERGE,TRUE,RR06914-00032,model.takeuchi-tl12r2
rr08801-35600,MERGE,TRUE,RR08801-35600,"model.gehl-ctl60, model.gehl-ctl65, model.mustang-mtl16, model.mustang-mtl316, model.takeuchi-tl130, model.takeuchi-tl230, model.takeuchi-tl230-2, model.takeuchi-tl8"
rr08811-31300,MERGE,TRUE,RR08811-31300,"model.gehl-ctl70, model.gehl-ctl75, model.gehl-ctl80, model.gehl-ctl85, model.mustang-mtl20, model.mustang-mtl25, model.mustang-mtl320, model.mustang-mtl325, model.takeuchi-tl10, model.takeuchi-tl12, model.takeuchi-tl12r2, model.takeuchi-tl12v2, model.takeuchi-tl140, model.takeuchi-tl150, model.takeuchi-tl240, model.takeuchi-tl250"
rr275574,MERGE,TRUE,RR275574,"model.gehl-rt165, model.gehl-rt175, model.gehl-rt185, model.gehl-rt210, model.gehl-rt215, model.gehl-rt250, model.gehl-rt255, model.gehl-vt320, model.mustang-1650rt, model.mustang-1750-rt, model.mustang-2100rt, model.mustang-2500rt, model.yanmar-t175, model.yanmar-t210"
rr304-1894,MERGE,TRUE,RR304-1894,"model.cat-259b3, model.cat-259d, model.cat-259d3, model.cat-269c, model.cat-279c, model.cat-279c2, model.cat-279d, model.cat-289c, model.cat-289c2, model.cat-289d, model.cat-289d3, model.cat-299c, model.cat-299d, model.cat-299d-xhp, model.cat-299d2, model.cat-299d2-xhp, model.cat-299d3, model.cat-299d3-xe"
rr6697933,MERGE,TRUE,RR6697933,"model.bobcat-t550, model.bobcat-t590, model.bobcat-t630, model.bobcat-t650, model.bobcat-t750, model.bobcat-t770"
rr6698049,MERGE,TRUE,RR6698049,model.bobcat-t870
rr6732903,MERGE,TRUE,RR6732903,"model.bobcat-864, model.bobcat-864g, model.bobcat-t140, model.bobcat-t180, model.bobcat-t190, model.bobcat-t200, model.bobcat-t250, model.bobcat-t300, model.bobcat-t320, model.bobcat-t550, model.bobcat-t590, model.bobcat-t630, model.bobcat-t650, model.bobcat-t750, model.bobcat-t770"
rr7233630,MERGE,TRUE,RR7233630,"model.bobcat-t550, model.bobcat-t590, model.bobcat-t595, model.bobcat-t62, model.bobcat-t630, model.bobcat-t64, model.bobcat-t650, model.bobcat-t66, model.bobcat-t740, model.bobcat-t750, model.bobcat-t76, model.bobcat-t770"
rr7276596,MERGE,TRUE,RR7276596,model.bobcat-t870
rr87535299,MERGE,TRUE,RR87535299,"model.case-420ct, model.case-440ct, model.case-445ct, model.case-450ct, model.case-tr270, model.case-tr270b, model.case-tr310, model.case-tr320, model.case-tr340, model.case-tr340b, model.case-tv370, model.case-tv370b, model.case-tv380, model.case-tv450, model.case-tv450b, model.new-holland-c175, model.new-holland-c180, model.new-holland-c185, model.new-holland-c190, model.new-holland-c227, model.new-holland-c232, model.new-holland-c234, model.new-holland-c237, model.new-holland-c238, model.new-holland-c245, model.new-holland-c327, model.new-holland-c332, model.new-holland-c334, model.new-holland-c337, model.new-holland-c345, model.new-holland-lt175b, model.new-holland-lt185b, model.new-holland-lt190b"
rrat493209,MERGE,TRUE,RRAT493209,model.john-deere-317g
rrv0211-24100,MERGE,TRUE,RRV0211-24100,model.kubota-svl65-2
rrv0511-24103,MERGE,TRUE,RRV0511-24103,"model.kubota-svl75, model.kubota-svl75-2, model.kubota-svl90, model.kubota-svl90-2, model.kubota-svl95-2, model.kubota-svl95-2s, model.kubota-svl97-2"
rrv0531-24103,MERGE,TRUE,RRV0531-24103,model.kubota-svl75-3
sp02616-03100,MERGE,TRUE,SP02616-03100,"model.takeuchi-tb045, model.takeuchi-tb145, model.takeuchi-tb153fr, model.takeuchi-tb250, model.takeuchi-tb53fr"
sp03516-08210,MERGE,TRUE,SP03516-08210,"model.takeuchi-tb230, model.takeuchi-tb240"
sp04216-00100,MERGE,TRUE,SP04216-00100,model.takeuchi-tb216
sp04316-10100,MERGE,TRUE,SP04316-10100,"model.takeuchi-tb125, model.takeuchi-tb228, model.takeuchi-tb230, model.takeuchi-tb235"
sp04710-00600,MERGE,TRUE,SP04710-00600,"model.takeuchi-tb035, model.takeuchi-tb135, model.takeuchi-tb138fr"
sp05616-15100,MERGE,TRUE,SP05616-15100,"model.takeuchi-tb175, model.takeuchi-tb180fr"
sp06816-00009,MERGE,TRUE,SP06816-00009,"model.takeuchi-tl10v2, model.takeuchi-tl6r, model.takeuchi-tl8r2"
sp06916-00011,MERGE,TRUE,SP06916-00011,"model.takeuchi-tl12r2, model.takeuchi-tl12v2"
sp08801-66210,MERGE,TRUE,SP08801-66210,"model.gehl-ctl60, model.gehl-ctl65, model.mustang-mtl16, model.mustang-mtl316, model.takeuchi-tl130, model.takeuchi-tl230, model.takeuchi-tl230-2, model.takeuchi-tl8"
sp08811-60110,MERGE,TRUE,SP08811-60110,"model.gehl-ctl70, model.gehl-ctl75, model.gehl-ctl80, model.gehl-ctl85, model.mustang-mtl20, model.mustang-mtl25, model.mustang-mtl320, model.mustang-mtl325, model.takeuchi-tl10, model.takeuchi-tl12, model.takeuchi-tl12v2, model.takeuchi-tl140, model.takeuchi-tl150, model.takeuchi-tl240, model.takeuchi-tl250"
sp08821-60010,MERGE,TRUE,SP08821-60010,"model.gehl-ctl70, model.mustang-mtl20, model.takeuchi-tl140"
sp1032265,MERGE,TRUE,SP1032265,"model.hitachi-zx35u-5, model.john-deere-27d, model.john-deere-30g, model.john-deere-35d, model.john-deere-35g, model.john-deere-35p, model.komatsu-pc27mr, model.komatsu-pc27mr-2, model.komatsu-pc27mr-3, model.komatsu-pc30mr-3, model.komatsu-pc35mr-2, model.komatsu-pc35mr-3"
sp1033840,MERGE,TRUE,SP1033840,"model.john-deere-75g, model.john-deere-85g"
sp130-9326,MERGE,TRUE,SP130-9326,"model.cat-308-cr, model.cat-308c-cr, model.cat-308c-sr"
sp158-4795,MERGE,TRUE,SP158-4795,"model.cat-304, model.cat-304-5, model.cat-304c-cr, model.cat-304cr, model.cat-304d-cr, model.cat-305-5, model.cat-305-cr, model.cat-305dcr, model.cat-305e-cr, model.cat-306cr"
sp2039666,MERGE,TRUE,SP2039666,"model.hitachi-zx35u, model.john-deere-35d, model.john-deere-35zts, model.kubota-u35"
sp2043505,MERGE,TRUE,SP2043505,model.john-deere-27zts
sp2050708,MERGE,TRUE,SP2050708,"model.hitachi-ex50u, model.john-deere-50zts"
sp2054155,MERGE,TRUE,SP2054155,"model.john-deere-60d, model.john-deere-60g"
sp2054262,MERGE,TRUE,SP2054262,model.john-deere-26g
sp2054978,MERGE,TRUE,SP2054978,"model.hitachi-zx50u-2, model.hitachi-zx50u-3, model.hitachi-zx50u-5, model.john-deere-50d, model.john-deere-50g, model.john-deere-50p, model.komatsu-pc45mr-3, model.komatsu-pc50mr-2, model.komatsu-pc55mr-3"
sp2056268,MERGE,TRUE,SP2056268,"model.john-deere-17d, model.john-deere-17g"
sp2404n267,MERGE,TRUE,SP2404N267,model.kobelco-sk85cs
sp264-5371,MERGE,TRUE,SP264-5371,"model.cat-303-5-cr, model.cat-303-5ccr, model.cat-303-5d-cr, model.cat-303-5e-cr, model.cat-303c-cr, model.cat-304e-cr"
sp304-1870,MERGE,TRUE,SP304-1870,"model.cat-239d, model.cat-239d3, model.cat-249d, model.cat-249d3, model.cat-255, model.cat-259b3, model.cat-259d, model.cat-259d3"
sp304-1916,MERGE,TRUE,SP304-1916,"model.cat-269c, model.cat-279c, model.cat-279c2, model.cat-279d, model.cat-289c, model.cat-289c2, model.cat-289d, model.cat-289d3, model.cat-299c, model.cat-299d, model.cat-299d-xhp, model.cat-299d2, model.cat-299d2-xhp, model.cat-299d3, model.cat-299d3-xe"
sp6715821,MERGE,TRUE,SP6715821,"model.bobcat-864, model.bobcat-864g, model.bobcat-t200, model.bobcat-t250, model.bobcat-t300"
sp6726052,MERGE,TRUE,SP6726052,"model.bobcat-t180, model.bobcat-t190"
sp6733211,MERGE,TRUE,SP6733211,model.bobcat-mt50
sp6736308,MERGE,TRUE,SP6736308,"model.bobcat-t180, model.bobcat-t190"
sp6813372,MERGE,TRUE,SP6813372,"model.bobcat-325, model.bobcat-329, model.bobcat-331, model.bobcat-331e, model.bobcat-334, model.bobcat-425, model.bobcat-428, model.bobcat-e35, model.case-cx33c, model.case-cx37c"
sp6816203,MERGE,TRUE,SP6816203,model.bobcat-320
sp6816209,MERGE,TRUE,SP6816209,"model.bobcat-337, model.bobcat-341, model.bobcat-435"
sp68621-14430,MERGE,TRUE,SP68621-14430,"model.kubota-kx-101, model.kubota-kx91-2"
sp7107228,MERGE,TRUE,SP7107228,"model.bobcat-mt52, model.bobcat-mt55"
sp7165109,MERGE,TRUE,SP7165109,"model.bobcat-864, model.bobcat-864g, model.bobcat-t200, model.bobcat-t250, model.bobcat-t300, model.bobcat-t320, model.bobcat-t590, model.bobcat-t630, model.bobcat-t650, model.bobcat-t740, model.bobcat-t750, model.bobcat-t770, model.bobcat-t870"
sp7165111,MERGE,TRUE,SP7165111,"model.bobcat-t140, model.bobcat-t180, model.bobcat-t190, model.bobcat-t590"
sp7166679,MERGE,TRUE,SP7166679,"model.bobcat-t140, model.bobcat-t180, model.bobcat-t190, model.bobcat-t550, model.bobcat-t590, model.bobcat-t630, model.bobcat-t650"
sp7196807,MERGE,TRUE,SP7196807,"model.bobcat-t300, model.bobcat-t630, model.bobcat-t650, model.bobcat-t740, model.bobcat-t750, model.bobcat-t770, model.bobcat-t870"
sp7199006,MERGE,TRUE,SP7199006,"model.bobcat-e26, model.bobcat-e32, model.bobcat-e32i, model.bobcat-e35, model.bobcat-e35i, model.bobcat-e35z, model.doosan-dx35-5"
sp7199007,MERGE,TRUE,SP7199007,model.bobcat-e42
sp7204050,MERGE,TRUE,SP7204050,"model.bobcat-t450, model.bobcat-t550, model.bobcat-t590, model.bobcat-t595"
sp7227421,MERGE,TRUE,SP7227421,"model.bobcat-t740, model.bobcat-t770, model.bobcat-t870"
sp7270159,MERGE,TRUE,SP7270159,"model.bobcat-t630, model.bobcat-t650, model.bobcat-t770"
sp87460888,MERGE,TRUE,SP87460888,"model.case-420ct, model.case-440ct, model.case-445ct, model.case-450ct, model.case-tr270, model.case-tr270b, model.case-tr310, model.case-tr310b, model.case-tr320, model.case-tr340, model.case-tr340b, model.case-tv370, model.case-tv370b, model.case-tv380, model.case-tv450, model.case-tv450b, model.gehl-rt215, model.gehl-rt250, model.gehl-rt255, model.gehl-vt320, model.mustang-2100rt, model.mustang-2150rt, model.new-holland-c175, model.new-holland-c180, model.new-holland-c185, model.new-holland-c190, model.new-holland-c227, model.new-holland-c232, model.new-holland-c234, model.new-holland-c237, model.new-holland-c238, model.new-holland-c245, model.new-holland-c327, model.new-holland-c332, model.new-holland-c334, model.new-holland-c337, model.new-holland-c345, model.new-holland-lt175b, model.new-holland-lt185b, model.new-holland-lt190b"
spadaptert190,MERGE,TRUE,SPADAPTERT190,"model.bobcat-t180, model.bobcat-t190"
spid2641,MERGE,TRUE,SPID2641,"model.john-deere-323d, model.john-deere-329d, model.john-deere-329e, model.john-deere-333d, model.john-deere-ct322, model.john-deere-ct332"
spid2711,MERGE,TRUE,SPID2711,"model.gehl-rt175, model.gehl-rt185, model.gehl-rt210, model.gehl-rt250, model.gehl-rt255, model.john-deere-319d, model.john-deere-323d, model.john-deere-323e, model.john-deere-329d, model.john-deere-ct322, model.john-deere-ct332, model.mustang-1750-rt, model.mustang-2100rt, model.mustang-2500rt, model.yanmar-t175, model.yanmar-t210"
sppv51d01001p1,MERGE,TRUE,SPPV51D01001P1,"model.case-cx36b, model.kobelco-sk35sr, model.new-holland-e-35sr, model.new-holland-eh-30b"
sppw53d01001p1,MERGE,TRUE,SPPW53D01001P1,"model.case-cx31, model.case-cx31b, model.case-cx36, model.case-cx36b, model.new-holland-eh35"
spra139-14430,MERGE,TRUE,SPRA139-14430,"model.kubota-k-008, model.kubota-k-008-3, model.kubota-k008-5"
sprb238-14430,MERGE,TRUE,SPRB238-14430,"model.kubota-kx018-4, model.kubota-kx41-3, model.kubota-u-15, model.kubota-u17"
sprb511-14432,MERGE,TRUE,SPRB511-14432,"model.kubota-u-25-3, model.kubota-u25, model.kubota-u27-4"
sprc417-14430,MERGE,TRUE,SPRC417-14430,"model.kubota-kx033-4, model.kubota-kx71-3, model.kubota-kx71-3s, model.kubota-kx91-3, model.kubota-u-25-3, model.kubota-u25, model.kubota-u35, model.kubota-u35-4"
sprd118-14433,MERGE,TRUE,SPRD118-14433,"model.kubota-kx040-4, model.kubota-kx121-2, model.kubota-kx121-2s, model.kubota-kx121-3"
sprd411-14432,MERGE,TRUE,SPRD411-14432,"model.kubota-kx057-4, model.kubota-kx057-5, model.kubota-kx161-3, model.kubota-kx161-3s, model.kubota-u-45-3, model.kubota-u45s, model.kubota-u48-5, model.kubota-u55, model.kubota-u55-4, model.kubota-u55-5"
sprd809-14433,MERGE,TRUE,SPRD809-14433,"model.kubota-kx080-3, model.kubota-kx080-4"
spt254141,MERGE,TRUE,SPT254141,"model.john-deere-319d, model.john-deere-319e, model.john-deere-323d, model.john-deere-323e, model.john-deere-325g, model.john-deere-329d, model.john-deere-329e, model.john-deere-331g, model.john-deere-333d, model.john-deere-333e, model.john-deere-333g"
spt349306,MERGE,TRUE,SPT349306,model.john-deere-317g
spv0511-21110,MERGE,TRUE,SPV0511-21110,"model.kubota-svl65-2, model.kubota-svl75, model.kubota-svl75-2, model.kubota-svl75-3"
spv0611-21112,MERGE,TRUE,SPV0611-21112,"model.kubota-svl90, model.kubota-svl90-2, model.kubota-svl95-2, model.kubota-svl95-2s, model.kubota-svl97-2"
tr03313-06100,MERGE,TRUE,TR03313-06100,model.takeuchi-tb135
tr03913-02100,MERGE,TRUE,TR03913-02100,"model.takeuchi-tb045, model.takeuchi-tb145, model.takeuchi-tb153fr, model.takeuchi-tb250, model.takeuchi-tb53fr"
tr04313-00500,MERGE,TRUE,TR04313-00500,"model.takeuchi-tb025, model.takeuchi-tb035"
tr04313-11100,MERGE,TRUE,TR04313-11100,"model.takeuchi-tb125, model.takeuchi-tb135, model.takeuchi-tb138fr, model.takeuchi-tb145, model.takeuchi-tb228, model.takeuchi-tb230, model.takeuchi-tb235, model.takeuchi-tb240"
tr05613-07100,MERGE,TRUE,TR05613-07100,"model.takeuchi-tb175, model.takeuchi-tb180fr, model.takeuchi-tb285, model.takeuchi-tb290, model.takeuchi-tb80fr"
tr06813-00027,MERGE,TRUE,TR06813-00027,"model.takeuchi-tl10v2, model.takeuchi-tl6r, model.takeuchi-tl8r2"
tr06913-00016,MERGE,TRUE,TR06913-00016,"model.takeuchi-tl12r2, model.takeuchi-tl12v2"
tr08801-30000,MERGE,TRUE,TR08801-30000,"model.gehl-ctl60, model.gehl-ctl65, model.mustang-mtl16, model.mustang-mtl316, model.takeuchi-tl130, model.takeuchi-tl230, model.takeuchi-tl230-2, model.takeuchi-tl8"
tr08811-30500,MERGE,TRUE,TR08811-30500,"model.gehl-ctl70, model.gehl-ctl75, model.gehl-ctl80, model.gehl-ctl85, model.mustang-mtl20, model.mustang-mtl25, model.mustang-mtl320, model.mustang-mtl325, model.takeuchi-tl10, model.takeuchi-tl12, model.takeuchi-tl12r2, model.takeuchi-tl12v2, model.takeuchi-tl140, model.takeuchi-tl150, model.takeuchi-tl240, model.takeuchi-tl250"
tr127-3806,MERGE,TRUE,TR127-3806,"model.cat-307, model.cat-308, model.cat-308-cr, model.cat-308c-sr, model.cat-308e-cr, model.cat-308e2-cr"
tr127-3807,MERGE,TRUE,TR127-3807,"model.cat-307, model.cat-308, model.cat-308-cr, model.cat-308c-sr, model.cat-308e-cr, model.cat-308e2-cr"
tr139-6261,MERGE,TRUE,TR139-6261,"model.cat-301-5, model.cat-301-8"
tr185-7280,MERGE,TRUE,TR185-7280,"model.cat-302-5, model.cat-303-5, model.cat-303-5ccr, model.cat-303-cr, model.cat-303c-cr"
tr201-30-00062,MERGE,TRUE,TR201-30-00062,model.komatsu-pc-60-5
tr201-30-00291,MERGE,TRUE,TR201-30-00291,"model.komatsu-pc78mr-6, model.komatsu-pc80mr, model.komatsu-pc88mr-6"
tr20m-30-31301,MERGE,TRUE,TR20M-30-31301,"model.komatsu-pc05, model.komatsu-pc05-7, model.komatsu-pc07, model.komatsu-pc15r"
tr20t-30-00071,MERGE,TRUE,TR20T-30-00071,model.komatsu-pc50uu-1
tr265-7674,MERGE,TRUE,TR265-7674,"model.cat-304c-cr, model.cat-305-5d-cr, model.cat-305-5e-cr, model.cat-305-5e2, model.cat-305-5e2-cr, model.cat-305c-cr, model.cat-305dcr, model.cat-305e-cr"
tr266-8793,MERGE,TRUE,TR266-8793,"model.cat-302-5c, model.cat-303-5-cr, model.cat-303-5ccr, model.cat-303-5d-cr, model.cat-303-5e-cr, model.cat-303c-cr, model.cat-303ecr, model.cat-304d-cr, model.cat-304e-cr"
tr304-1890,MERGE,TRUE,TR304-1890,"model.cat-255, model.cat-259b3, model.cat-259d, model.cat-259d3, model.cat-269c, model.cat-279c, model.cat-279c2, model.cat-279d, model.cat-289c, model.cat-289c2, model.cat-289d, model.cat-289d3, model.cat-299c, model.cat-299d, model.cat-299d-xhp, model.cat-299d2, model.cat-299d2-xhp, model.cat-299d3, model.cat-299d3-xe"
tr340-8957,MERGE,TRUE,TR340-8957,"model.cat-304, model.cat-304-5, model.cat-304cr, model.cat-305-5, model.cat-305-cr, model.cat-305e-cr, model.cat-306cr"
tr37b-22-11860,MERGE,TRUE,TR37B-22-11860,"model.komatsu-ck35, model.komatsu-ck35-1"
tr420-9801,MERGE,TRUE,TR420-9801,"model.cat-239d, model.cat-239d3, model.cat-249d, model.cat-249d3"
tr4340393,MERGE,TRUE,TR4340393,"model.hitachi-ex12, model.hitachi-ex5, model.hitachi-zx17u, model.hitachi-zx17u-5, model.john-deere-17d, model.john-deere-17g"
tr4340535,MERGE,TRUE,TR4340535,"model.case-cx20b, model.case-cx22b, model.case-cx27b, model.case-cx31, model.case-cx31b, model.case-cx36b, model.hitachi-ex35-1, model.hitachi-zx35u, model.hitachi-zx35u-5, model.john-deere-26g, model.john-deere-27d, model.john-deere-30g, model.john-deere-35d, model.john-deere-35g, model.john-deere-35zts, model.kobelco-sk35sr, model.komatsu-pc20-7, model.komatsu-pc27mr-2, model.komatsu-pc27mr-3, model.komatsu-pc27r-8, model.komatsu-pc30mr-3, model.komatsu-pc30r-8, model.komatsu-pc35mr-2, model.komatsu-pc35mr-3, model.new-holland-e-35-2sr, model.new-holland-e-35sr, model.new-holland-e30c, model.new-holland-eh-27b"
tr4357785,MERGE,TRUE,TR4357785,"model.hitachi-zx50u, model.john-deere-50zts"
tr4671711,MERGE,TRUE,TR4671711,"model.john-deere-60d, model.john-deere-60g"
tr6689371,MERGE,TRUE,TR6689371,"model.bobcat-864, model.bobcat-t190, model.bobcat-t200, model.bobcat-t590, model.bobcat-t650, model.bobcat-t740, model.bobcat-t750, model.bobcat-t770, model.ditch-witch-sk3000"
tr6693239,MERGE,TRUE,TR6693239,"model.bobcat-t180, model.bobcat-t190, model.bobcat-t250, model.bobcat-t320, model.bobcat-t550, model.bobcat-t590, model.bobcat-t630, model.bobcat-t650, model.bobcat-t750, model.bobcat-t770"
tr6698047,MERGE,TRUE,TR6698047,model.bobcat-t870
tr6732901b,MERGE,TRUE,TR6732901B,"model.bobcat-864, model.bobcat-t140, model.bobcat-t180, model.bobcat-t190, model.bobcat-t200, model.bobcat-t250, model.bobcat-t300, model.bobcat-t320, model.bobcat-t550, model.bobcat-t590, model.bobcat-t595, model.bobcat-t630, model.bobcat-t650, model.bobcat-t730, model.bobcat-t740, model.bobcat-t750, model.bobcat-t770"
tr6814886am,MERGE,TRUE,TR6814886AM,"model.bobcat-325, model.bobcat-329, model.bobcat-331, model.bobcat-331e, model.bobcat-334, model.bobcat-e26"
tr6814890,MERGE,TRUE,TR6814890,"model.bobcat-337, model.bobcat-341"
tr7004933,MERGE,TRUE,TR7004933,model.bobcat-e80
tr7013575,MERGE,TRUE,TR7013575,"model.bobcat-331, model.bobcat-334, model.bobcat-e26, model.bobcat-e32, model.bobcat-e32i, model.bobcat-e35, model.bobcat-e35i, model.bobcat-e35z, model.bobcat-e42"
tr7013577,MERGE,TRUE,TR7013577,"model.bobcat-337, model.bobcat-341, model.bobcat-435, model.bobcat-e45, model.bobcat-e50, model.bobcat-e55"
tr7013577s,MERGE,TRUE,TR7013577S,"model.bobcat-337, model.bobcat-341"
tr7019167,MERGE,TRUE,TR7019167,"model.bobcat-325, model.bobcat-329, model.bobcat-331, model.bobcat-331e, model.bobcat-334, model.bobcat-425, model.bobcat-e26"
tr7109409,MERGE,TRUE,TR7109409,"model.bobcat-mt50, model.bobcat-mt52, model.bobcat-mt55, model.bobcat-mt85"
tr7165324,MERGE,TRUE,TR7165324,"model.bobcat-e08, model.bobcat-e10, model.bobcat-x418"
tr7201400,MERGE,TRUE,TR7201400,model.bobcat-t450
tr7233399,MERGE,TRUE,TR7233399,"model.bobcat-t550, model.bobcat-t595"
tr7257870,MERGE,TRUE,TR7257870,"model.bobcat-e26, model.new-holland-e25sr"
tr7323310,MERGE,TRUE,TR7323310,"model.bobcat-t870, model.case-tv620b, model.new-holland-c362"
tr772450-37300,MERGE,TRUE,TR772450-37300,model.yanmar-vio35-6a
tr87535297,MERGE,TRUE,TR87535297,"model.case-420ct, model.case-440ct, model.case-445ct, model.case-450ct, model.case-tr270, model.case-tr270b, model.case-tr310, model.case-tr310b, model.case-tr320, model.case-tr340, model.case-tr340b, model.case-tv370, model.case-tv370b, model.case-tv380, model.case-tv450, model.case-tv450b, model.jcb-1110t, model.jcb-180t, model.jcb-190t, model.jcb-190t-eco, model.new-holland-c175, model.new-holland-c180, model.new-holland-c185, model.new-holland-c190, model.new-holland-c227, model.new-holland-c232, model.new-holland-c234, model.new-holland-c237, model.new-holland-c238, model.new-holland-c245, model.new-holland-c327, model.new-holland-c332, model.new-holland-c334, model.new-holland-c337, model.new-holland-c345, model.new-holland-lt175b, model.new-holland-lt185b, model.new-holland-lt190b"
tr9239528,MERGE,TRUE,TR9239528,"model.hitachi-zx50u-2, model.hitachi-zx50u-3, model.hitachi-zx50u-5, model.john-deere-50d, model.john-deere-50g, model.komatsu-pc45mr-3, model.komatsu-pc50mr-2"
tr9239528s,MERGE,TRUE,TR9239528S,model.john-deere-50d
trid2802,MERGE,TRUE,TRID2802,"model.gehl-rt165, model.gehl-rt175, model.gehl-rt185, model.gehl-rt210, model.gehl-rt215, model.gehl-rt250, model.gehl-rt255, model.gehl-vt320, model.jcb-150t, model.jcb-205t, model.jcb-215t, model.jcb-225t-eco, model.jcb-260t, model.jcb-260t-eco, model.jcb-270t-eco, model.jcb-300t, model.jcb-320t-eco, model.jcb-3ts-8t, model.john-deere-317g, model.john-deere-319d, model.john-deere-319e, model.john-deere-323d, model.john-deere-323e, model.john-deere-325g, model.john-deere-329d, model.john-deere-329e, model.john-deere-331g, model.john-deere-333d, model.john-deere-333e, model.john-deere-333g, model.john-deere-ct322, model.john-deere-ct332, model.komatsu-ck30-1, model.komatsu-ck35-1, model.mustang-1650rt, model.mustang-2100rt, model.mustang-2150rt, model.mustang-2500rt, model.volvo-mct110c, model.volvo-mct125c, model.volvo-mct135c, model.volvo-mct145c, model.volvo-mct85c"
trkm1273,MERGE,TRUE,TRKM1273,"model.komatsu-pc20-2, model.komatsu-pc20-7"
trkm1690,MERGE,TRUE,TRKM1690,model.komatsu-pc-60-5
trkm1690-a,MERGE,TRUE,TRKM1690-A,"model.komatsu-pc-60-5, model.sany-sy80u"
trlk328,MERGE,TRUE,TRLK328,"model.john-deere-75g, model.john-deere-85g"
trmu5178,MERGE,TRUE,TRMU5178,"model.jcb-805, model.jcb-8052, model.jcb-8060, model.new-holland-ec45"
trpy64d00002f3,MERGE,TRUE,TRPY64D00002F3,"model.case-cx50b, model.new-holland-e-50b"
trra231-21700,MERGE,TRUE,TRRA231-21700,model.kubota-u17
trrb511-21702,MERGE,TRUE,TRRB511-21702,"model.kubota-kx-101-3, model.kubota-kx-61-3, model.kubota-kx71-3, model.kubota-kx71-3s, model.kubota-kx91-3, model.kubota-u-25-3, model.kubota-u-30-3, model.kubota-u-35-3, model.kubota-u25, model.kubota-u27-4, model.kubota-u35"
trrc788-21700,MERGE,TRUE,TRRC788-21700,"model.kubota-kx033-4, model.kubota-u-35-3, model.kubota-u35-4"
trrd118-21700,MERGE,TRUE,TRRD118-21700,"model.kubota-kx040-4, model.kubota-kx121-3"
trrd201-21700,MERGE,TRUE,TRRD201-21700,model.kubota-kx161-2
trrd411-21700,MERGE,TRUE,TRRD411-21700,"model.kubota-kx057-4, model.kubota-kx161-3, model.kubota-kx161-3s, model.kubota-u-45-3, model.kubota-u55-4"
trrd411-21703,MERGE,TRUE,TRRD411-21703,"model.kubota-kx057-4, model.kubota-kx057-5, model.kubota-kx161-3, model.kubota-kx161-3s, model.kubota-u-45, model.kubota-u45s, model.kubota-u48-5, model.kubota-u55, model.kubota-u55-5"
trrd441-21702,MERGE,TRUE,TRRD441-21702,model.kubota-kx057-4
trrd809-21703,MERGE,TRUE,TRRD809-21703,"model.kubota-kx080-3, model.kubota-kx080-4"
trrg158-21700,MERGE,TRUE,TRRG158-21700,model.kubota-kx018-4
trv0511-25104,MERGE,TRUE,TRV0511-25104,"model.kubota-svl65-2, model.kubota-svl75, model.kubota-svl75-2, model.kubota-svl90, model.kubota-svl90-2, model.kubota-svl95-2, model.kubota-svl95-2s, model.kubota-svl97-2"
trv0531-25102,MERGE,TRUE,TRV0531-25102,model.kubota-svl75-3
